Epoch,Batch,Region_Loss,GPU_Memory_Allocated
1,1,2.0311172008514404,1.1136984825134277
1,2,1.946317195892334,1.111557960510254
1,3,1.7193177938461304,1.110856056213379
1,4,2.306034564971924,1.110428810119629
1,5,1.9210251569747925,1.1140036582946777
1,6,1.6488286256790161,1.1058835983276367
1,7,1.9203459024429321,1.1058835983276367
1,8,1.9014111757278442,1.1058835983276367
1,9,1.6627970933914185,1.1190705299377441
1,10,1.6239045858383179,1.1105232238769531
1,11,1.6413387060165405,1.1116523742675781
1,12,1.841141700744629,1.1149802207946777
1,13,1.6380290985107422,1.1156210899353027
1,14,1.7315292358398438,1.100755214691162
1,15,1.7186713218688965,1.1057004928588867
1,16,1.630624771118164,1.1156210899353027
1,17,1.5014208555221558,1.1156210899353027
1,18,1.5451749563217163,1.1190705299377441
1,19,1.4952887296676636,1.1158347129821777
1,20,1.4494318962097168,1.1210236549377441
1,21,1.5015894174575806,1.1138191223144531
1,22,1.6310611963272095,1.1138191223144531
1,23,1.3572033643722534,1.1179099082946777
1,24,1.47197425365448,1.1060056686401367
1,25,1.394722819328308,1.1060056686401367
1,26,1.4253699779510498,1.1060056686401367
1,27,1.3231910467147827,1.1207795143127441
1,28,1.4305965900421143,1.1176047325134277
1,29,1.3791130781173706,1.0980076789855957
1,30,1.2871674299240112,1.1146736145019531
1,31,1.3073002099990845,1.1060056686401367
1,32,1.5161155462265015,1.1140022277832031
1,33,1.3933147192001343,1.1210236549377441
1,34,1.335095763206482,1.1138191223144531
1,35,1.495099425315857,1.1060056686401367
1,36,1.5437244176864624,1.1060056686401367
1,37,1.5774734020233154,1.1140022277832031
1,38,1.3268719911575317,1.1060056686401367
1,39,1.219534158706665,1.1140022277832031
1,40,1.4808675050735474,1.1179099082946777
1,41,1.3033185005187988,1.1184592247009277
1,42,1.3299506902694702,1.1147346496582031
1,43,1.4407374858856201,1.1207795143127441
1,44,1.3962218761444092,1.1060056686401367
1,45,1.4114261865615845,1.1207795143127441
1,46,1.498029112815857,1.1207795143127441
1,47,1.236780047416687,1.1207795143127441
1,48,1.3290133476257324,1.1176047325134277
1,49,1.4577730894088745,1.1146125793457031
1,50,1.2943120002746582,1.1058835983276367
1,51,1.3446934223175049,1.1146736145019531
1,52,1.406798005104065,1.1179099082946777
1,53,1.412721037864685,1.1210236549377441
1,54,1.3492271900177002,1.1174826622009277
1,55,1.3288582563400269,1.1174826622009277
1,56,1.240502119064331,1.1138801574707031
1,57,1.366142749786377,1.1147346496582031
1,58,1.441123604774475,1.1060056686401367
1,59,1.3694719076156616,1.1207795143127441
1,60,1.2893580198287964,1.1140022277832031
1,61,1.308653473854065,1.115464210510254
1,62,1.3357876539230347,1.1169333457946777
1,63,1.394912600517273,1.1147346496582031
1,64,1.5081707239151,1.1174826622009277
1,65,1.485649585723877,1.1168723106384277
1,66,1.198746681213379,1.1168723106384277
1,67,1.3633919954299927,1.1130256652832031
1,68,1.2975890636444092,1.1060056686401367
1,69,1.361323595046997,1.1140022277832031
1,70,1.2494491338729858,1.1210236549377441
1,71,1.1497457027435303,1.1060056686401367
1,72,1.4397832155227661,1.1158957481384277
1,73,1.373435378074646,1.099534511566162
1,74,1.5232280492782593,1.1176047325134277
1,75,1.442826509475708,1.1174826622009277
1,76,1.3645676374435425,1.1138801574707031
1,77,1.4138513803482056,1.1174826622009277
1,78,1.4121862649917603,1.1168723106384277
1,79,1.4633753299713135,1.1130256652832031
1,80,1.3902517557144165,1.1207795143127441
1,81,1.289757251739502,1.1174826622009277
1,82,1.459295392036438,1.1174826622009277
1,83,1.4231810569763184,1.1060056686401367
1,84,1.4311772584915161,1.1060056686401367
1,85,1.3646831512451172,1.1167502403259277
1,86,1.3538349866867065,1.1174826622009277
1,87,1.3742988109588623,1.1066770553588867
1,88,1.4035016298294067,1.0980076789855957
1,89,1.3178081512451172,1.1174826622009277
1,90,1.4328992366790771,1.1210236549377441
1,91,1.295655608177185,1.1138191223144531
1,92,1.3233075141906738,1.1212677955627441
1,93,1.4539246559143066,1.1174826622009277
1,94,1.3758206367492676,1.1174826622009277
1,95,1.2526850700378418,1.1138801574707031
1,96,1.2830091714859009,1.0980076789855957
1,97,1.4376320838928223,1.1060056686401367
1,98,1.2193659543991089,1.0980076789855957
1,99,1.391054630279541,1.1146736145019531
1,100,1.3023573160171509,1.1212677955627441
1,101,1.2324284315109253,1.1210236549377441
1,102,1.293981671333313,1.0925102233886719
1,103,1.2865066528320312,1.1174826622009277
1,104,1.27823805809021,1.1060056686401367
1,105,1.4025784730911255,1.1167502403259277
1,106,1.152506947517395,1.1138801574707031
1,107,1.2057149410247803,1.1147346496582031
1,108,1.4114781618118286,1.100755214691162
1,109,1.3803560733795166,1.1063079833984375
1,110,1.3346179723739624,1.1167502403259277
1,111,1.2756389379501343,1.1174826622009277
1,112,1.3744324445724487,1.1138801574707031
1,113,1.454468846321106,1.0980076789855957
1,114,1.3065253496170044,1.099534511566162
1,115,1.4377622604370117,1.1174826622009277
1,116,1.2198948860168457,1.1210236549377441
1,117,1.4497398138046265,1.1210236549377441
1,118,1.1929898262023926,1.1060056686401367
1,119,1.2161511182785034,1.1158957481384277
1,120,1.3023074865341187,1.1210236549377441
1,121,1.3218740224838257,1.1174826622009277
1,122,1.38421630859375,1.1147346496582031
1,123,1.4095923900604248,1.1207795143127441
1,124,1.3179608583450317,1.1174826622009277
1,125,1.2812628746032715,1.1210236549377441
1,126,1.3187973499298096,1.1210236549377441
1,127,1.2979241609573364,1.1174826622009277
1,128,1.2190525531768799,1.1174826622009277
1,129,1.3414952754974365,1.1210236549377441
1,130,1.272513747215271,1.1166281700134277
1,131,1.1914331912994385,1.1166281700134277
1,132,1.3682377338409424,1.1166281700134277
1,133,1.365141749382019,1.1146125793457031
1,134,1.4322024583816528,1.1160788536071777
1,135,1.1541132926940918,1.1149482727050781
1,136,1.272207498550415,1.1149482727050781
1,137,1.2944997549057007,1.1176047325134277
1,138,1.381902813911438,1.1066770553588867
1,139,1.2021708488464355,1.1167502403259277
1,140,1.3644709587097168,1.1138801574707031
1,141,1.27286958694458,1.1176047325134277
1,142,1.3299349546432495,1.1060056686401367
1,143,1.2591503858566284,1.1167502403259277
1,144,1.3839811086654663,1.1174826622009277
1,145,1.2180557250976562,1.1174826622009277
1,146,1.464388370513916,1.1066770553588867
1,147,1.442708969116211,1.1060056686401367
1,148,1.3214163780212402,1.1167502403259277
1,149,1.1655290126800537,1.1138801574707031
1,150,1.1368931531906128,1.1060056686401367
1,151,1.3693010807037354,1.1167502403259277
1,152,1.3136780261993408,1.1066770553588867
1,153,1.2668354511260986,1.1140022277832031
1,154,1.2971992492675781,1.1210236549377441
1,155,1.312301516532898,1.099534511566162
1,156,1.2512178421020508,1.1146736145019531
1,157,1.2764261960983276,1.1212677955627441
1,158,1.2686415910720825,1.1138191223144531
1,159,1.368220567703247,1.1169333457946777
1,160,1.2899956703186035,1.099534511566162
1,161,1.319493055343628,1.1060056686401367
1,162,1.2585647106170654,1.1140022277832031
1,163,1.2446739673614502,1.114609718322754
1,164,1.167955756187439,1.114609718322754
1,165,1.396066665649414,1.1212677955627441
1,166,1.1425859928131104,1.1210236549377441
1,167,1.224433422088623,1.1174826622009277
1,168,1.2099555730819702,1.099534511566162
1,169,1.3041791915893555,1.1176047325134277
1,170,1.331462025642395,1.099534511566162
1,171,1.4369930028915405,1.099534511566162
1,172,1.4343565702438354,1.1174826622009277
1,173,1.5502899885177612,1.1147346496582031
1,174,1.3137884140014648,1.1060056686401367
1,175,1.2205671072006226,1.1167502403259277
1,176,1.2480442523956299,1.1210236549377441
1,177,1.2656490802764893,1.1141242980957031
1,178,1.4713678359985352,1.115464210510254
1,179,1.3032699823379517,1.1169333457946777
1,180,1.2789411544799805,1.1210236549377441
1,181,1.3362187147140503,1.1174826622009277
1,182,1.3544540405273438,1.1174826622009277
1,183,1.2869967222213745,1.1174826622009277
1,184,1.300894856452942,1.1138801574707031
1,185,1.2856347560882568,1.1147346496582031
1,186,1.3333120346069336,1.1147346496582031
1,187,1.2959030866622925,1.100755214691162
1,188,1.3148101568222046,1.1140022277832031
1,189,1.3521084785461426,1.099534511566162
1,190,1.2394676208496094,1.1210236549377441
1,191,1.34098482131958,1.0980076789855957
1,192,1.2543954849243164,1.1174826622009277
1,193,1.3391315937042236,1.1210236549377441
1,194,1.3708913326263428,1.1060056686401367
1,195,1.3992276191711426,1.1158957481384277
1,196,1.1929585933685303,1.1210236549377441
1,197,1.3759206533432007,1.1060056686401367
1,198,1.2933381795883179,1.1140022277832031
1,199,1.324854850769043,1.115464210510254
1,200,1.4062930345535278,1.1060056686401367
1,201,1.3058958053588867,1.1140022277832031
1,202,1.3358964920043945,1.1169333457946777
1,203,1.2648292779922485,1.1174826622009277
1,204,1.3287404775619507,1.1060056686401367
1,205,1.4336552619934082,1.1140022277832031
1,206,1.3041613101959229,1.1169333457946777
1,207,1.3419522047042847,1.1147346496582031
1,208,1.2937079668045044,1.1174826622009277
1,209,1.2754428386688232,1.1147041320800781
1,210,1.2864512205123901,1.1207795143127441
1,211,1.2290825843811035,1.0980076789855957
1,212,1.3335106372833252,1.1060056686401367
1,213,1.2385259866714478,1.1060056686401367
1,214,1.2929695844650269,1.1060056686401367
1,215,1.2529808282852173,1.1207795143127441
1,216,1.2817846536636353,1.1166281700134277
1,217,1.231985092163086,1.1058835983276367
1,218,1.3466445207595825,1.1158957481384277
1,219,1.2750606536865234,1.1210236549377441
1,220,1.286921501159668,1.1060056686401367
1,221,1.2983001470565796,1.1158957481384277
1,222,1.42041015625,1.099534511566162
1,223,1.2949901819229126,1.1056394577026367
1,224,1.1598130464553833,1.1207795143127441
1,225,1.2120604515075684,1.1207795143127441
1,226,1.3681609630584717,1.1138191223144531
1,227,1.325217604637146,1.1060056686401367
1,228,1.2183735370635986,1.1207795143127441
1,229,1.2477372884750366,1.1140022277832031
1,230,1.24286687374115,1.115464210510254
1,231,1.1754848957061768,1.1212677955627441
1,232,1.2193456888198853,1.1060056686401367
1,233,1.2425352334976196,1.1060056686401367
1,234,1.3046445846557617,1.1158957481384277
1,235,1.3015767335891724,1.1138801574707031
1,236,1.1935875415802002,1.1174826622009277
1,237,1.4624242782592773,1.1168723106384277
1,238,1.3455994129180908,1.1168723106384277
1,239,1.3869456052780151,1.1168723106384277
1,240,1.271328091621399,1.1168723106384277
1,241,1.235875129699707,1.1210236549377441
1,242,1.2275229692459106,1.1166281700134277
1,243,1.3511536121368408,1.1166281700134277
1,244,1.192337989807129,1.1216950416564941
1,245,1.326516032218933,1.1216950416564941
1,246,1.2909133434295654,1.1144905090332031
1,247,1.3275902271270752,1.1144905090332031
1,248,1.2192546129226685,1.1212677955627441
1,249,1.1763173341751099,1.1210236549377441
1,250,1.2142741680145264,1.1174826622009277
1,251,1.2300066947937012,1.1174826622009277
1,252,1.354129672050476,1.1138801574707031
1,253,1.4499682188034058,1.1060056686401367
1,254,1.4455842971801758,1.1060056686401367
1,255,1.4179381132125854,1.1167502403259277
1,256,1.2979238033294678,1.099534511566162
1,257,1.232358455657959,1.1146736145019531
1,258,1.2703794240951538,1.1212677955627441
1,259,1.1899574995040894,1.1210236549377441
1,260,1.3646137714385986,1.1060056686401367
1,261,1.3078469038009644,1.1158957481384277
1,262,1.2250601053237915,1.1210236549377441
1,263,1.3854807615280151,1.1138191223144531
1,264,1.2066915035247803,1.1169333457946777
1,265,1.3925830125808716,1.1174826622009277
1,266,1.2706025838851929,1.1210236549377441
1,267,1.2957072257995605,1.1141242980957031
1,268,1.3521212339401245,1.1174826622009277
1,269,1.4156389236450195,1.1174826622009277
1,270,1.3981013298034668,1.1174826622009277
1,271,1.3581068515777588,1.1138801574707031
1,272,1.2986944913864136,1.1147346496582031
1,273,1.4163384437561035,1.100755214691162
1,274,1.31039297580719,1.1140022277832031
1,275,1.2481040954589844,1.114609718322754
1,276,1.353814721107483,1.1169333457946777
1,277,1.390975832939148,1.1147346496582031
1,278,1.3435742855072021,1.100755214691162
1,279,1.2906979322433472,1.1140022277832031
1,280,1.286357045173645,1.1060056686401367
1,281,1.2801421880722046,1.1167502403259277
1,282,1.2030444145202637,1.1210236549377441
1,283,1.4118597507476807,1.1210236549377441
1,284,1.4718165397644043,1.1166281700134277
1,285,1.2423901557922363,1.1216950416564941
1,286,1.2656384706497192,1.1066770553588867
1,287,1.2551697492599487,1.1140022277832031
1,288,1.3347055912017822,1.1169333457946777
1,289,1.2429481744766235,1.1147346496582031
1,290,1.252217411994934,1.1060056686401367
1,291,1.3962552547454834,1.1207795143127441
1,292,1.3544727563858032,1.1207795143127441
1,293,1.2373828887939453,1.1056394577026367
1,294,1.2691009044647217,1.1166281700134277
1,295,1.416115641593933,1.1174826622009277
1,296,1.4124470949172974,1.1174826622009277
1,297,1.3104475736618042,1.1210236549377441
1,298,1.1046357154846191,1.1166281700134277
1,299,1.2470065355300903,1.099534511566162
1,300,1.2909190654754639,1.1176047325134277
1,301,1.2428339719772339,1.1060056686401367
1,302,1.2075456380844116,1.1060056686401367
1,303,1.2898460626602173,1.1140022277832031
1,304,1.2441928386688232,1.115464210510254
1,305,1.1991758346557617,1.114609718322754
1,306,1.3269188404083252,1.100755214691162
1,307,1.1025569438934326,1.1140022277832031
1,308,1.2969385385513306,1.1210236549377441
1,309,1.275012493133545,1.1210236549377441
1,310,1.3070861101150513,1.1138191223144531
1,311,1.3805712461471558,1.1060056686401367
1,312,1.1533925533294678,1.100755214691162
1,313,1.2147362232208252,1.1063079833984375
1,314,1.410919189453125,1.1167502403259277
1,315,1.3289332389831543,1.1174826622009277
1,316,1.3238327503204346,1.1066770553588867
1,317,1.240493893623352,1.1167502403259277
1,318,1.1453368663787842,1.1168723106384277
1,319,1.5138267278671265,1.1168723106384277
1,320,1.3480552434921265,1.1130256652832031
1,321,1.3864187002182007,1.100755214691162
1,322,1.2138620615005493,1.1174826622009277
1,323,1.2657725811004639,1.1147346496582031
1,324,1.1248350143432617,1.1147346496582031
1,325,1.3221763372421265,1.1207795143127441
1,326,1.2532185316085815,1.099534511566162
1,327,1.198468565940857,1.1207795143127441
1,328,1.2201037406921387,1.1207795143127441
1,329,1.405964970588684,1.1207795143127441
1,330,1.3456203937530518,1.1138191223144531
1,331,1.3628498315811157,1.1169333457946777
1,332,1.3172345161437988,1.1060056686401367
1,333,1.1407811641693115,1.1140022277832031
1,334,1.2445811033248901,1.1169333457946777
1,335,1.2702354192733765,1.1174826622009277
1,336,1.2510745525360107,1.1174826622009277
1,337,1.4326175451278687,1.1138801574707031
1,338,1.4166538715362549,1.1147346496582031
1,339,1.314947247505188,1.1147346496582031
1,340,1.1460317373275757,1.1147346496582031
1,341,1.4718955755233765,1.1174826622009277
1,342,1.1774957180023193,1.1168723106384277
1,343,1.2043445110321045,1.1066770553588867
1,344,1.1640496253967285,1.1140022277832031
1,345,1.245624303817749,1.115464210510254
1,346,1.1512044668197632,1.1212677955627441
1,347,1.4298642873764038,1.1210236549377441
1,348,1.1863903999328613,1.1138191223144531
1,349,1.305828332901001,1.1169333457946777
1,350,1.2851930856704712,1.1147346496582031
1,351,1.121287226676941,1.1174826622009277
1,352,1.1482599973678589,1.1210236549377441
1,353,1.3607393503189087,1.1141242980957031
1,354,1.212464451789856,1.115464210510254
1,355,1.2598260641098022,1.114609718322754
1,356,1.263054370880127,1.114609718322754
1,357,1.251792073249817,1.1169333457946777
1,358,1.2623789310455322,1.1174826622009277
1,359,1.3033307790756226,1.1210236549377441
1,360,1.270326852798462,1.1166281700134277
1,361,1.263390064239502,1.1146125793457031
1,362,1.2915537357330322,1.1148262023925781
1,363,1.2949635982513428,1.1058835983276367
1,364,1.3331310749053955,1.1158957481384277
1,365,1.4193888902664185,1.099534511566162
1,366,1.2089241743087769,1.1176047325134277
1,367,1.2677369117736816,1.1174826622009277
1,368,1.3059760332107544,1.099534511566162
1,369,1.298563838005066,1.1176047325134277
1,370,1.5753611326217651,1.1147346496582031
1,371,1.339684247970581,1.1207795143127441
1,372,1.3535985946655273,1.1207795143127441
1,373,1.2575758695602417,1.1174826622009277
1,374,1.262780785560608,1.099534511566162
1,375,1.366990566253662,1.1210236549377441
1,376,1.245328664779663,1.1174826622009277
1,377,1.1757781505584717,1.1174826622009277
1,378,1.290360450744629,1.1210236549377441
1,379,1.2238943576812744,1.1141242980957031
1,380,1.1924951076507568,1.115464210510254
1,381,1.348413348197937,1.114609718322754
1,382,1.0388593673706055,1.1060056686401367
1,383,1.288726806640625,1.1207795143127441
1,384,1.314194917678833,1.1166281700134277
1,385,1.1913210153579712,1.1166281700134277
1,386,1.2282519340515137,1.1216950416564941
1,387,1.0800849199295044,1.1066770553588867
1,388,1.2048327922821045,1.1066770553588867
1,389,1.3662039041519165,1.1066770553588867
1,390,1.2798480987548828,1.1158957481384277
1,391,1.2580660581588745,1.1066770553588867
1,392,1.199471116065979,1.1140022277832031
1,393,1.1149952411651611,1.1210236549377441
1,394,1.3030304908752441,1.099534511566162
1,395,1.2049390077590942,1.1174826622009277
1,396,1.2621866464614868,1.1210236549377441
1,397,1.2026112079620361,1.1060056686401367
1,398,1.3692067861557007,1.1158957481384277
1,399,1.2572473287582397,1.1174826622009277
1,400,1.2153632640838623,1.1138801574707031
1,401,1.2320500612258911,1.1147346496582031
1,402,1.189967393875122,1.1207795143127441
1,403,1.347270131111145,1.1174826622009277
1,404,1.3817596435546875,1.1174826622009277
1,405,1.1656413078308105,1.1174826622009277
1,406,1.1464580297470093,1.1174826622009277
1,407,1.2111176252365112,1.1174826622009277
1,408,1.1966274976730347,1.1174826622009277
1,409,1.1266993284225464,1.1138801574707031
1,410,1.4363179206848145,1.1147346496582031
1,411,1.1885331869125366,1.1147346496582031
1,412,1.29264497756958,1.1147346496582031
1,413,1.2788110971450806,1.1207795143127441
1,414,1.2666651010513306,1.1207795143127441
1,415,1.3118659257888794,1.1207795143127441
1,416,1.3502146005630493,1.1138191223144531
1,417,1.2465815544128418,1.1212677955627441
1,418,1.2335671186447144,1.1138191223144531
1,419,1.2017890214920044,1.1138191223144531
1,420,1.2843804359436035,1.1169333457946777
1,421,1.3248729705810547,1.0980076789855957
1,422,1.2210155725479126,1.1146736145019531
1,423,1.2575052976608276,1.1146736145019531
1,424,1.2655980587005615,1.1138191223144531
1,425,1.2379623651504517,1.1060056686401367
1,426,1.2972811460494995,1.100755214691162
1,427,1.0624250173568726,1.1140022277832031
1,428,1.3133527040481567,1.1169333457946777
1,429,1.1569241285324097,1.0980076789855957
1,430,1.311738133430481,1.1174826622009277
1,431,1.3221806287765503,1.1147346496582031
1,432,1.3066641092300415,1.1147346496582031
1,433,1.1649482250213623,1.1174826622009277
1,434,1.1711972951889038,1.1168723106384277
1,435,1.20967698097229,1.1210236549377441
1,436,1.3939180374145508,1.1166281700134277
1,437,1.2603840827941895,1.1216950416564941
1,438,1.2552134990692139,1.1144905090332031
1,439,1.2220556735992432,1.1169333457946777
1,440,1.3311837911605835,1.1210236549377441
1,441,1.372376799583435,1.1138191223144531
1,442,1.2011107206344604,1.1169333457946777
1,443,1.275797724723816,1.1147346496582031
1,444,1.435630440711975,1.1207795143127441
1,445,1.2738863229751587,1.1138191223144531
1,446,1.155190110206604,1.1212677955627441
1,447,1.2594101428985596,1.1174826622009277
1,448,1.1956777572631836,1.1210236549377441
1,449,1.219913125038147,1.1166281700134277
1,450,1.2832986116409302,1.1166281700134277
1,451,1.259204387664795,1.1166281700134277
1,452,1.1719216108322144,1.1216950416564941
1,453,1.36262845993042,1.1181540489196777
1,454,1.2577755451202393,1.1181540489196777
1,455,1.4658671617507935,1.1066770553588867
1,456,1.1721266508102417,1.1140022277832031
1,457,1.224478840827942,1.1169333457946777
1,458,1.3139854669570923,1.1210236549377441
1,459,1.244804859161377,1.1174826622009277
1,460,1.349050521850586,1.1210236549377441
1,461,1.3272558450698853,1.1210236549377441
1,462,1.2467491626739502,1.1138191223144531
1,463,1.099893569946289,1.1169333457946777
1,464,1.1348826885223389,1.1060056686401367
1,465,1.2552293539047241,1.100755214691162
1,466,1.2724454402923584,1.1174826622009277
1,467,1.3083624839782715,1.1174826622009277
1,468,1.2665929794311523,1.1138801574707031
1,469,1.3120392560958862,1.1147346496582031
1,470,1.2886857986450195,1.1207795143127441
1,471,1.0625638961791992,1.1174826622009277
1,472,1.2536665201187134,1.099534511566162
1,473,1.3426645994186401,1.1210236549377441
1,474,1.4693914651870728,1.1138191223144531
1,475,1.1476789712905884,1.1138191223144531
1,476,1.4512096643447876,1.100755214691162
1,477,1.2743791341781616,1.1063079833984375
1,478,1.1987553834915161,1.1138191223144531
1,479,1.1949715614318848,1.1212677955627441
1,480,1.205020546913147,1.1138191223144531
1,481,1.28594172000885,1.1169333457946777
1,482,1.2708359956741333,1.1060056686401367
1,483,1.2512123584747314,1.1140022277832031
1,484,1.2111456394195557,1.1210236549377441
1,485,1.1520650386810303,1.099534511566162
1,486,1.120121955871582,1.1146736145019531
1,487,1.2306463718414307,1.1146736145019531
1,488,1.1992077827453613,1.1169333457946777
1,489,1.1688836812973022,1.1174826622009277
1,490,1.0881739854812622,1.1138801574707031
1,491,1.2591629028320312,1.1147346496582031
1,492,1.3559563159942627,1.1207795143127441
1,493,1.2232964038848877,1.1138191223144531
1,494,1.1471041440963745,1.1212677955627441
1,495,1.138320803642273,1.1174826622009277
1,496,1.189383625984192,1.1174826622009277
1,497,1.3562945127487183,1.1210236549377441
1,498,1.2591665983200073,1.1210236549377441
1,499,1.1274888515472412,1.1141242980957031
1,500,1.4244500398635864,1.115464210510254
1,501,1.1915310621261597,1.1169333457946777
1,502,1.286367416381836,1.1060056686401367
1,503,1.2566437721252441,1.1140022277832031
1,504,1.1561156511306763,1.1210236549377441
1,505,1.2161184549331665,1.1174826622009277
1,506,1.2781968116760254,1.1174826622009277
1,507,1.10813307762146,1.1174826622009277
1,508,1.2180691957473755,1.1174826622009277
1,509,1.2590935230255127,1.1174826622009277
1,510,1.1412395238876343,1.1210236549377441
1,511,1.3155088424682617,1.1166281700134277
1,512,1.31927490234375,1.1058835983276367
1,513,1.2433749437332153,1.1146736145019531
1,514,1.3227157592773438,1.1169333457946777
1,515,1.2232431173324585,1.099534511566162
1,516,1.264813780784607,1.1174826622009277
1,517,1.2234333753585815,1.1210236549377441
1,518,1.155287265777588,1.1138191223144531
1,519,1.1489697694778442,1.0980076789855957
1,520,1.1954288482666016,1.0980076789855957
1,521,1.2221453189849854,1.1207795143127441
1,522,1.1954970359802246,1.1207795143127441
1,523,1.3483790159225464,1.1174826622009277
1,524,1.179290533065796,1.1147346496582031
1,525,1.2743030786514282,1.1174826622009277
1,526,1.1355106830596924,1.1147041320800781
1,527,1.2833709716796875,1.1207795143127441
1,528,1.161615252494812,1.1174826622009277
1,529,1.0767695903778076,1.1060056686401367
1,530,1.1149725914001465,1.1207795143127441
1,531,1.2431000471115112,1.1140022277832031
1,532,1.3150030374526978,1.1060056686401367
1,533,1.2391430139541626,1.1140022277832031
1,534,1.2983511686325073,1.1169333457946777
1,535,1.1854504346847534,1.1210236549377441
1,536,1.4284363985061646,1.1174826622009277
1,537,1.0064043998718262,1.1174826622009277
1,538,1.2509621381759644,1.1174826622009277
1,539,1.2438724040985107,1.1174826622009277
1,540,1.1677745580673218,1.0980076789855957
1,541,1.2528482675552368,1.1174826622009277
1,542,1.2333792448043823,1.1210236549377441
1,543,1.2450331449508667,1.1174826622009277
1,544,1.2154520750045776,1.1174826622009277
1,545,1.0729073286056519,1.1138801574707031
1,546,1.2544969320297241,1.1147346496582031
1,547,1.1349738836288452,1.1174826622009277
1,548,1.2305163145065308,1.1138801574707031
1,549,1.275622844696045,1.1174826622009277
1,550,1.2495269775390625,1.1138801574707031
1,551,1.1333705186843872,1.1147346496582031
1,552,1.3168281316757202,1.1147346496582031
1,553,1.2073640823364258,1.1207795143127441
1,554,1.2903425693511963,1.1174826622009277
1,555,1.3971409797668457,1.1147346496582031
1,556,1.2513861656188965,1.1174826622009277
1,557,1.232356071472168,1.1168723106384277
1,558,1.014488697052002,1.1130256652832031
1,559,1.2513196468353271,1.1060056686401367
1,560,1.18758225440979,1.1207795143127441
1,561,1.335484504699707,1.1140022277832031
1,562,1.3155900239944458,1.115464210510254
1,563,1.065615177154541,1.1212677955627441
1,564,1.140386700630188,1.099534511566162
1,565,1.3511145114898682,1.1060056686401367
1,566,1.1572977304458618,1.1158957481384277
1,567,1.371778964996338,1.1210236549377441
1,568,1.2192615270614624,1.1060056686401367
1,569,1.2642062902450562,1.1140022277832031
1,570,1.3607972860336304,1.1210236549377441
1,571,1.393972635269165,1.1138191223144531
1,572,1.174818515777588,1.1138191223144531
1,573,1.1384605169296265,1.100755214691162
1,574,1.4595553874969482,1.1207795143127441
1,575,1.2702256441116333,1.1174826622009277
1,576,1.1914048194885254,1.1174826622009277
1,577,1.3400464057922363,1.1174826622009277
1,578,1.1213390827178955,1.099534511566162
1,579,1.300881028175354,1.099534511566162
1,580,1.2430530786514282,1.1146736145019531
1,581,1.1873841285705566,1.1146736145019531
1,582,1.1220616102218628,1.1169333457946777
1,583,1.2084112167358398,1.1060056686401367
1,584,1.2131012678146362,1.1167502403259277
1,585,1.0180976390838623,1.1174826622009277
1,586,1.1085808277130127,1.1174826622009277
1,587,1.065273404121399,1.1174826622009277
1,588,1.293619990348816,1.1210236549377441
1,589,1.2040904760360718,1.1210236549377441
1,590,1.2195955514907837,1.1166281700134277
1,591,1.2804421186447144,1.1166281700134277
1,592,1.104541301727295,1.1146125793457031
1,593,1.110818862915039,1.1160788536071777
1,594,1.3684828281402588,1.1168723106384277
1,595,1.1407926082611084,1.1168723106384277
1,596,1.19559907913208,1.1066770553588867
1,597,1.1826982498168945,1.1060056686401367
1,598,1.1973727941513062,1.100755214691162
1,599,1.0052613019943237,1.1174826622009277
1,600,1.0703953504562378,1.1060056686401367
1,601,1.1856966018676758,1.1140022277832031
1,602,1.1641037464141846,1.1210236549377441
1,603,1.3834105730056763,1.1210236549377441
1,604,1.1724696159362793,1.1174826622009277
1,605,1.2469838857650757,1.1147346496582031
1,606,1.190441608428955,1.1147346496582031
1,607,1.2478379011154175,1.1174826622009277
1,608,1.1345877647399902,1.1168723106384277
1,609,1.225120186805725,1.099534511566162
1,610,1.057495355606079,1.1146736145019531
1,611,1.016360878944397,1.1169333457946777
1,612,1.1845375299453735,1.1147346496582031
1,613,1.1595079898834229,1.1207795143127441
1,614,1.0903578996658325,1.1138191223144531
1,615,1.2302581071853638,1.1169333457946777
1,616,1.162777066230774,1.1174826622009277
1,617,1.2823995351791382,1.099534511566162
1,618,1.3090088367462158,1.1176047325134277
1,619,1.285717248916626,1.1147346496582031
1,620,1.2884727716445923,1.1207795143127441
1,621,1.0600913763046265,1.1207795143127441
1,622,1.1445585489273071,1.1207795143127441
1,623,1.2828595638275146,1.099534511566162
1,624,1.229798674583435,1.1207795143127441
1,625,1.1824696063995361,1.1138191223144531
1,626,1.245988130569458,1.1212677955627441
1,627,1.5344334840774536,1.1138191223144531
1,628,1.1849263906478882,1.100755214691162
1,629,1.2298039197921753,1.1174826622009277
1,630,1.1903849840164185,1.1210236549377441
1,631,1.242580533027649,1.1060056686401367
1,632,1.3109865188598633,1.1207795143127441
1,633,1.290013313293457,1.1207795143127441
1,634,1.3546521663665771,1.099534511566162
1,635,1.0969866514205933,1.1146736145019531
1,636,1.2840110063552856,1.1212677955627441
1,637,1.2282840013504028,1.1210236549377441
1,638,1.2944799661636353,1.1138191223144531
1,639,1.3844786882400513,1.1212677955627441
1,640,1.3255770206451416,1.1138191223144531
1,641,1.004883050918579,1.1169333457946777
1,642,1.248443365097046,1.1174826622009277
1,643,1.0684579610824585,1.1066770553588867
1,644,1.1803433895111084,1.1207795143127441
1,645,1.2012213468551636,1.1166281700134277
1,646,1.2686893939971924,1.1216950416564941
1,647,1.5051324367523193,1.1216950416564941
1,648,1.1496158838272095,1.1144905090332031
1,649,1.1142165660858154,1.1212677955627441
1,650,1.2472974061965942,1.1060056686401367
1,651,1.10020911693573,1.1158957481384277
1,652,1.2122700214385986,1.1138801574707031
1,653,1.2015639543533325,1.1147346496582031
1,654,1.1842628717422485,1.1147346496582031
1,655,1.1263446807861328,1.1174826622009277
1,656,1.1409060955047607,1.1138801574707031
1,657,1.1950188875198364,1.1147346496582031
1,658,1.1324236392974854,1.1174826622009277
1,659,1.1756324768066406,1.1138801574707031
1,660,1.124954104423523,1.1174826622009277
1,661,1.2357686758041382,1.1174826622009277
1,662,1.1786730289459229,1.1210236549377441
1,663,1.2693198919296265,1.1060056686401367
1,664,1.3407388925552368,1.1140022277832031
1,665,1.007999062538147,1.115464210510254
1,666,1.2017817497253418,1.114609718322754
1,667,1.3314778804779053,1.1212677955627441
1,668,1.2468963861465454,1.1174826622009277
1,669,1.2291171550750732,1.1138801574707031
1,670,1.2316632270812988,1.1147346496582031
1,671,1.2270925045013428,1.1147346496582031
1,672,1.1084952354431152,1.1174826622009277
1,673,1.1352624893188477,1.1210236549377441
1,674,1.3295403718948364,1.1141242980957031
1,675,1.0785940885543823,1.1060056686401367
1,676,1.2774367332458496,1.1140022277832031
1,677,1.179351806640625,1.0980076789855957
1,678,1.2986129522323608,1.1174826622009277
1,679,1.0755976438522339,1.1174826622009277
1,680,1.1454033851623535,1.1138801574707031
1,681,1.1544626951217651,1.1147346496582031
1,682,1.1479170322418213,1.1147346496582031
1,683,1.3157716989517212,1.1207795143127441
1,684,1.1472454071044922,1.1207795143127441
1,685,1.122324824333191,1.1207795143127441
1,686,1.1906859874725342,1.1174826622009277
1,687,1.1734116077423096,1.1210236549377441
1,688,1.1102657318115234,1.1060056686401367
1,689,1.0567715167999268,1.1207795143127441
1,690,1.3259683847427368,1.099534511566162
1,691,1.2650562524795532,1.1146736145019531
1,692,1.1191976070404053,1.1146736145019531
1,693,1.1744905710220337,1.1138191223144531
1,694,1.1677470207214355,1.1169333457946777
1,695,1.1907023191452026,1.1147346496582031
1,696,1.25407874584198,1.1207795143127441
1,697,1.1967734098434448,1.1174826622009277
1,698,1.128536581993103,1.1174826622009277
1,699,1.2792198657989502,1.1210236549377441
1,700,1.2367188930511475,1.1060056686401367
1,701,1.0548022985458374,1.1140022277832031
1,702,1.2365068197250366,1.1169333457946777
1,703,1.083917498588562,1.1147346496582031
1,704,1.1045302152633667,1.1060056686401367
1,705,1.228827714920044,1.1207795143127441
1,706,1.14223313331604,1.1166281700134277
1,707,1.2305846214294434,1.1216950416564941
1,708,1.232733964920044,1.1066770553588867
1,709,1.1727513074874878,1.1158957481384277
1,710,1.0667719841003418,1.1138801574707031
1,711,1.3676979541778564,1.1147346496582031
1,712,1.19546377658844,1.1174826622009277
1,713,1.3944615125656128,1.1138801574707031
1,714,1.1007554531097412,1.1174826622009277
1,715,1.0649827718734741,1.1174826622009277
1,716,1.29561448097229,1.1210236549377441
1,717,1.1378928422927856,1.1141242980957031
1,718,1.1072582006454468,1.115464210510254
1,719,1.3591117858886719,1.1212677955627441
1,720,1.1609132289886475,1.1210236549377441
1,721,1.1377989053726196,1.1060056686401367
1,722,1.2528777122497559,1.1140022277832031
1,723,1.206049919128418,1.1210236549377441
1,724,1.2159253358840942,1.1174826622009277
1,725,1.117990493774414,1.099534511566162
1,726,1.1965603828430176,1.1146736145019531
1,727,1.1058827638626099,1.1146736145019531
1,728,1.0950160026550293,1.1138191223144531
1,729,1.170721411705017,1.1169333457946777
1,730,1.140199899673462,1.1060056686401367
1,731,1.3660069704055786,1.1207795143127441
1,732,1.086962103843689,1.099534511566162
1,733,1.1910313367843628,1.1146736145019531
1,734,1.2270938158035278,1.1169333457946777
1,735,1.1343319416046143,1.1210236549377441
1,736,1.228559136390686,1.1174826622009277
1,737,1.2581087350845337,1.1210236549377441
1,738,1.0008958578109741,1.1138191223144531
1,739,0.9969956874847412,1.100755214691162
1,740,1.1563794612884521,1.1174826622009277
1,741,1.117874264717102,1.1060056686401367
1,742,1.1154282093048096,1.1060056686401367
1,743,1.2764986753463745,1.1158957481384277
1,744,1.182830572128296,1.1066770553588867
1,745,1.175160527229309,1.1060056686401367
1,746,1.3044202327728271,1.100755214691162
1,747,1.209671139717102,1.1174826622009277
1,748,1.2140053510665894,1.1060056686401367
1,749,1.044411540031433,1.1060056686401367
1,750,1.164756178855896,1.1207795143127441
1,751,1.2341712713241577,1.1140022277832031
1,752,1.248589277267456,1.1210236549377441
1,753,1.2543034553527832,1.1138191223144531
1,754,1.0386102199554443,1.1169333457946777
1,755,1.2284281253814697,1.1174826622009277
1,756,1.2920008897781372,1.1174826622009277
1,757,1.2065163850784302,1.1174826622009277
1,758,1.2751585245132446,1.1138801574707031
1,759,1.2446484565734863,1.1207795143127441
1,760,1.3649847507476807,1.1207795143127441
1,761,1.0564228296279907,1.1174826622009277
1,762,1.2363052368164062,1.1147346496582031
1,763,1.2192537784576416,1.1207795143127441
1,764,1.2400285005569458,1.1174826622009277
1,765,1.1099473237991333,1.1060056686401367
1,766,1.1116987466812134,1.1140022277832031
1,767,1.1723642349243164,1.1169333457946777
1,768,1.1864455938339233,1.1210236549377441
1,769,1.2613372802734375,1.1174826622009277
1,770,1.213301181793213,1.1174826622009277
1,771,1.0932419300079346,1.1210236549377441
1,772,1.0696998834609985,1.099534511566162
1,773,1.2183277606964111,1.1060056686401367
1,774,1.3100260496139526,1.1207795143127441
1,775,1.1296279430389404,1.1063079833984375
1,776,1.2166500091552734,1.1207795143127441
1,777,1.1641098260879517,1.1207795143127441
1,778,1.1402472257614136,1.1166281700134277
1,779,1.3414716720581055,1.1166281700134277
1,780,1.1601464748382568,1.1166281700134277
1,781,1.089921474456787,1.1166281700134277
1,782,1.2723175287246704,1.099534511566162
1,783,1.0306646823883057,1.1210236549377441
1,784,1.0696266889572144,1.1174826622009277
1,785,1.1202353239059448,1.1174826622009277
1,786,1.2298847436904907,1.0980076789855957
1,787,1.0519574880599976,1.1207795143127441
1,788,0.9978579878807068,1.1138191223144531
1,789,1.1286613941192627,1.1169333457946777
1,790,1.1814601421356201,1.1174826622009277
1,791,1.0766054391860962,1.1174826622009277
1,792,0.9735247492790222,1.1210236549377441
1,793,1.0079867839813232,1.1166281700134277
1,794,1.2453151941299438,1.1166281700134277
1,795,1.3094924688339233,1.1166281700134277
1,796,1.016266942024231,1.1146125793457031
1,797,1.1400243043899536,1.099534511566162
1,798,1.2026443481445312,1.1146736145019531
1,799,1.1652401685714722,1.1146736145019531
1,800,1.0697673559188843,1.1138191223144531
1,801,1.0559738874435425,1.1212677955627441
1,802,1.1255987882614136,1.1210236549377441
1,803,1.3430030345916748,1.1174826622009277
1,804,1.1296836137771606,1.1210236549377441
1,805,1.2543033361434937,1.1138191223144531
1,806,1.1608848571777344,1.1138191223144531
1,807,1.0729504823684692,1.1169333457946777
1,808,1.072333812713623,1.1174826622009277
1,809,1.341025710105896,1.1174826622009277
1,810,1.0813976526260376,1.1138801574707031
1,811,1.0505316257476807,1.100755214691162
1,812,1.0376914739608765,1.1174826622009277
1,813,1.148586630821228,1.1147346496582031
1,814,1.3930575847625732,1.1207795143127441
1,815,1.2960867881774902,1.1207795143127441
1,816,1.1912850141525269,1.1138191223144531
1,817,1.176542043685913,1.1169333457946777
1,818,1.2214748859405518,1.1147346496582031
1,819,1.0240613222122192,1.1207795143127441
1,820,1.0778926610946655,1.1174826622009277
1,821,1.084337592124939,1.1174826622009277
1,822,1.075025200843811,1.1174826622009277
1,823,1.060465931892395,1.1174826622009277
1,824,1.1085096597671509,1.1138801574707031
1,825,1.0058765411376953,1.1207795143127441
1,826,1.0521268844604492,1.1174826622009277
1,827,1.223081350326538,1.1174826622009277
1,828,1.0115667581558228,1.1138801574707031
1,829,1.0785763263702393,1.1147346496582031
1,830,0.9693155288696289,1.1174826622009277
1,831,1.3317487239837646,1.1168723106384277
1,832,1.054540991783142,1.1168723106384277
1,833,1.2854959964752197,1.1210236549377441
1,834,1.3344660997390747,1.1210236549377441
1,835,1.0383697748184204,1.099534511566162
1,836,1.158770203590393,1.1060056686401367
1,837,1.1432392597198486,1.1140022277832031
1,838,1.2294363975524902,1.1169333457946777
1,839,1.2388075590133667,1.1060056686401367
1,840,1.3119404315948486,1.1167502403259277
1,841,1.0763314962387085,1.1210236549377441
1,842,1.073129415512085,1.1166281700134277
1,843,1.3937314748764038,1.1166281700134277
1,844,1.2067164182662964,1.1058835983276367
1,845,1.1227854490280151,1.099534511566162
1,846,1.1516735553741455,1.1174826622009277
1,847,1.0076892375946045,1.1147346496582031
1,848,1.1442745923995972,1.1060056686401367
1,849,1.1518043279647827,1.1167502403259277
1,850,0.9626916646957397,1.1210236549377441
1,851,1.1865102052688599,1.099534511566162
1,852,1.0816090106964111,1.1174826622009277
1,853,1.0467884540557861,1.1147346496582031
1,854,1.1598376035690308,1.1174826622009277
1,855,1.3256744146347046,1.1168723106384277
1,856,1.0014190673828125,0.9775838851928711
2,1,1.159785509109497,1.1138191223144531
2,2,1.0641573667526245,1.1169333457946777
2,3,1.1923606395721436,1.1210236549377441
2,4,1.1392827033996582,1.1138191223144531
2,5,1.1222460269927979,1.100755214691162
2,6,1.1210637092590332,1.1174826622009277
2,7,1.2401838302612305,1.1174826622009277
2,8,1.229347586631775,1.1174826622009277
2,9,1.142956256866455,1.1060056686401367
2,10,1.2695668935775757,1.1167502403259277
2,11,1.1102421283721924,1.1066770553588867
2,12,1.194066047668457,1.1207795143127441
2,13,1.1458395719528198,1.1207795143127441
2,14,1.2581652402877808,1.1138191223144531
2,15,1.235292911529541,1.1060056686401367
2,16,1.1755635738372803,1.1167502403259277
2,17,1.2052358388900757,1.1174826622009277
2,18,1.1689817905426025,1.1174826622009277
2,19,1.0385627746582031,1.1210236549377441
2,20,1.1711167097091675,1.1141242980957031
2,21,0.9601160287857056,1.1174826622009277
2,22,1.30610990524292,1.1138801574707031
2,23,1.05685555934906,1.1207795143127441
2,24,1.1093449592590332,1.1174826622009277
2,25,1.206620216369629,1.1210236549377441
2,26,1.0664582252502441,1.1174826622009277
2,27,1.0902925729751587,1.1174826622009277
2,28,1.1436134576797485,1.1174826622009277
2,29,1.048982858657837,1.1138801574707031
2,30,1.0667152404785156,1.1147346496582031
2,31,0.9699294567108154,1.1060056686401367
2,32,1.152875304222107,1.1207795143127441
2,33,1.2222979068756104,1.1140022277832031
2,34,1.1770672798156738,1.115464210510254
2,35,1.1652919054031372,1.1212677955627441
2,36,0.9111310839653015,1.1174826622009277
2,37,1.0163297653198242,1.1174826622009277
2,38,1.0366170406341553,1.1060056686401367
2,39,1.0567548274993896,1.1167502403259277
2,40,1.1329526901245117,1.1174826622009277
2,41,1.199751615524292,1.1174826622009277
2,42,1.0400807857513428,1.1210236549377441
2,43,1.1055598258972168,1.1166281700134277
2,44,1.1209501028060913,1.1216950416564941
2,45,1.11888587474823,1.1216950416564941
2,46,1.0388479232788086,1.1181540489196777
2,47,0.9653099179267883,1.1181540489196777
2,48,1.0895851850509644,1.1216950416564941
2,49,1.125586986541748,1.0986790657043457
2,50,1.0716718435287476,1.1146736145019531
2,51,1.1088725328445435,1.1169333457946777
2,52,1.1695365905761719,1.099534511566162
2,53,1.0481290817260742,1.099534511566162
2,54,0.9885640144348145,1.1174826622009277
2,55,1.2518205642700195,1.1147346496582031
2,56,1.1190297603607178,1.1060056686401367
2,57,1.2302615642547607,1.1167502403259277
2,58,1.094752311706543,1.1210236549377441
2,59,0.9870938658714294,1.1141242980957031
2,60,1.0321940183639526,1.100755214691162
2,61,1.0319080352783203,1.1174826622009277
2,62,1.003293752670288,1.1174826622009277
2,63,1.0177170038223267,1.1174826622009277
2,64,1.1315209865570068,1.1174826622009277
2,65,1.1710357666015625,1.1138801574707031
2,66,0.9920128583908081,1.1147346496582031
2,67,1.2133126258850098,1.1060056686401367
2,68,1.1403926610946655,1.1060056686401367
2,69,1.201603651046753,1.1140022277832031
2,70,1.0856499671936035,1.1060056686401367
2,71,0.8666848540306091,1.1207795143127441
2,72,0.8655745387077332,1.1166281700134277
2,73,1.2559006214141846,1.1166281700134277
2,74,1.3364694118499756,1.1166281700134277
2,75,1.1460239887237549,1.1146125793457031
2,76,1.1725800037384033,1.099534511566162
2,77,1.4031660556793213,1.1176047325134277
2,78,1.1394649744033813,1.1174826622009277
2,79,1.0341553688049316,1.1174826622009277
2,80,1.1269516944885254,1.1174826622009277
2,81,1.0791528224945068,1.1210236549377441
2,82,1.1524103879928589,1.1210236549377441
2,83,1.1181904077529907,1.1141242980957031
2,84,1.2540310621261597,1.1207795143127441
2,85,1.0313172340393066,1.1174826622009277
2,86,1.127028465270996,1.1147346496582031
2,87,1.0158755779266357,1.1174826622009277
2,88,1.1527153253555298,1.1168723106384277
2,89,1.1574797630310059,1.1168723106384277
2,90,1.031923770904541,1.1130256652832031
2,91,1.2048802375793457,1.1147346496582031
2,92,1.1571013927459717,1.1060056686401367
2,93,1.2612255811691284,1.1167502403259277
2,94,1.0020606517791748,1.1066770553588867
2,95,1.2851463556289673,1.1167502403259277
2,96,1.1650007963180542,1.1066770553588867
2,97,1.0240514278411865,1.1207795143127441
2,98,1.2763458490371704,1.1166281700134277
2,99,1.1770391464233398,1.1146125793457031
2,100,1.1856383085250854,1.1210236549377441
2,101,1.1528706550598145,1.1138191223144531
2,102,1.2254037857055664,1.1169333457946777
2,103,1.0731003284454346,1.1210236549377441
2,104,1.016022801399231,1.1210236549377441
2,105,1.1008870601654053,1.1174826622009277
2,106,1.1383659839630127,1.1147346496582031
2,107,1.1107004880905151,1.1207795143127441
2,108,1.1718941926956177,1.1207795143127441
2,109,1.1190983057022095,1.1174826622009277
2,110,1.167853832244873,1.1147346496582031
2,111,1.1580065488815308,1.1207795143127441
2,112,1.118524432182312,1.1138191223144531
2,113,1.0278279781341553,1.1138191223144531
2,114,1.0947333574295044,1.1169333457946777
2,115,1.2900604009628296,1.1210236549377441
2,116,1.2916735410690308,1.1138191223144531
2,117,1.1031993627548218,1.1060056686401367
2,118,1.0718916654586792,1.0925102233886719
2,119,1.1437656879425049,1.1138191223144531
2,120,1.1560392379760742,1.1169333457946777
2,121,1.0518301725387573,1.1147346496582031
2,122,1.054118275642395,1.1060056686401367
2,123,1.1069880723953247,1.0980076789855957
2,124,1.1412564516067505,1.1146736145019531
2,125,1.2652400732040405,1.1146736145019531
2,126,1.1497538089752197,1.1138191223144531
2,127,1.1549885272979736,1.1060056686401367
2,128,1.0599693059921265,1.1060056686401367
2,129,1.0792253017425537,1.100755214691162
2,130,1.2468973398208618,1.1140022277832031
2,131,1.2550419569015503,1.114609718322754
2,132,1.1647882461547852,1.1212677955627441
2,133,1.0653884410858154,1.1138191223144531
2,134,1.0640157461166382,1.1138191223144531
2,135,1.1082470417022705,1.1138191223144531
2,136,1.0559601783752441,1.1169333457946777
2,137,1.0752909183502197,1.1174826622009277
2,138,1.1105903387069702,1.1174826622009277
2,139,1.0375597476959229,1.1066770553588867
2,140,1.0824034214019775,1.1140022277832031
2,141,0.8859617114067078,1.1060056686401367
2,142,1.049412488937378,1.1167502403259277
2,143,0.8970097899436951,1.1138801574707031
2,144,1.1708985567092896,1.1174826622009277
2,145,1.1187694072723389,1.1147041320800781
2,146,1.1108636856079102,1.1174826622009277
2,147,1.0954619646072388,1.1174826622009277
2,148,1.1906802654266357,1.1174826622009277
2,149,1.1195462942123413,1.1174826622009277
2,150,1.1975245475769043,1.1060056686401367
2,151,1.1170761585235596,1.1167502403259277
2,152,1.0748103857040405,1.1174826622009277
2,153,1.1035631895065308,1.1138801574707031
2,154,0.9891919493675232,1.1174826622009277
2,155,1.1014480590820312,1.1210236549377441
2,156,1.3186819553375244,1.1166281700134277
2,157,0.9596975445747375,1.1146125793457031
2,158,1.0992718935012817,1.1160788536071777
2,159,1.1804720163345337,1.1168723106384277
2,160,1.0693550109863281,1.1130256652832031
2,161,1.2339681386947632,1.1174826622009277
2,162,1.1050280332565308,1.1147041320800781
2,163,1.1279596090316772,1.1060056686401367
2,164,1.1158086061477661,1.1140022277832031
2,165,1.019994854927063,1.1060056686401367
2,166,1.0149587392807007,1.1167502403259277
2,167,0.9009954929351807,1.1174826622009277
2,168,0.9774521589279175,1.1210236549377441
2,169,0.957547128200531,1.1141242980957031
2,170,1.0788917541503906,1.115464210510254
2,171,1.1650469303131104,1.1212677955627441
2,172,1.0985738039016724,1.1210236549377441
2,173,1.2880228757858276,1.1174826622009277
2,174,1.143835186958313,1.1060056686401367
2,175,1.0503569841384888,1.1140022277832031
2,176,1.1390974521636963,1.115464210510254
2,177,1.045836091041565,1.1169333457946777
2,178,1.2352319955825806,1.1210236549377441
2,179,1.1129382848739624,1.1138191223144531
2,180,1.0887994766235352,1.1212677955627441
2,181,1.0847489833831787,1.1174826622009277
2,182,1.105055809020996,1.1138801574707031
2,183,1.227102518081665,1.1174826622009277
2,184,1.013878583908081,1.1168723106384277
2,185,1.1210414171218872,1.1168723106384277
2,186,1.227090835571289,1.1210236549377441
2,187,1.0944509506225586,1.1060056686401367
2,188,0.931567370891571,1.1158957481384277
2,189,1.1486294269561768,1.1174826622009277
2,190,1.1249053478240967,1.1174826622009277
2,191,1.2068597078323364,1.1138801574707031
2,192,1.124019742012024,1.1207795143127441
2,193,1.114551305770874,1.1174826622009277
2,194,1.0187909603118896,1.1210236549377441
2,195,1.071456789970398,1.1174826622009277
2,196,1.0316640138626099,1.1060056686401367
2,197,1.392161250114441,1.1060056686401367
2,198,1.0445970296859741,1.1060056686401367
2,199,1.0877642631530762,1.1158957481384277
2,200,1.0084443092346191,1.099534511566162
2,201,1.1704670190811157,1.1176047325134277
2,202,1.0341706275939941,1.099534511566162
2,203,1.1368467807769775,1.099534511566162
2,204,1.0393389463424683,1.1146736145019531
2,205,1.0119742155075073,1.1146736145019531
2,206,1.0714514255523682,1.1212677955627441
2,207,1.1389880180358887,1.1174826622009277
2,208,0.8342544436454773,1.1210236549377441
2,209,1.1640115976333618,1.1210236549377441
2,210,1.1457898616790771,1.1166281700134277
2,211,1.193452000617981,1.1146125793457031
2,212,0.9948534369468689,1.1160788536071777
2,213,0.9969589710235596,1.1149482727050781
2,214,1.2095907926559448,1.1207795143127441
2,215,1.3885189294815063,1.1207795143127441
2,216,0.9576855301856995,1.1060056686401367
2,217,1.2826483249664307,1.1060056686401367
2,218,1.1995729207992554,1.1140022277832031
2,219,1.0665295124053955,1.099534511566162
2,220,1.1445094347000122,1.1176047325134277
2,221,1.0633082389831543,1.1174826622009277
2,222,0.9950716495513916,1.1174826622009277
2,223,1.090476155281067,1.1138801574707031
2,224,1.1246052980422974,1.1207795143127441
2,225,1.107261061668396,1.1174826622009277
2,226,1.0891754627227783,1.1147346496582031
2,227,1.1680376529693604,1.0925102233886719
2,228,1.3096765279769897,1.1138191223144531
2,229,1.2500871419906616,1.1155281066894531
2,230,1.0238115787506104,1.0925102233886719
2,231,1.026227355003357,1.1174826622009277
2,232,0.9985923171043396,1.1210236549377441
2,233,1.213488221168518,1.1174826622009277
2,234,1.1449424028396606,1.099534511566162
2,235,0.9890440702438354,1.099534511566162
2,236,1.090334177017212,1.1146736145019531
2,237,0.826616108417511,1.1060056686401367
2,238,1.0441056489944458,1.1167502403259277
2,239,1.0405436754226685,1.1066770553588867
2,240,0.9844458103179932,1.1060056686401367
2,241,1.0301302671432495,1.1207795143127441
2,242,1.1524865627288818,1.1207795143127441
2,243,1.1897019147872925,1.1138191223144531
2,244,1.1224602460861206,1.1212677955627441
2,245,1.1547529697418213,1.1210236549377441
2,246,1.2876907587051392,1.1138191223144531
2,247,1.1468331813812256,1.1212677955627441
2,248,1.0657014846801758,1.1174826622009277
2,249,1.2277581691741943,1.1060056686401367
2,250,1.2128939628601074,1.1167502403259277
2,251,1.2056115865707397,1.1066770553588867
2,252,1.0866729021072388,1.1167502403259277
2,253,1.0757036209106445,1.1210236549377441
2,254,1.1355817317962646,1.1210236549377441
2,255,1.0419964790344238,1.1141242980957031
2,256,0.9918607473373413,1.1174826622009277
2,257,0.9174392819404602,1.1210236549377441
2,258,1.1997379064559937,1.1141242980957031
2,259,1.324433445930481,1.1207795143127441
2,260,1.0757821798324585,1.1174826622009277
2,261,0.9545273780822754,1.1174826622009277
2,262,1.0687974691390991,1.1138801574707031
2,263,1.094926118850708,1.1207795143127441
2,264,1.3406555652618408,1.0925102233886719
2,265,1.062469720840454,1.1138191223144531
2,266,1.0068453550338745,1.1155281066894531
2,267,1.149603247642517,1.1212677955627441
2,268,1.080717921257019,1.1174826622009277
2,269,1.1186336278915405,1.1210236549377441
2,270,1.0739920139312744,1.1210236549377441
2,271,1.2148499488830566,1.1166281700134277
2,272,0.9984972476959229,1.099534511566162
2,273,1.0637823343276978,1.1210236549377441
2,274,0.9562107920646667,1.1174826622009277
2,275,1.0991415977478027,1.1174826622009277
2,276,1.1590009927749634,1.1174826622009277
2,277,1.2489233016967773,1.1138801574707031
2,278,1.1035280227661133,1.1207795143127441
2,279,1.1517225503921509,1.1060056686401367
2,280,0.8755236268043518,1.1207795143127441
2,281,1.1278188228607178,1.1166281700134277
2,282,1.0064654350280762,1.1216950416564941
2,283,1.2048698663711548,1.1181540489196777
2,284,1.1490931510925293,1.1154060363769531
2,285,1.102877140045166,1.1174826622009277
2,286,1.0818921327590942,1.099534511566162
2,287,1.1031829118728638,1.1176047325134277
2,288,0.9719229340553284,1.1147346496582031
2,289,1.1133816242218018,1.1060056686401367
2,290,1.012818455696106,1.1140022277832031
2,291,1.1838024854660034,1.1169333457946777
2,292,1.114591121673584,1.1147346496582031
2,293,1.0371371507644653,1.1174826622009277
2,294,1.0062425136566162,1.1210236549377441
2,295,1.1765254735946655,1.1166281700134277
2,296,1.0526189804077148,1.1166281700134277
2,297,1.193061351776123,1.1146125793457031
2,298,1.1455280780792236,1.1160788536071777
2,299,1.0734500885009766,1.1168723106384277
2,300,1.2021324634552002,1.1168723106384277
2,301,1.3966680765151978,1.1066770553588867
2,302,1.0618822574615479,1.1140022277832031
2,303,1.0361526012420654,1.115464210510254
2,304,0.8826828598976135,1.1169333457946777
2,305,1.044632911682129,1.1060056686401367
2,306,1.1310080289840698,1.1167502403259277
2,307,1.0304183959960938,1.1138801574707031
2,308,1.0852688550949097,1.100755214691162
2,309,1.1438124179840088,1.0980076789855957
2,310,1.0742485523223877,1.1146736145019531
2,311,1.0884603261947632,1.100755214691162
2,312,0.9811084866523743,1.1207795143127441
2,313,1.1298959255218506,1.1174826622009277
2,314,1.0688581466674805,1.1210236549377441
2,315,1.2645632028579712,1.1174826622009277
2,316,0.9757192730903625,1.099534511566162
2,317,1.0634396076202393,1.1056394577026367
2,318,1.0661604404449463,1.1207795143127441
2,319,1.0082346200942993,1.1138191223144531
2,320,1.0944554805755615,1.1212677955627441
2,321,1.0819803476333618,1.1060056686401367
2,322,1.2092312574386597,1.1060056686401367
2,323,1.0919387340545654,1.1060056686401367
2,324,0.9459850788116455,1.1140022277832031
2,325,1.040217399597168,1.1169333457946777
2,326,1.062204122543335,1.1174826622009277
2,327,1.1717849969863892,1.1138801574707031
2,328,1.1633387804031372,1.1060056686401367
2,329,1.0492520332336426,1.1140022277832031
2,330,1.1276248693466187,1.1169333457946777
2,331,1.0242059230804443,1.1174826622009277
2,332,0.9479430913925171,1.1174826622009277
2,333,1.0745186805725098,1.1210236549377441
2,334,1.151318073272705,1.1141242980957031
2,335,1.1171897649765015,1.1207795143127441
2,336,1.0115469694137573,1.1138191223144531
2,337,1.0948617458343506,1.1060056686401367
2,338,1.1996206045150757,1.1167502403259277
2,339,0.9229040741920471,1.1138801574707031
2,340,1.1369351148605347,1.1207795143127441
2,341,1.299338459968567,1.1138191223144531
2,342,1.1631413698196411,1.100755214691162
2,343,1.2341344356536865,1.1140022277832031
2,344,1.2000701427459717,1.1060056686401367
2,345,1.0031160116195679,1.1207795143127441
2,346,1.071874976158142,1.1140022277832031
2,347,1.149109125137329,1.115464210510254
2,348,1.2530360221862793,1.1212677955627441
2,349,0.8715464472770691,1.1174826622009277
2,350,1.0229572057724,1.1060056686401367
2,351,1.1529819965362549,1.1140022277832031
2,352,1.1768165826797485,1.1169333457946777
2,353,1.173852562904358,1.1147346496582031
2,354,1.1010888814926147,1.1207795143127441
2,355,0.8251937627792358,1.099534511566162
2,356,1.0589827299118042,1.1174826622009277
2,357,1.089011311531067,1.1060056686401367
2,358,1.085086703300476,1.1140022277832031
2,359,1.1464999914169312,1.1210236549377441
2,360,1.0573848485946655,1.1210236549377441
2,361,1.0479742288589478,1.1174826622009277
2,362,1.141959547996521,1.1210236549377441
2,363,1.101672649383545,1.1060056686401367
2,364,0.9962155818939209,1.1060056686401367
2,365,1.0938905477523804,1.1140022277832031
2,366,1.059476613998413,1.1169333457946777
2,367,1.162350058555603,1.1147346496582031
2,368,1.1543927192687988,1.1174826622009277
2,369,1.1094988584518433,1.1147041320800781
2,370,1.0215764045715332,1.1174826622009277
2,371,1.04225754737854,1.1138801574707031
2,372,1.1011607646942139,1.1174826622009277
2,373,0.9994654059410095,1.1147041320800781
2,374,1.2822649478912354,1.1207795143127441
2,375,1.1017357110977173,1.1138191223144531
2,376,1.1418838500976562,1.1138191223144531
2,377,1.025795340538025,1.1169333457946777
2,378,0.9613153338432312,1.1147346496582031
2,379,1.1382285356521606,1.0980076789855957
2,380,1.0148704051971436,1.1207795143127441
2,381,1.0788737535476685,1.1174826622009277
2,382,1.2544888257980347,1.099534511566162
2,383,1.0104622840881348,1.1146736145019531
2,384,1.0815080404281616,1.1146736145019531
2,385,1.1873319149017334,1.1212677955627441
2,386,1.2405952215194702,1.1174826622009277
2,387,1.2017797231674194,1.1174826622009277
2,388,1.1629921197891235,1.0853710174560547
2,389,0.9496383666992188,1.1138191223144531
2,390,1.105865240097046,1.1060056686401367
2,391,1.1380479335784912,1.1167502403259277
2,392,0.992421567440033,1.099534511566162
2,393,1.0797245502471924,1.1210236549377441
2,394,1.1069738864898682,1.1174826622009277
2,395,1.0700207948684692,1.1210236549377441
2,396,1.0479936599731445,1.1210236549377441
2,397,1.1866027116775513,1.1138191223144531
2,398,1.128976583480835,1.1212677955627441
2,399,1.0397757291793823,1.1210236549377441
2,400,1.1563509702682495,1.1138191223144531
2,401,1.2086290121078491,1.1060056686401367
2,402,1.077360987663269,1.1207795143127441
2,403,1.1106297969818115,1.1207795143127441
2,404,1.064645528793335,1.1166281700134277
2,405,1.0600559711456299,1.1058835983276367
2,406,0.9622725248336792,1.1207795143127441
2,407,1.0584111213684082,1.1056394577026367
2,408,1.01052725315094,1.100755214691162
2,409,0.9074016213417053,1.1140022277832031
2,410,1.1787668466567993,1.114609718322754
2,411,1.0528082847595215,1.1169333457946777
2,412,1.0541212558746338,1.1060056686401367
2,413,1.1441538333892822,1.1207795143127441
2,414,1.0950336456298828,1.1166281700134277
2,415,1.0833414793014526,1.1166281700134277
2,416,1.2375067472457886,1.1146125793457031
2,417,1.0641734600067139,1.1210236549377441
2,418,1.0429127216339111,1.1138191223144531
2,419,1.2010043859481812,1.1212677955627441
2,420,1.2043416500091553,1.1174826622009277
2,421,0.9709721803665161,1.099534511566162
2,422,1.0710067749023438,1.1146736145019531
2,423,1.2093387842178345,1.1212677955627441
2,424,1.0525236129760742,1.1174826622009277
2,425,0.9631949067115784,1.1138801574707031
2,426,1.0876710414886475,1.1207795143127441
2,427,0.9861499667167664,1.1207795143127441
2,428,1.0676934719085693,1.1060056686401367
2,429,0.9983294010162354,1.1207795143127441
2,430,1.1257262229919434,1.1166281700134277
2,431,1.029605746269226,1.1146125793457031
2,432,1.0807729959487915,1.1160788536071777
2,433,1.002012014389038,1.1210236549377441
2,434,1.0083425045013428,1.1174826622009277
2,435,1.0852060317993164,1.1147346496582031
2,436,0.8780034780502319,1.100755214691162
2,437,1.1998347043991089,1.1174826622009277
2,438,1.0165314674377441,1.0925102233886719
2,439,1.2302418947219849,1.1174826622009277
2,440,1.2468055486679077,1.1147346496582031
2,441,1.0217115879058838,1.1147346496582031
2,442,1.0909438133239746,1.1212677955627441
2,443,1.1151233911514282,1.1210236549377441
2,444,1.149397611618042,1.1138191223144531
2,445,1.2096247673034668,1.1169333457946777
2,446,0.9884520769119263,1.1147346496582031
2,447,1.0149086713790894,1.1207795143127441
2,448,1.1186084747314453,1.1174826622009277
2,449,1.0384842157363892,1.099534511566162
2,450,1.0978399515151978,1.1176047325134277
2,451,1.0997153520584106,1.1174826622009277
2,452,1.1263244152069092,1.1138801574707031
2,453,0.9303309321403503,1.100755214691162
2,454,1.07794988155365,1.1174826622009277
2,455,1.1477384567260742,1.1174826622009277
2,456,0.9597258567810059,1.1060056686401367
2,457,1.1718164682388306,1.100755214691162
2,458,0.979135274887085,1.100755214691162
2,459,0.9405125975608826,1.1063079833984375
2,460,0.9784600138664246,1.1167502403259277
2,461,1.1190170049667358,1.1138801574707031
2,462,1.0921190977096558,1.1207795143127441
2,463,1.1808561086654663,1.1138191223144531
2,464,1.031948447227478,1.1138191223144531
2,465,1.178661823272705,1.1138191223144531
2,466,1.0975078344345093,1.1060056686401367
2,467,0.8311157822608948,1.0980076789855957
2,468,1.2046701908111572,1.1146736145019531
2,469,1.1846144199371338,1.1146736145019531
2,470,1.2073173522949219,1.1138191223144531
2,471,1.0569528341293335,1.1138191223144531
2,472,0.9471826553344727,1.1169333457946777
2,473,1.1609363555908203,1.099534511566162
2,474,1.275115728378296,1.1207795143127441
2,475,1.152998447418213,1.1174826622009277
2,476,1.2751572132110596,1.1174826622009277
2,477,0.9443774819374084,1.1138801574707031
2,478,1.0980371236801147,1.1060056686401367
2,479,1.1068893671035767,1.1167502403259277
2,480,1.0943048000335693,1.1066770553588867
2,481,1.179244875907898,1.1140022277832031
2,482,1.04751455783844,1.115464210510254
2,483,1.0573838949203491,1.1169333457946777
2,484,1.028420329093933,1.0980076789855957
2,485,0.9228506684303284,1.1060056686401367
2,486,1.0300326347351074,1.1158957481384277
2,487,1.0050663948059082,1.1138801574707031
2,488,1.1570851802825928,1.1174826622009277
2,489,1.015244960784912,1.1168723106384277
2,490,0.982765257358551,1.1066770553588867
2,491,1.1539692878723145,1.1167502403259277
2,492,1.078652262687683,1.1066770553588867
2,493,1.1505119800567627,1.1207795143127441
2,494,1.0221612453460693,1.1207795143127441
2,495,1.071293830871582,1.1166281700134277
2,496,1.2531803846359253,1.1216950416564941
2,497,1.2165131568908691,1.1144905090332031
2,498,1.1133495569229126,1.1212677955627441
2,499,0.9484065771102905,1.1210236549377441
2,500,1.080016851425171,1.1060056686401367
2,501,1.005904197692871,1.1140022277832031
2,502,1.1413557529449463,1.1169333457946777
2,503,1.0062191486358643,1.1210236549377441
2,504,1.067733645439148,1.1138191223144531
2,505,1.0217103958129883,1.1212677955627441
2,506,1.2492119073867798,1.1210236549377441
2,507,1.092818021774292,1.1174826622009277
2,508,1.1052641868591309,1.1174826622009277
2,509,0.9085043668746948,1.1060056686401367
2,510,1.0368120670318604,1.1140022277832031
2,511,1.1488453149795532,1.1060056686401367
2,512,1.0771993398666382,1.1140022277832031
2,513,0.977019190788269,1.115464210510254
2,514,0.9265663623809814,1.1060056686401367
2,515,0.979377031326294,1.1140022277832031
2,516,1.0950592756271362,1.1169333457946777
2,517,0.9074390530586243,1.1060056686401367
2,518,1.138150691986084,1.1167502403259277
2,519,1.0262521505355835,1.1174826622009277
2,520,1.066359281539917,1.1174826622009277
2,521,1.1487059593200684,1.1174826622009277
2,522,1.0462816953659058,1.0980076789855957
2,523,0.8715566992759705,1.1174826622009277
2,524,1.0384902954101562,1.1147346496582031
2,525,1.1823327541351318,1.100755214691162
2,526,0.9947931170463562,1.1140022277832031
2,527,1.036776065826416,1.1210236549377441
2,528,0.9811978936195374,1.1210236549377441
2,529,1.1439656019210815,1.1138191223144531
2,530,0.957397997379303,1.1060056686401367
2,531,1.022290587425232,1.1140022277832031
2,532,0.966853678226471,1.115464210510254
2,533,0.9430575966835022,1.114609718322754
2,534,1.1318151950836182,1.114609718322754
2,535,0.9702597260475159,1.1169333457946777
2,536,1.2231957912445068,1.1147346496582031
2,537,1.0681109428405762,1.1174826622009277
2,538,0.957841157913208,1.1210236549377441
2,539,0.968051552772522,1.1210236549377441
2,540,0.9422596096992493,1.1060056686401367
2,541,0.9158449769020081,1.1158957481384277
2,542,1.123439908027649,1.1174826622009277
2,543,0.959402322769165,1.1210236549377441
2,544,1.030395269393921,1.1166281700134277
2,545,0.9359835982322693,1.1166281700134277
2,546,1.080250859260559,1.1166281700134277
2,547,1.2006561756134033,1.1166281700134277
2,548,1.246780514717102,1.1216950416564941
2,549,1.1839823722839355,1.1144905090332031
2,550,1.0515717267990112,1.1169333457946777
2,551,1.0409440994262695,1.1174826622009277
2,552,1.0185028314590454,1.0925102233886719
2,553,0.8772444725036621,1.1138191223144531
2,554,1.166498064994812,1.1169333457946777
2,555,1.1334941387176514,1.1147346496582031
2,556,1.0378221273422241,1.1147346496582031
2,557,0.9456458687782288,1.1147346496582031
2,558,1.101872205734253,1.1207795143127441
2,559,1.171317458152771,1.1207795143127441
2,560,0.9731680750846863,1.1174826622009277
2,561,1.0169442892074585,1.1174826622009277
2,562,1.0714023113250732,1.1210236549377441
2,563,0.9688253402709961,1.1166281700134277
2,564,1.1211755275726318,1.1166281700134277
2,565,0.9970747232437134,1.1216950416564941
2,566,1.0085006952285767,1.1066770553588867
2,567,0.9592604637145996,1.1207795143127441
2,568,0.9519187808036804,1.1166281700134277
2,569,1.1018891334533691,1.1146125793457031
2,570,0.9752103686332703,1.1210236549377441
2,571,1.2111155986785889,1.0980076789855957
2,572,1.0626182556152344,1.1207795143127441
2,573,0.9174304008483887,1.1138191223144531
2,574,1.041887640953064,1.1169333457946777
2,575,0.8768126368522644,1.1174826622009277
2,576,1.062045931816101,1.1138801574707031
2,577,0.9276155829429626,1.1147346496582031
2,578,0.9663147330284119,1.1147346496582031
2,579,1.007765293121338,1.1147346496582031
2,580,1.1196545362472534,1.1207795143127441
2,581,1.148162841796875,1.1138191223144531
2,582,0.9141612648963928,1.1169333457946777
2,583,1.0095981359481812,1.1147346496582031
2,584,1.2009636163711548,1.1174826622009277
2,585,0.9820265173912048,1.1168723106384277
2,586,1.0724496841430664,1.1130256652832031
2,587,1.0969250202178955,1.1174826622009277
2,588,1.3186107873916626,1.1168723106384277
2,589,1.1409517526626587,1.1210236549377441
2,590,0.9503899216651917,1.1141242980957031
2,591,1.0122113227844238,1.1174826622009277
2,592,0.9354220032691956,1.1138801574707031
2,593,1.2084548473358154,1.1147346496582031
2,594,0.9860678315162659,1.1147346496582031
2,595,1.0524438619613647,1.1207795143127441
2,596,1.076703667640686,1.1060056686401367
2,597,1.262058138847351,1.1158957481384277
2,598,1.147721767425537,1.1138801574707031
2,599,0.9475125074386597,1.1207795143127441
2,600,1.1930656433105469,1.099534511566162
2,601,1.0936365127563477,1.1146736145019531
2,602,1.20472252368927,1.1146736145019531
2,603,1.0159413814544678,1.1138191223144531
2,604,1.0497260093688965,1.1138191223144531
2,605,1.1074904203414917,1.1169333457946777
2,606,1.0022950172424316,1.1210236549377441
2,607,1.0197467803955078,1.1174826622009277
2,608,1.2074544429779053,1.1210236549377441
2,609,1.0310379266738892,1.1174826622009277
2,610,1.0725834369659424,1.1174826622009277
2,611,1.1403460502624512,1.1138801574707031
2,612,1.1452099084854126,1.1174826622009277
2,613,1.1004693508148193,1.1168723106384277
2,614,1.0349637269973755,1.0925102233886719
2,615,1.0678685903549194,1.1207795143127441
2,616,1.159926176071167,1.1060056686401367
2,617,1.1795603036880493,1.1140022277832031
2,618,1.0405505895614624,1.1169333457946777
2,619,1.1609270572662354,1.1174826622009277
2,620,0.9368060231208801,1.1138801574707031
2,621,1.0310499668121338,1.1174826622009277
2,622,1.0875519514083862,1.1168723106384277
2,623,0.9318283200263977,1.099534511566162
2,624,1.0392955541610718,1.1176047325134277
2,625,1.0946013927459717,1.1147346496582031
2,626,1.0671308040618896,1.1174826622009277
2,627,1.1442989110946655,1.1168723106384277
2,628,1.0778695344924927,1.1168723106384277
2,629,1.2774051427841187,1.1130256652832031
2,630,1.0395445823669434,1.1207795143127441
2,631,1.0552854537963867,1.1174826622009277
2,632,0.9441574811935425,1.1174826622009277
2,633,0.8456527590751648,1.1060056686401367
2,634,0.9868506193161011,1.1207795143127441
2,635,1.0215171575546265,1.099534511566162
2,636,1.1796314716339111,1.1174826622009277
2,637,1.0847766399383545,1.1210236549377441
2,638,1.0645029544830322,1.1138191223144531
2,639,0.9575987458229065,1.1169333457946777
2,640,1.0176928043365479,1.1174826622009277
2,641,0.9825291037559509,1.1210236549377441
2,642,0.9193751215934753,1.1210236549377441
2,643,1.0311572551727295,1.1210236549377441
2,644,1.0606507062911987,1.1210236549377441
2,645,1.1670695543289185,1.1166281700134277
2,646,1.044555902481079,1.1166281700134277
2,647,1.0647276639938354,1.1216950416564941
2,648,1.3302918672561646,1.1066770553588867
2,649,0.9332305192947388,1.1207795143127441
2,650,0.9501940608024597,1.1166281700134277
2,651,1.0715900659561157,1.0863170623779297
2,652,1.0120675563812256,1.1060056686401367
2,653,1.0730063915252686,1.1207795143127441
2,654,1.172906756401062,1.1166281700134277
2,655,1.0538793802261353,1.1146125793457031
2,656,1.1198776960372925,1.1148262023925781
2,657,1.03501296043396,1.1148262023925781
2,658,1.138856291770935,1.1148262023925781
2,659,0.9214128255844116,1.1148262023925781
2,660,1.2620035409927368,1.1162009239196777
2,661,1.2578167915344238,1.1060056686401367
2,662,1.0351537466049194,1.1167502403259277
2,663,1.0479706525802612,1.1210236549377441
2,664,0.981091320514679,1.1166281700134277
2,665,1.0311832427978516,1.1216950416564941
2,666,0.9794272780418396,1.1066770553588867
2,667,0.9466903209686279,1.1140022277832031
2,668,0.980255663394928,1.1169333457946777
2,669,1.0632613897323608,1.1210236549377441
2,670,0.9765065312385559,1.1138191223144531
2,671,0.9630594253540039,1.1060056686401367
2,672,1.00701105594635,1.1060056686401367
2,673,1.0039849281311035,1.1140022277832031
2,674,1.0999387502670288,1.1169333457946777
2,675,1.0510659217834473,1.1174826622009277
2,676,1.099131464958191,1.1174826622009277
2,677,1.055846929550171,1.1060056686401367
2,678,1.0311003923416138,1.1207795143127441
2,679,0.9840995073318481,1.1166281700134277
2,680,1.0969191789627075,1.1216950416564941
2,681,1.1975867748260498,1.1181540489196777
2,682,0.8519681096076965,1.1216950416564941
2,683,1.1526076793670654,1.1216950416564941
2,684,0.9562903642654419,1.1181540489196777
2,685,1.0117117166519165,1.1181540489196777
2,686,1.163691759109497,1.1216950416564941
2,687,0.9131975769996643,1.1216950416564941
2,688,1.1329580545425415,1.100205898284912
2,689,1.0201834440231323,1.1174826622009277
2,690,1.0797702074050903,1.1174826622009277
2,691,0.9751590490341187,1.1210236549377441
2,692,1.413062572479248,1.1141242980957031
2,693,0.8281386494636536,1.1174826622009277
2,694,0.9047352075576782,1.1174826622009277
2,695,0.980430006980896,1.1210236549377441
2,696,1.3218001127243042,1.1166281700134277
2,697,1.1231414079666138,1.1166281700134277
2,698,1.1543015241622925,1.1146125793457031
2,699,1.0350463390350342,1.1148262023925781
2,700,0.9108350872993469,1.1148262023925781
2,701,0.9464088082313538,1.1210236549377441
2,702,1.0003790855407715,1.1210236549377441
2,703,1.119432806968689,1.1210236549377441
2,704,1.0144222974777222,1.1210236549377441
2,705,0.9895725846290588,1.1174826622009277
2,706,1.1079505681991577,1.1147346496582031
2,707,1.023908257484436,1.1174826622009277
2,708,0.9084464907646179,1.1058225631713867
2,709,0.9000053405761719,1.1158957481384277
2,710,0.9373723864555359,1.099534511566162
2,711,1.1363531351089478,1.1210236549377441
2,712,1.2048070430755615,1.1138191223144531
2,713,1.1190754175186157,1.1138191223144531
2,714,1.0325077772140503,1.1060056686401367
2,715,1.0784122943878174,1.100755214691162
2,716,1.0868364572525024,1.1140022277832031
2,717,1.1477267742156982,1.1169333457946777
2,718,1.0326474905014038,1.0925102233886719
2,719,1.0527092218399048,1.1060056686401367
2,720,0.9832940101623535,1.1140022277832031
2,721,1.0382689237594604,1.1210236549377441
2,722,1.176673412322998,1.1210236549377441
2,723,1.1245133876800537,1.1174826622009277
2,724,0.9145215153694153,1.1060056686401367
2,725,1.06217622756958,1.0980076789855957
2,726,1.0707571506500244,1.1207795143127441
2,727,1.2067936658859253,1.1138191223144531
2,728,1.1417875289916992,1.1169333457946777
2,729,1.1457654237747192,1.1174826622009277
2,730,0.9624006748199463,1.1210236549377441
2,731,0.9352244138717651,1.1141242980957031
2,732,1.048564076423645,1.1207795143127441
2,733,1.1477704048156738,1.1174826622009277
2,734,1.1584503650665283,1.1174826622009277
2,735,0.9014893174171448,1.1174826622009277
2,736,1.0639945268630981,1.1174826622009277
2,737,1.060104250907898,1.1174826622009277
2,738,0.8916985988616943,1.1174826622009277
2,739,1.0513957738876343,1.1138801574707031
2,740,1.0223079919815063,1.1147346496582031
2,741,1.0568246841430664,1.1174826622009277
2,742,1.0764586925506592,1.1168723106384277
2,743,1.1592682600021362,1.1130256652832031
2,744,1.090381383895874,1.1174826622009277
2,745,1.0379513502120972,1.1168723106384277
2,746,0.9705904722213745,1.099534511566162
2,747,1.0958788394927979,1.1146736145019531
2,748,0.8687601685523987,1.1060056686401367
2,749,1.0701764822006226,1.1140022277832031
2,750,0.9376055002212524,1.1060056686401367
2,751,1.0272544622421265,1.1207795143127441
2,752,0.8618974089622498,1.1207795143127441
2,753,0.9746620655059814,1.1138191223144531
2,754,1.1396536827087402,1.1212677955627441
2,755,1.165516972541809,1.1060056686401367
2,756,1.1903902292251587,1.1140022277832031
2,757,1.0774762630462646,1.099534511566162
2,758,1.2898671627044678,1.099534511566162
2,759,1.0889225006103516,1.1174826622009277
2,760,1.0675572156906128,1.1174826622009277
2,761,1.0083245038986206,1.1210236549377441
2,762,1.0941393375396729,1.1166281700134277
2,763,1.0711618661880493,1.1166281700134277
2,764,1.0556520223617554,1.1146125793457031
2,765,1.0971637964248657,1.1160788536071777
2,766,0.9100089073181152,1.1060056686401367
2,767,1.0281848907470703,1.1207795143127441
2,768,1.089379072189331,1.1166281700134277
2,769,0.9323724508285522,1.1146125793457031
2,770,1.0474053621292114,1.1160788536071777
2,771,1.1263281106948853,1.1210236549377441
2,772,1.0508695840835571,1.1210236549377441
2,773,0.8789173364639282,1.1210236549377441
2,774,1.1536740064620972,1.1060056686401367
2,775,1.0235086679458618,1.1060056686401367
2,776,0.9286596775054932,1.1140022277832031
2,777,1.086921215057373,1.115464210510254
2,778,0.9924631714820862,1.114609718322754
2,779,1.0743002891540527,1.1060056686401367
2,780,1.0111626386642456,1.1060056686401367
2,781,1.0357155799865723,1.1167502403259277
2,782,1.1839077472686768,1.1138801574707031
2,783,1.0331614017486572,1.1207795143127441
2,784,1.0629345178604126,1.1138191223144531
2,785,0.8470911979675293,1.1138191223144531
2,786,0.9984675645828247,1.1169333457946777
2,787,0.971217691898346,1.1174826622009277
2,788,1.019261360168457,1.0980076789855957
2,789,1.0408002138137817,1.1146736145019531
2,790,1.0145446062088013,1.1146736145019531
2,791,0.9723463654518127,1.1169333457946777
2,792,1.265927791595459,1.1147346496582031
2,793,1.1106817722320557,1.100755214691162
2,794,1.1153796911239624,1.1140022277832031
2,795,0.8760422468185425,1.1210236549377441
2,796,1.0089688301086426,1.1210236549377441
2,797,0.9283846020698547,1.1138191223144531
2,798,1.0152554512023926,1.1169333457946777
2,799,1.1532704830169678,1.1147346496582031
2,800,1.22322678565979,1.1060056686401367
2,801,0.9677544832229614,1.1167502403259277
2,802,0.9045538306236267,1.1210236549377441
2,803,0.9876441955566406,1.1060056686401367
2,804,1.10056471824646,1.1207795143127441
2,805,1.127518653869629,1.1063079833984375
2,806,1.1259657144546509,1.1207795143127441
2,807,1.058972954750061,1.1166281700134277
2,808,0.9752461910247803,1.1216950416564941
2,809,1.041211485862732,1.0986790657043457
2,810,1.0068299770355225,1.1060056686401367
2,811,1.0196161270141602,1.1158957481384277
2,812,0.8705969452857971,1.099534511566162
2,813,0.9486887454986572,1.1210236549377441
2,814,0.8799994587898254,1.1174826622009277
2,815,1.1713100671768188,1.1210236549377441
2,816,1.0139296054840088,1.1138191223144531
2,817,1.1285014152526855,1.1060056686401367
2,818,1.1143327951431274,1.1207795143127441
2,819,0.8275879621505737,1.1207795143127441
2,820,1.0261671543121338,1.1138191223144531
2,821,1.0245963335037231,1.1138191223144531
2,822,1.0868197679519653,1.100755214691162
2,823,1.1608461141586304,1.1174826622009277
2,824,1.1381971836090088,1.1147346496582031
2,825,0.9392401576042175,1.1174826622009277
2,826,0.9101577401161194,1.1168723106384277
2,827,0.9183731079101562,1.1210236549377441
2,828,1.1259633302688599,1.1060056686401367
2,829,1.0861365795135498,1.1060056686401367
2,830,1.0159101486206055,1.0980076789855957
2,831,0.9586737751960754,1.1146736145019531
2,832,1.079656720161438,1.1169333457946777
2,833,1.2327721118927002,1.1174826622009277
2,834,1.027000069618225,1.1060056686401367
2,835,1.0325380563735962,1.1140022277832031
2,836,1.0837123394012451,1.1169333457946777
2,837,1.0493063926696777,1.099534511566162
2,838,1.054263949394226,1.1174826622009277
2,839,0.8941674828529358,1.1210236549377441
2,840,0.8626601099967957,1.1174826622009277
2,841,0.8793838024139404,1.1210236549377441
2,842,0.9363598823547363,1.1210236549377441
2,843,0.9971038103103638,1.1174826622009277
2,844,0.8813372254371643,1.0980076789855957
2,845,1.190219521522522,1.1207795143127441
2,846,0.969430685043335,1.1207795143127441
2,847,1.0476877689361572,1.1174826622009277
2,848,1.2295979261398315,1.1147346496582031
2,849,1.0306178331375122,1.1174826622009277
2,850,1.1107099056243896,1.1147041320800781
2,851,1.0698323249816895,1.1060056686401367
2,852,0.9868297576904297,1.1140022277832031
2,853,0.9190801978111267,1.115464210510254
2,854,1.1769593954086304,1.114609718322754
2,855,1.0507901906967163,1.114609718322754
2,856,0.9209600687026978,0.9762091636657715
3,1,0.9459840059280396,1.1194357872009277
3,2,0.895560085773468,1.1138801574707031
3,3,1.1065328121185303,1.1212677955627441
3,4,0.9791045188903809,1.1060056686401367
3,5,0.9669705033302307,1.1158957481384277
3,6,1.1071292161941528,1.1174826622009277
3,7,1.1198455095291138,1.1138801574707031
3,8,1.2080832719802856,1.1207795143127441
3,9,1.041582465171814,1.1138191223144531
3,10,1.053863286972046,1.1169333457946777
3,11,1.1199934482574463,1.1174826622009277
3,12,1.0585453510284424,1.1174826622009277
3,13,1.2401337623596191,1.1174826622009277
3,14,0.870780348777771,1.1174826622009277
3,15,0.986788809299469,1.1174826622009277
3,16,1.1960231065750122,1.1210236549377441
3,17,1.1315803527832031,1.1210236549377441
3,18,1.0014981031417847,1.1166281700134277
3,19,1.1582547426223755,1.1166281700134277
3,20,0.9030550122261047,1.1058835983276367
3,21,0.9495391845703125,1.1158957481384277
3,22,0.928894579410553,1.1066770553588867
3,23,0.9016135931015015,1.1207795143127441
3,24,1.0661855936050415,1.1140022277832031
3,25,0.8469957709312439,1.115464210510254
3,26,1.018232822418213,1.1169333457946777
3,27,1.0815387964248657,1.1210236549377441
3,28,0.847021758556366,1.1138191223144531
3,29,0.8951348066329956,1.1212677955627441
3,30,1.0502429008483887,1.1138191223144531
3,31,0.9799195528030396,1.100755214691162
3,32,0.9931690096855164,1.1063079833984375
3,33,0.7264437675476074,1.0980076789855957
3,34,0.9169370532035828,1.1060056686401367
3,35,1.1001743078231812,1.1140022277832031
3,36,1.0506795644760132,1.114609718322754
3,37,1.0576918125152588,1.114609718322754
3,38,0.9197590351104736,1.1169333457946777
3,39,0.8916556239128113,1.1147346496582031
3,40,0.9361718893051147,1.1207795143127441
3,41,0.8721991777420044,1.099534511566162
3,42,0.9367982745170593,1.1174826622009277
3,43,0.9092381596565247,1.1210236549377441
3,44,1.0268943309783936,1.1210236549377441
3,45,1.132501244544983,1.1060056686401367
3,46,1.088380217552185,1.1158957481384277
3,47,0.873000979423523,1.0980076789855957
3,48,0.9250478148460388,1.1207795143127441
3,49,1.031640887260437,1.1174826622009277
3,50,0.8953279256820679,1.1060056686401367
3,51,0.9442251324653625,1.1207795143127441
3,52,1.1979682445526123,1.1207795143127441
3,53,0.9151327610015869,1.1166281700134277
3,54,0.9039431214332581,1.1166281700134277
3,55,0.8805791139602661,1.1216950416564941
3,56,1.0402592420578003,1.1144905090332031
3,57,0.9861473441123962,1.1212677955627441
3,58,0.9693589806556702,1.1138191223144531
3,59,0.9262819886207581,1.0925102233886719
3,60,0.986162543296814,1.1207795143127441
3,61,0.8465433716773987,1.1174826622009277
3,62,0.8184224963188171,1.1174826622009277
3,63,1.0809327363967896,1.1174826622009277
3,64,0.851353645324707,1.1174826622009277
3,65,0.959834635257721,1.1138801574707031
3,66,0.8736581802368164,1.100755214691162
3,67,1.0704702138900757,1.1140022277832031
3,68,1.041185975074768,1.114609718322754
3,69,1.0931832790374756,1.114609718322754
3,70,1.3310130834579468,1.1169333457946777
3,71,1.2411317825317383,1.1210236549377441
3,72,0.9069826602935791,1.1138191223144531
3,73,1.0178256034851074,1.1060056686401367
3,74,1.040268898010254,1.1140022277832031
3,75,0.948482871055603,1.1060056686401367
3,76,1.1427239179611206,1.100755214691162
3,77,1.0038211345672607,1.1174826622009277
3,78,0.9831846356391907,1.1147346496582031
3,79,0.9747127890586853,1.1174826622009277
3,80,0.9793445467948914,1.1210236549377441
3,81,0.9558438658714294,1.1060056686401367
3,82,0.9770559668540955,1.1158957481384277
3,83,0.9459062814712524,1.1174826622009277
3,84,0.934993326663971,1.1066770553588867
3,85,0.9460705518722534,1.1207795143127441
3,86,0.864967405796051,1.1166281700134277
3,87,1.0352779626846313,1.1166281700134277
3,88,0.9548485279083252,1.1146125793457031
3,89,0.9747815728187561,1.1210236549377441
3,90,0.9318272471427917,1.1060056686401367
3,91,0.7605863809585571,1.1060056686401367
3,92,1.087186574935913,1.1207795143127441
3,93,1.0850828886032104,1.1166281700134277
3,94,0.849044144153595,1.1216950416564941
3,95,0.9266690611839294,1.1181540489196777
3,96,0.8587833046913147,1.1154060363769531
3,97,0.9379760026931763,1.1207795143127441
3,98,0.9771687984466553,1.1060056686401367
3,99,1.1488722562789917,1.1140022277832031
3,100,0.9805616736412048,1.1060056686401367
3,101,0.9874467253684998,1.1060056686401367
3,102,0.9648579955101013,1.1167502403259277
3,103,0.9068576097488403,1.1174826622009277
3,104,1.0011091232299805,1.1138801574707031
3,105,1.032149314880371,1.1207795143127441
3,106,0.9494794607162476,1.1174826622009277
3,107,1.0053889751434326,1.1174826622009277
3,108,0.9497624039649963,1.1210236549377441
3,109,0.9574088454246521,1.1166281700134277
3,110,0.9380180835723877,1.1166281700134277
3,111,1.0747504234313965,1.1166281700134277
3,112,0.7524133324623108,1.1146125793457031
3,113,0.8221033215522766,1.1160788536071777
3,114,0.774907112121582,1.1210236549377441
3,115,0.8721472024917603,1.1174826622009277
3,116,0.8341725468635559,1.1147346496582031
3,117,0.8586719036102295,1.1147346496582031
3,118,0.9449098110198975,1.1174826622009277
3,119,0.9977608919143677,1.1168723106384277
3,120,0.7780104279518127,1.1168723106384277
3,121,0.7486186027526855,1.1130256652832031
3,122,1.0879580974578857,1.1147346496582031
3,123,1.0734667778015137,1.1174826622009277
3,124,0.9861539602279663,1.1138801574707031
3,125,0.9301120042800903,1.1174826622009277
3,126,1.0945836305618286,1.1060056686401367
3,127,1.0895863771438599,1.1207795143127441
3,128,1.0647282600402832,1.1140022277832031
3,129,1.1096161603927612,1.1169333457946777
3,130,0.9859614372253418,1.1210236549377441
3,131,0.893476128578186,1.1210236549377441
3,132,1.081254005432129,1.1138191223144531
3,133,0.7893505096435547,1.1138191223144531
3,134,0.9719446897506714,1.1138191223144531
3,135,0.861899733543396,1.1212677955627441
3,136,0.9923496246337891,1.099534511566162
3,137,0.8349999785423279,1.099534511566162
3,138,0.8428403735160828,1.1174826622009277
3,139,0.9587608575820923,1.1174826622009277
3,140,0.9190874099731445,1.1210236549377441
3,141,1.059299349784851,1.099534511566162
3,142,0.8648118376731873,1.1207795143127441
3,143,1.1322989463806152,1.1207795143127441
3,144,0.8999577164649963,1.1138191223144531
3,145,0.9324758648872375,1.1060056686401367
3,146,0.8973525166511536,1.1060056686401367
3,147,0.9638428688049316,1.1207795143127441
3,148,0.9066408276557922,1.1063079833984375
3,149,1.0246719121932983,1.1207795143127441
3,150,1.1661901473999023,1.1207795143127441
3,151,0.7921066284179688,1.1207795143127441
3,152,1.2370624542236328,1.1166281700134277
3,153,1.089078664779663,1.1216950416564941
3,154,0.9106348752975464,1.1181540489196777
3,155,0.904323160648346,1.1216950416564941
3,156,1.1085305213928223,1.1181540489196777
3,157,0.9371418952941895,1.1216950416564941
3,158,0.9815934896469116,1.1181540489196777
3,159,1.1738487482070923,1.1154060363769531
3,160,1.344982624053955,1.1066770553588867
3,161,0.9355963468551636,1.1207795143127441
3,162,0.9098179340362549,1.1166281700134277
3,163,1.0361049175262451,1.1146125793457031
3,164,1.0165539979934692,1.1210236549377441
3,165,0.9558142423629761,1.1138191223144531
3,166,0.8999384641647339,1.1138191223144531
3,167,0.8743184804916382,1.1212677955627441
3,168,0.9968300461769104,1.1174826622009277
3,169,1.043878436088562,1.1138801574707031
3,170,1.1318984031677246,1.1147346496582031
3,171,1.1292647123336792,1.1207795143127441
3,172,1.096904993057251,1.1138191223144531
3,173,1.0294550657272339,1.1138191223144531
3,174,1.009668231010437,1.1212677955627441
3,175,0.91269850730896,1.1210236549377441
3,176,1.0375581979751587,1.1210236549377441
3,177,0.9919453263282776,1.1138191223144531
3,178,0.9141356945037842,1.1138191223144531
3,179,0.8682238459587097,1.1169333457946777
3,180,0.8553932905197144,1.1060056686401367
3,181,0.9799075722694397,1.1167502403259277
3,182,0.9031124114990234,1.1138801574707031
3,183,1.1080353260040283,1.1147346496582031
3,184,0.9603363871574402,1.1174826622009277
3,185,0.8127925395965576,1.1210236549377441
3,186,0.9581063985824585,1.1166281700134277
3,187,1.0768667459487915,1.1146125793457031
3,188,1.0271672010421753,1.1058835983276367
3,189,0.9396821856498718,1.1158957481384277
3,190,0.831532895565033,1.1138801574707031
3,191,1.1285147666931152,1.1207795143127441
3,192,0.7749724984169006,1.1060056686401367
3,193,1.08681321144104,1.100755214691162
3,194,0.9646417498588562,1.1140022277832031
3,195,0.9363316297531128,1.1060056686401367
3,196,1.0455951690673828,1.1060056686401367
3,197,0.9842903017997742,1.1167502403259277
3,198,0.9475270509719849,1.1174826622009277
3,199,1.0287553071975708,1.1210236549377441
3,200,0.9652830958366394,1.1166281700134277
3,201,0.7851117849349976,1.1216950416564941
3,202,1.0368297100067139,1.1216950416564941
3,203,0.8482691645622253,1.1144905090332031
3,204,0.9836960434913635,1.1144905090332031
3,205,0.9631511569023132,1.1169333457946777
3,206,0.9080606698989868,1.1174826622009277
3,207,1.0047833919525146,1.1138801574707031
3,208,0.953515887260437,1.1174826622009277
3,209,0.9201698303222656,1.1060056686401367
3,210,0.9817693829536438,1.1140022277832031
3,211,0.8669593334197998,1.115464210510254
3,212,0.8564567565917969,1.1212677955627441
3,213,1.0351808071136475,1.1174826622009277
3,214,1.0059295892715454,1.1174826622009277
3,215,0.9217665195465088,1.1174826622009277
3,216,0.9358770847320557,1.1060056686401367
3,217,0.9886706471443176,1.1167502403259277
3,218,0.8988214731216431,1.1138801574707031
3,219,0.9554100036621094,1.1060056686401367
3,220,0.9202297329902649,1.1167502403259277
3,221,0.994606077671051,1.1174826622009277
3,222,1.0642149448394775,1.1174826622009277
3,223,0.923846423625946,1.099534511566162
3,224,1.0211745500564575,1.1210236549377441
3,225,0.9086329936981201,1.1210236549377441
3,226,0.8813259601593018,1.1138191223144531
3,227,1.017739176750183,1.1138191223144531
3,228,0.9182517528533936,1.1169333457946777
3,229,0.9590661525726318,1.1147346496582031
3,230,0.9916518330574036,1.1207795143127441
3,231,1.1155500411987305,1.1174826622009277
3,232,1.0373691320419312,1.1174826622009277
3,233,0.8927727341651917,1.1210236549377441
3,234,0.9762910604476929,1.1166281700134277
3,235,0.9770431518554688,1.1058835983276367
3,236,1.0276846885681152,1.1158957481384277
3,237,0.8931043148040771,1.1138801574707031
3,238,0.841529905796051,1.1147346496582031
3,239,1.0088034868240356,1.1174826622009277
3,240,0.9098808169364929,1.1066770553588867
3,241,0.7923776507377625,1.1167502403259277
3,242,1.0525259971618652,1.1168723106384277
3,243,0.8499689102172852,1.1168723106384277
3,244,1.2538889646530151,1.1138801574707031
3,245,0.9000781774520874,1.1060056686401367
3,246,0.7572330236434937,1.1167502403259277
3,247,1.176495909690857,1.1210236549377441
3,248,1.0412817001342773,1.1141242980957031
3,249,1.0242282152175903,1.1060056686401367
3,250,0.8948740363121033,1.1140022277832031
3,251,0.9775134325027466,1.1210236549377441
3,252,1.1511330604553223,1.1174826622009277
3,253,0.7376512289047241,1.1210236549377441
3,254,0.9987130165100098,1.1174826622009277
3,255,0.9925687909126282,1.1147346496582031
3,256,1.1205430030822754,1.1207795143127441
3,257,0.9998982548713684,1.1207795143127441
3,258,1.0476750135421753,1.1207795143127441
3,259,0.9009043574333191,1.1138191223144531
3,260,0.893256425857544,1.1212677955627441
3,261,0.870702862739563,1.099534511566162
3,262,1.0196102857589722,1.1060056686401367
3,263,0.8944881558418274,1.1207795143127441
3,264,1.00320303440094,1.1140022277832031
3,265,0.9958660006523132,1.1169333457946777
3,266,0.8894729018211365,1.099534511566162
3,267,0.835828959941864,1.1146736145019531
3,268,0.9930642247200012,1.1169333457946777
3,269,0.9868273735046387,1.1174826622009277
3,270,0.8341208696365356,1.1210236549377441
3,271,1.1230837106704712,1.1166281700134277
3,272,1.000611424446106,1.1146125793457031
3,273,1.0594112873077393,1.1160788536071777
3,274,1.1456077098846436,1.1149482727050781
3,275,0.9822365641593933,1.1149482727050781
3,276,1.1063123941421509,1.1060056686401367
3,277,1.0463533401489258,1.1140022277832031
3,278,1.051090121269226,1.115464210510254
3,279,1.2212941646575928,1.114609718322754
3,280,1.0044652223587036,1.1060056686401367
3,281,1.0155152082443237,1.1167502403259277
3,282,0.9761253595352173,1.1174826622009277
3,283,0.8938028812408447,1.1066770553588867
3,284,1.273815393447876,1.1167502403259277
3,285,0.985828697681427,1.1168723106384277
3,286,1.0204052925109863,1.1168723106384277
3,287,1.0383577346801758,1.1210236549377441
3,288,0.9850870966911316,1.1141242980957031
3,289,1.0463910102844238,1.1174826622009277
3,290,1.1562182903289795,1.1138801574707031
3,291,0.9269260168075562,1.1060056686401367
3,292,1.0117521286010742,1.1060056686401367
3,293,1.054451584815979,1.1140022277832031
3,294,0.9329433441162109,1.099534511566162
3,295,1.04619562625885,1.1056394577026367
3,296,0.8921124935150146,1.1060056686401367
3,297,1.0124794244766235,1.1060056686401367
3,298,0.8706991076469421,1.1158957481384277
3,299,0.8761471509933472,1.1066770553588867
3,300,0.8453577160835266,1.1060056686401367
3,301,0.8286618590354919,1.1140022277832031
3,302,0.918948233127594,1.1210236549377441
3,303,0.8908028602600098,1.1060056686401367
3,304,1.1007277965545654,1.1158957481384277
3,305,0.9582666158676147,1.1138801574707031
3,306,1.003212332725525,1.1207795143127441
3,307,0.953164279460907,1.1174826622009277
3,308,0.9938337802886963,1.1210236549377441
3,309,0.9616077542304993,1.1174826622009277
3,310,1.0337384939193726,1.1060056686401367
3,311,0.9483707547187805,1.1140022277832031
3,312,1.1585391759872437,1.1169333457946777
3,313,1.070365309715271,1.1174826622009277
3,314,0.7820966243743896,1.1174826622009277
3,315,1.030208706855774,1.1138801574707031
3,316,0.9324885606765747,1.1207795143127441
3,317,1.0118346214294434,1.1174826622009277
3,318,1.0524637699127197,1.1210236549377441
3,319,0.9208964705467224,1.099534511566162
3,320,1.1278445720672607,1.1174826622009277
3,321,1.0432904958724976,1.099534511566162
3,322,0.8919833302497864,1.1056394577026367
3,323,0.8533776998519897,1.1166281700134277
3,324,0.9390036463737488,1.099534511566162
3,325,0.8223193883895874,1.1176047325134277
3,326,0.882139265537262,1.1174826622009277
3,327,1.127478837966919,1.1138801574707031
3,328,0.9162188768386841,1.1147346496582031
3,329,1.1286424398422241,1.1207795143127441
3,330,0.887226939201355,1.1138191223144531
3,331,0.9359930753707886,1.1169333457946777
3,332,0.9503679275512695,1.1174826622009277
3,333,0.9744415283203125,1.1066770553588867
3,334,1.010043740272522,1.1167502403259277
3,335,1.024692416191101,1.099534511566162
3,336,0.8125503659248352,1.1056394577026367
3,337,0.881304919719696,1.1140022277832031
3,338,1.0175325870513916,1.1169333457946777
3,339,1.0247365236282349,1.0925102233886719
3,340,0.9241983890533447,1.1138191223144531
3,341,1.211328148841858,1.1212677955627441
3,342,0.8678094148635864,1.1174826622009277
3,343,0.968077540397644,1.1174826622009277
3,344,0.9028760194778442,1.1138801574707031
3,345,0.857740044593811,1.1207795143127441
3,346,0.9095646739006042,1.1174826622009277
3,347,1.0518858432769775,1.1060056686401367
3,348,0.9119938611984253,1.1140022277832031
3,349,0.8417877554893494,1.1169333457946777
3,350,0.9605727791786194,1.1147346496582031
3,351,0.9406213760375977,1.1207795143127441
3,352,1.0085088014602661,1.1138191223144531
3,353,1.0329649448394775,1.1060056686401367
3,354,0.9222915172576904,1.1140022277832031
3,355,0.9494810104370117,1.1169333457946777
3,356,1.2216441631317139,1.1174826622009277
3,357,1.204277753829956,1.1174826622009277
3,358,1.0041109323501587,1.1210236549377441
3,359,0.9148363471031189,1.1166281700134277
3,360,0.984921395778656,1.1166281700134277
3,361,0.9551483392715454,1.1166281700134277
3,362,0.9369258880615234,1.1146125793457031
3,363,1.006898045539856,1.1160788536071777
3,364,1.0231406688690186,1.1149482727050781
3,365,1.053961157798767,1.1149482727050781
3,366,1.033725380897522,1.1176047325134277
3,367,0.8785147070884705,1.1174826622009277
3,368,1.0997604131698608,1.1174826622009277
3,369,0.9564294815063477,1.1174826622009277
3,370,0.9404920935630798,1.1210236549377441
3,371,0.8170058727264404,1.1166281700134277
3,372,0.8940601944923401,1.1146125793457031
3,373,0.9167141914367676,1.1160788536071777
3,374,1.0697276592254639,1.1149482727050781
3,375,0.8076707720756531,1.1174826622009277
3,376,1.300726294517517,1.1138801574707031
3,377,1.092509388923645,1.1207795143127441
3,378,0.9125725626945496,1.1138191223144531
3,379,0.8308805227279663,1.1212677955627441
3,380,1.0622076988220215,1.1060056686401367
3,381,0.9825961589813232,1.1207795143127441
3,382,0.9472963809967041,1.099534511566162
3,383,0.8569897413253784,1.1060056686401367
3,384,1.071689248085022,1.1207795143127441
3,385,0.8298351764678955,1.1166281700134277
3,386,0.9775599241256714,1.099534511566162
3,387,0.984929621219635,1.1146736145019531
3,388,1.0664926767349243,1.1146736145019531
3,389,1.1254596710205078,1.1169333457946777
3,390,0.8619253635406494,1.1174826622009277
3,391,0.9633116126060486,1.1210236549377441
3,392,0.8883553147315979,1.1141242980957031
3,393,0.967967689037323,1.115464210510254
3,394,0.8625910878181458,1.100755214691162
3,395,0.9793669581413269,1.1174826622009277
3,396,0.8996400833129883,1.1174826622009277
3,397,0.880852997303009,1.1174826622009277
3,398,0.8420681953430176,1.1210236549377441
3,399,0.95680171251297,1.1166281700134277
3,400,0.8812854886054993,1.1166281700134277
3,401,0.9078378081321716,1.1146125793457031
3,402,1.1856096982955933,1.0980076789855957
3,403,1.118727684020996,1.1060056686401367
3,404,0.9409629702568054,1.1140022277832031
3,405,0.9857936501502991,1.1169333457946777
3,406,1.060275912284851,1.1147346496582031
3,407,0.9256336092948914,1.1174826622009277
3,408,0.9418839812278748,1.1147041320800781
3,409,0.8799165487289429,1.1149482727050781
3,410,0.8867526054382324,1.1207795143127441
3,411,0.9388225078582764,1.1140022277832031
3,412,0.9446226954460144,1.115464210510254
3,413,1.1142464876174927,1.1169333457946777
3,414,1.1525895595550537,1.1060056686401367
3,415,0.9597686529159546,1.1167502403259277
3,416,1.173352599143982,1.1210236549377441
3,417,0.8857789039611816,1.1210236549377441
3,418,0.9624180197715759,1.1166281700134277
3,419,1.0865204334259033,1.1146125793457031
3,420,0.9353725910186768,1.1058835983276367
3,421,1.0713428258895874,1.0980076789855957
3,422,1.1160565614700317,1.1060056686401367
3,423,0.9366374611854553,1.1207795143127441
3,424,0.9378306865692139,1.1140022277832031
3,425,0.9075033068656921,1.1210236549377441
3,426,0.8968585729598999,1.1060056686401367
3,427,0.9354684352874756,1.1060056686401367
3,428,0.7650661468505859,1.1207795143127441
3,429,0.8185968995094299,1.1063079833984375
3,430,0.7484706044197083,1.1146736145019531
3,431,0.9364985227584839,1.1212677955627441
3,432,0.9987613558769226,1.1174826622009277
3,433,0.8840153813362122,1.1138801574707031
3,434,0.9610031843185425,1.0980076789855957
3,435,0.9564188122749329,1.1174826622009277
3,436,1.0872197151184082,1.1210236549377441
3,437,0.9633176326751709,1.1138191223144531
3,438,0.9302806258201599,1.1169333457946777
3,439,0.8234705924987793,1.1174826622009277
3,440,1.0574437379837036,1.1210236549377441
3,441,0.9651439189910889,1.1166281700134277
3,442,0.9861488938331604,1.1146125793457031
3,443,0.8564754128456116,1.1058835983276367
3,444,1.0516284704208374,1.1158957481384277
3,445,1.0234452486038208,1.1174826622009277
3,446,0.9055333137512207,1.1174826622009277
3,447,0.9994458556175232,1.1138801574707031
3,448,1.0380533933639526,1.1147346496582031
3,449,1.1548097133636475,1.1207795143127441
3,450,0.944558322429657,1.1207795143127441
3,451,1.1809971332550049,1.1060056686401367
3,452,0.941679060459137,1.100755214691162
3,453,0.9883130192756653,1.1063079833984375
3,454,0.9937000274658203,1.1207795143127441
3,455,0.8987964391708374,1.1166281700134277
3,456,1.0465880632400513,1.1146125793457031
3,457,0.9942901134490967,1.1160788536071777
3,458,0.908902108669281,1.1149482727050781
3,459,0.9843465089797974,1.1149482727050781
3,460,0.8597480058670044,1.1149482727050781
3,461,0.9925470352172852,1.1060056686401367
3,462,0.9137385487556458,1.1140022277832031
3,463,0.7924651503562927,1.1060056686401367
3,464,0.8911277055740356,1.1060056686401367
3,465,0.9803740382194519,1.1140022277832031
3,466,1.0218640565872192,1.1060056686401367
3,467,0.8422982096672058,1.1207795143127441
3,468,0.9234002828598022,1.1166281700134277
3,469,0.7791324853897095,1.1058835983276367
3,470,1.0783339738845825,1.1207795143127441
3,471,0.810262143611908,1.1166281700134277
3,472,0.908350944519043,1.1058835983276367
3,473,1.0433423519134521,1.1158957481384277
3,474,0.9501284956932068,1.1138801574707031
3,475,0.9093029499053955,1.1147346496582031
3,476,1.144473671913147,1.1147346496582031
3,477,1.0312466621398926,1.1147346496582031
3,478,0.7881802916526794,1.1174826622009277
3,479,1.1411566734313965,1.099534511566162
3,480,1.035902976989746,1.1176047325134277
3,481,0.9581071734428406,1.1210236549377441
3,482,0.8499504327774048,1.1174826622009277
3,483,0.8016046285629272,1.1174826622009277
3,484,0.8797400593757629,1.1210236549377441
3,485,0.9189355969429016,1.1141242980957031
3,486,0.9513098001480103,1.1174826622009277
3,487,0.8598986864089966,1.1174826622009277
3,488,0.998687207698822,1.1138801574707031
3,489,0.8921573758125305,1.1207795143127441
3,490,0.909933865070343,1.1138191223144531
3,491,1.0219781398773193,1.1169333457946777
3,492,0.9326663613319397,1.1210236549377441
3,493,1.023043155670166,1.1210236549377441
3,494,0.7728631496429443,1.1138191223144531
3,495,0.9820708632469177,1.1169333457946777
3,496,1.0677281618118286,1.1060056686401367
3,497,0.896144449710846,1.1207795143127441
3,498,0.9871594309806824,1.099534511566162
3,499,0.9495102167129517,1.1207795143127441
3,500,1.023895263671875,1.1174826622009277
3,501,0.8321568965911865,1.1210236549377441
3,502,0.95260089635849,1.1138191223144531
3,503,0.9647472500801086,1.100755214691162
3,504,0.981537401676178,1.1207795143127441
3,505,0.8858959674835205,1.1207795143127441
3,506,0.8851050138473511,1.1138191223144531
3,507,0.9374119639396667,1.1060056686401367
3,508,0.9044778347015381,1.1167502403259277
3,509,1.0632357597351074,1.1066770553588867
3,510,1.0097850561141968,1.1207795143127441
3,511,0.8466414213180542,1.1207795143127441
3,512,0.9201765060424805,1.1056394577026367
3,513,0.9063913226127625,1.1166281700134277
3,514,0.9691247344017029,1.1174826622009277
3,515,1.0080454349517822,1.1210236549377441
3,516,1.1395145654678345,1.1141242980957031
3,517,0.8514338135719299,1.115464210510254
3,518,0.9841998815536499,1.1169333457946777
3,519,0.8616732358932495,1.1174826622009277
3,520,0.8084243535995483,1.1174826622009277
3,521,0.850779116153717,1.1174826622009277
3,522,0.8069947957992554,1.1138801574707031
3,523,0.9138434529304504,1.1147346496582031
3,524,0.8148371577262878,1.1174826622009277
3,525,0.8908664584159851,1.1168723106384277
3,526,1.208216905593872,1.1168723106384277
3,527,0.921870768070221,1.0925102233886719
3,528,0.8735702633857727,1.1174826622009277
3,529,0.9653182625770569,1.0980076789855957
3,530,0.9943523406982422,1.1207795143127441
3,531,1.01387357711792,1.1138191223144531
3,532,0.8575536608695984,1.1212677955627441
3,533,0.8131014108657837,1.1174826622009277
3,534,0.823225736618042,1.0980076789855957
3,535,0.9513829946517944,1.099534511566162
3,536,0.9779803156852722,1.1207795143127441
3,537,0.8063393235206604,1.1138191223144531
3,538,0.8944250345230103,1.1060056686401367
3,539,1.0855880975723267,1.1140022277832031
3,540,0.8577197194099426,1.1169333457946777
3,541,0.9838811755180359,1.1147346496582031
3,542,0.9753298163414001,1.1147346496582031
3,543,0.9052626490592957,1.1174826622009277
3,544,1.1022331714630127,1.1168723106384277
3,545,1.0437432527542114,1.1130256652832031
3,546,1.0210427045822144,1.1207795143127441
3,547,1.0580055713653564,1.1060056686401367
3,548,1.0032914876937866,1.1207795143127441
3,549,0.8858580589294434,1.1063079833984375
3,550,0.9858271479606628,1.1167502403259277
3,551,0.935730516910553,1.1174826622009277
3,552,0.9177206754684448,1.1066770553588867
3,553,0.7634003758430481,1.1207795143127441
3,554,0.9936632513999939,1.1207795143127441
3,555,0.8513920307159424,1.1056394577026367
3,556,1.2407481670379639,1.1207795143127441
3,557,0.7965574860572815,1.1060056686401367
3,558,1.0129598379135132,1.0925102233886719
3,559,1.0622498989105225,1.1174826622009277
3,560,0.866497278213501,1.1174826622009277
3,561,1.0315386056900024,1.1138801574707031
3,562,0.8661057949066162,1.1207795143127441
3,563,1.1431891918182373,1.1138191223144531
3,564,0.82467120885849,1.1138191223144531
3,565,0.9147767424583435,1.1212677955627441
3,566,0.9181360006332397,1.1210236549377441
3,567,0.9068687558174133,1.1210236549377441
3,568,1.0885435342788696,1.1138191223144531
3,569,1.159471035003662,1.1060056686401367
3,570,1.0385662317276,1.1167502403259277
3,571,1.303012728691101,1.1138801574707031
3,572,0.9086261987686157,1.1060056686401367
3,573,0.7855858206748962,1.1207795143127441
3,574,0.8800929188728333,1.1140022277832031
3,575,0.8864056468009949,1.1169333457946777
3,576,0.7325243353843689,1.1210236549377441
3,577,0.8288288116455078,1.1210236549377441
3,578,0.9374104142189026,1.1138191223144531
3,579,1.00117027759552,1.1212677955627441
3,580,0.9856559634208679,1.1138191223144531
3,581,0.9562222957611084,1.1060056686401367
3,582,0.8956694602966309,1.1060056686401367
3,583,0.9014009237289429,1.1167502403259277
3,584,0.8642913699150085,1.1210236549377441
3,585,0.9475359320640564,1.1166281700134277
3,586,0.7366347908973694,1.1146125793457031
3,587,0.9895704388618469,1.1160788536071777
3,588,0.9156627058982849,1.1060056686401367
3,589,0.7957715392112732,1.1140022277832031
3,590,0.7919305562973022,1.115464210510254
3,591,0.8512406349182129,1.1169333457946777
3,592,0.9541784524917603,1.1060056686401367
3,593,1.0855560302734375,1.1167502403259277
3,594,0.958534300327301,1.1138801574707031
3,595,1.1472495794296265,1.100755214691162
3,596,1.0003764629364014,1.1063079833984375
3,597,1.2335424423217773,1.1060056686401367
3,598,1.005785346031189,1.1140022277832031
3,599,1.068293809890747,1.115464210510254
3,600,1.0022486448287964,1.1169333457946777
3,601,0.879754900932312,1.1174826622009277
3,602,0.8549290895462036,1.1138801574707031
3,603,1.1989871263504028,1.1174826622009277
3,604,1.0274790525436401,1.1147041320800781
3,605,0.9331247806549072,1.1174826622009277
3,606,1.264366865158081,1.1174826622009277
3,607,0.8585279583930969,1.1174826622009277
3,608,0.8681071400642395,1.1210236549377441
3,609,0.7627843618392944,1.1166281700134277
3,610,1.1629213094711304,1.1216950416564941
3,611,0.8568491339683533,1.1181540489196777
3,612,1.048751711845398,1.1154060363769531
3,613,1.0432531833648682,1.1154060363769531
3,614,0.8935511708259583,1.1066770553588867
3,615,1.0014731884002686,1.0986790657043457
3,616,1.046260952949524,1.1174826622009277
3,617,1.067939281463623,1.1147346496582031
3,618,0.9804022312164307,1.1147346496582031
3,619,0.8623350858688354,1.1147346496582031
3,620,1.1241624355316162,1.1060056686401367
3,621,1.0097806453704834,1.1167502403259277
3,622,0.9388120770454407,1.1066770553588867
3,623,0.8935350775718689,1.1167502403259277
3,624,1.032914161682129,1.1210236549377441
3,625,0.9030935168266296,1.1210236549377441
3,626,1.1008801460266113,1.1166281700134277
3,627,1.0374928712844849,1.1146125793457031
3,628,0.9472305178642273,1.1160788536071777
3,629,0.9030701518058777,1.1149482727050781
3,630,0.8961525559425354,1.1174826622009277
3,631,0.782290518283844,1.1174826622009277
3,632,1.046614408493042,1.1174826622009277
3,633,0.9722592830657959,1.1174826622009277
3,634,0.8232829570770264,1.1210236549377441
3,635,0.9409831762313843,1.1210236549377441
3,636,0.8502534627914429,1.1060056686401367
3,637,0.9039666652679443,1.1207795143127441
3,638,0.9898175001144409,1.1207795143127441
3,639,0.9404200911521912,1.1138191223144531
3,640,0.7694286704063416,1.1138191223144531
3,641,0.9583749175071716,1.1138191223144531
3,642,1.0641107559204102,1.1060056686401367
3,643,1.0407960414886475,1.1167502403259277
3,644,0.9473972916603088,1.1138801574707031
3,645,1.1869456768035889,1.1060056686401367
3,646,1.0074318647384644,1.0925102233886719
3,647,0.9797001481056213,1.1174826622009277
3,648,0.944358766078949,1.1174826622009277
3,649,0.9631869792938232,1.1060056686401367
3,650,0.8925963044166565,1.1060056686401367
3,651,0.8111648559570312,1.100755214691162
3,652,1.0122590065002441,1.1174826622009277
3,653,0.9078824520111084,1.1210236549377441
3,654,0.9675709009170532,1.1138191223144531
3,655,0.8293144106864929,1.1212677955627441
3,656,1.279005765914917,1.1138191223144531
3,657,0.9639524817466736,1.0980076789855957
3,658,0.9798198938369751,1.1207795143127441
3,659,0.9954401850700378,1.1207795143127441
3,660,0.8882317543029785,1.1138191223144531
3,661,0.9158617258071899,1.1169333457946777
3,662,1.1801503896713257,1.1147346496582031
3,663,0.9339027404785156,1.1207795143127441
3,664,1.0531888008117676,1.1174826622009277
3,665,1.1836005449295044,1.1060056686401367
3,666,0.8153711557388306,1.1167502403259277
3,667,0.8805777430534363,1.1168723106384277
3,668,0.936133623123169,1.1138801574707031
3,669,0.9547950029373169,1.1207795143127441
3,670,0.8568629026412964,1.1138191223144531
3,671,1.0339573621749878,1.1212677955627441
3,672,0.9479914307594299,1.1138191223144531
3,673,0.928557813167572,1.1169333457946777
3,674,0.8797333240509033,1.1147346496582031
3,675,0.895793616771698,1.1174826622009277
3,676,1.1108852624893188,1.1168723106384277
3,677,0.9217938184738159,1.1130256652832031
3,678,0.7844581007957458,1.1174826622009277
3,679,0.9917511343955994,1.1060056686401367
3,680,0.9888279438018799,1.1140022277832031
3,681,1.118406891822815,1.115464210510254
3,682,1.1281498670578003,1.1169333457946777
3,683,0.8704558610916138,1.1174826622009277
3,684,0.8721278309822083,1.1210236549377441
3,685,1.0210317373275757,1.1141242980957031
3,686,1.0690133571624756,1.1207795143127441
3,687,0.818618893623352,1.1174826622009277
3,688,0.9528714418411255,1.1210236549377441
3,689,0.8913645148277283,1.1174826622009277
3,690,0.7939423322677612,1.1174826622009277
3,691,0.8592477440834045,1.1138801574707031
3,692,0.8962815403938293,1.1174826622009277
3,693,0.9746325612068176,1.1147041320800781
3,694,0.8625838756561279,1.1060056686401367
3,695,0.83887779712677,1.1167502403259277
3,696,0.9543554186820984,1.1066770553588867
3,697,0.9275743961334229,1.1140022277832031
3,698,0.9248113036155701,1.099534511566162
3,699,0.8633792400360107,1.1146736145019531
3,700,0.9100809693336487,1.1169333457946777
3,701,1.0830789804458618,1.1147346496582031
3,702,1.0254769325256348,1.1060056686401367
3,703,1.0102922916412354,1.1167502403259277
3,704,0.9404754638671875,1.1066770553588867
3,705,1.0494883060455322,1.1167502403259277
3,706,0.9196051359176636,1.1168723106384277
3,707,0.8412227034568787,1.0925102233886719
3,708,0.7499749064445496,1.099534511566162
3,709,1.2370539903640747,1.1146736145019531
3,710,0.8299088478088379,1.1169333457946777
3,711,0.9070124626159668,1.1147346496582031
3,712,1.1148031949996948,1.1147346496582031
3,713,0.8195820450782776,1.1147346496582031
3,714,0.7576138973236084,1.1174826622009277
3,715,0.9483729600906372,1.1138801574707031
3,716,1.0890655517578125,1.1060056686401367
3,717,0.9310315251350403,1.1167502403259277
3,718,0.8461305499076843,1.1066770553588867
3,719,1.02776038646698,1.1167502403259277
3,720,0.9582131505012512,1.1138801574707031
3,721,0.9495068192481995,1.1207795143127441
3,722,0.7837111949920654,1.1140022277832031
3,723,1.112147331237793,1.115464210510254
3,724,0.9981322884559631,1.1169333457946777
3,725,0.9404304027557373,1.1060056686401367
3,726,1.083877682685852,1.1167502403259277
3,727,0.8229573965072632,1.1138801574707031
3,728,0.9038299918174744,1.1207795143127441
3,729,1.0464587211608887,1.1174826622009277
3,730,0.7647848725318909,1.1174826622009277
3,731,0.9253554940223694,1.1060056686401367
3,732,0.8509211540222168,1.1060056686401367
3,733,0.9497568607330322,1.1167502403259277
3,734,0.9828568696975708,1.1174826622009277
3,735,0.8512410521507263,1.1210236549377441
3,736,0.8364334106445312,1.1060056686401367
3,737,1.039149284362793,1.1207795143127441
3,738,1.0706285238265991,1.1063079833984375
3,739,0.7949506640434265,1.1167502403259277
3,740,0.7507515549659729,1.1138801574707031
3,741,1.0229458808898926,1.1174826622009277
3,742,1.0823891162872314,1.1210236549377441
3,743,0.9071658849716187,1.1060056686401367
3,744,1.0338948965072632,1.1207795143127441
3,745,1.076698660850525,1.1140022277832031
3,746,0.7429021000862122,1.1169333457946777
3,747,0.8387783765792847,1.1174826622009277
3,748,0.8178351521492004,1.1138801574707031
3,749,0.9925244450569153,1.1207795143127441
3,750,0.8537014722824097,1.1060056686401367
3,751,0.8731802701950073,1.1158957481384277
3,752,1.0281579494476318,1.0980076789855957
3,753,1.013946294784546,1.1207795143127441
3,754,0.9207615852355957,1.1174826622009277
3,755,0.9831528663635254,1.1147346496582031
3,756,0.8095898628234863,1.1174826622009277
3,757,1.0614253282546997,1.1147041320800781
3,758,1.0941150188446045,1.1060056686401367
3,759,0.6781699657440186,1.1167502403259277
3,760,0.9540882706642151,1.1174826622009277
3,761,0.891232967376709,1.1138801574707031
3,762,1.0591671466827393,1.1147346496582031
3,763,1.0254064798355103,1.1174826622009277
3,764,0.9011808633804321,1.1066770553588867
3,765,1.1016688346862793,1.1207795143127441
3,766,0.9292487502098083,1.1207795143127441
3,767,0.9647791981697083,1.1056394577026367
3,768,0.9027332067489624,1.1060056686401367
3,769,1.0487116575241089,1.0980076789855957
3,770,0.9630263447761536,1.099534511566162
3,771,0.8018546104431152,1.1146736145019531
3,772,0.9369059801101685,1.1169333457946777
3,773,1.09823477268219,1.1147346496582031
3,774,0.8638812899589539,1.1207795143127441
3,775,0.7481273412704468,1.1207795143127441
3,776,1.0014668703079224,1.1138191223144531
3,777,0.9683337211608887,1.1169333457946777
3,778,1.2270762920379639,1.1210236549377441
3,779,0.7806800603866577,1.1174826622009277
3,780,0.8935929536819458,1.1174826622009277
3,781,0.8415879607200623,1.1060056686401367
3,782,0.8777474761009216,1.100755214691162
3,783,1.0170124769210815,1.1140022277832031
3,784,0.8904521465301514,1.1169333457946777
3,785,0.7684909701347351,1.1174826622009277
3,786,0.8747687339782715,1.1066770553588867
3,787,0.9452006816864014,1.1207795143127441
3,788,0.8027811050415039,1.1166281700134277
3,789,1.0842710733413696,1.1146125793457031
3,790,0.9258464574813843,1.1210236549377441
3,791,0.99856036901474,1.1060056686401367
3,792,0.8980997204780579,1.1158957481384277
3,793,0.9169671535491943,1.1066770553588867
3,794,0.8444898128509521,1.1207795143127441
3,795,0.9680893421173096,1.1166281700134277
3,796,0.9239827394485474,1.0925102233886719
3,797,1.1185462474822998,1.0863170623779297
3,798,0.7349787354469299,1.1200470924377441
3,799,1.00713050365448,1.1210236549377441
3,800,0.7968080639839172,1.1210236549377441
3,801,0.9047498106956482,1.099534511566162
3,802,0.874675452709198,1.1174826622009277
3,803,0.8664745092391968,1.1210236549377441
3,804,0.9277310967445374,1.1060056686401367
3,805,0.9647352695465088,1.1158957481384277
3,806,1.0694361925125122,1.1210236549377441
3,807,0.9842244386672974,1.1174826622009277
3,808,0.9181550741195679,1.08024263381958
3,809,1.0554074048995972,1.1060056686401367
3,810,1.0510677099227905,1.1158957481384277
3,811,0.9050711989402771,1.1174826622009277
3,812,0.917323112487793,1.1174826622009277
3,813,0.9426175355911255,1.1174826622009277
3,814,1.0037299394607544,1.1174826622009277
3,815,1.0169079303741455,1.1138801574707031
3,816,1.0273897647857666,1.1174826622009277
3,817,0.9225461483001709,1.099534511566162
3,818,0.8568149209022522,1.1210236549377441
3,819,0.8410630822181702,1.1174826622009277
3,820,1.0739718675613403,1.1147346496582031
3,821,1.0088763236999512,1.1060056686401367
3,822,0.6729111671447754,1.1060056686401367
3,823,1.03424072265625,1.1207795143127441
3,824,1.0173273086547852,1.1166281700134277
3,825,0.96416836977005,1.1146125793457031
3,826,0.6887638568878174,1.1160788536071777
3,827,0.8360164165496826,1.1210236549377441
3,828,0.8650671243667603,1.1174826622009277
3,829,0.7952000498771667,1.1147346496582031
3,830,0.8359715938568115,1.1207795143127441
3,831,0.8354887962341309,1.1138191223144531
3,832,0.9477483630180359,1.1169333457946777
3,833,0.85051029920578,1.1174826622009277
3,834,1.025406002998352,1.1174826622009277
3,835,0.9794047474861145,1.1138801574707031
3,836,0.976995587348938,1.1207795143127441
3,837,1.026989221572876,1.1207795143127441
3,838,0.9297387003898621,1.1138191223144531
3,839,0.9422866702079773,1.1169333457946777
3,840,0.9663636684417725,1.1210236549377441
3,841,0.9306315183639526,1.1060056686401367
3,842,0.8222827315330505,1.1158957481384277
3,843,0.8904424905776978,1.1210236549377441
3,844,0.7827585339546204,1.1174826622009277
3,845,0.988187849521637,1.1147346496582031
3,846,0.9762435555458069,1.100755214691162
3,847,1.0609755516052246,1.1174826622009277
3,848,0.8491621017456055,1.1174826622009277
3,849,0.9193149209022522,1.1138801574707031
3,850,1.0043247938156128,1.1174826622009277
3,851,0.9181613922119141,1.1147041320800781
3,852,0.8637120723724365,1.1149482727050781
3,853,0.8531256914138794,1.100755214691162
3,854,0.8537744879722595,1.1174826622009277
3,855,1.0372092723846436,1.1210236549377441
3,856,0.9451090693473816,0.9807891845703125
4,1,0.7717799544334412,1.1210236549377441
4,2,0.8444687724113464,1.1138191223144531
4,3,0.8913699388504028,1.1169333457946777
4,4,0.7916756272315979,1.1210236549377441
4,5,0.9270220398902893,1.1210236549377441
4,6,1.022363543510437,1.1138191223144531
4,7,0.7864049673080444,1.1169333457946777
4,8,0.9884647727012634,1.1147346496582031
4,9,0.7051470279693604,1.1174826622009277
4,10,0.8592864871025085,1.1058225631713867
4,11,0.9271308779716492,1.100755214691162
4,12,0.8058536648750305,1.1140022277832031
4,13,0.847844660282135,1.114609718322754
4,14,0.9364436268806458,1.1169333457946777
4,15,0.8692156076431274,1.1174826622009277
4,16,0.9564498662948608,1.1174826622009277
4,17,0.7926478385925293,1.1210236549377441
4,18,0.8315764665603638,1.1210236549377441
4,19,0.8170430660247803,1.1141242980957031
4,20,0.8487326502799988,1.1207795143127441
4,21,0.8710339665412903,1.1207795143127441
4,22,1.0809780359268188,1.1138191223144531
4,23,0.8769360780715942,1.1138191223144531
4,24,0.8146145939826965,1.1060056686401367
4,25,0.793596088886261,1.1140022277832031
4,26,0.7837755680084229,1.1169333457946777
4,27,0.9302994012832642,1.1174826622009277
4,28,1.0800609588623047,1.1174826622009277
4,29,0.9145057201385498,1.1138801574707031
4,30,0.8313932418823242,1.1207795143127441
4,31,0.8472977876663208,1.1207795143127441
4,32,0.8817577958106995,1.1138191223144531
4,33,0.9636856317520142,1.1212677955627441
4,34,0.9544939398765564,1.1210236549377441
4,35,1.0026822090148926,1.1174826622009277
4,36,0.7931331396102905,1.099534511566162
4,37,0.9377150535583496,1.1146736145019531
4,38,0.8316665887832642,1.1060056686401367
4,39,0.8343254923820496,1.1060056686401367
4,40,1.00066077709198,1.1167502403259277
4,41,0.7656550407409668,1.1174826622009277
4,42,0.7764931917190552,1.099534511566162
4,43,0.8433787822723389,1.0980076789855957
4,44,0.8578699231147766,1.1146736145019531
4,45,0.8047895431518555,1.1212677955627441
4,46,0.7731234431266785,1.1210236549377441
4,47,0.8408797979354858,1.1138191223144531
4,48,0.9733092188835144,1.1212677955627441
4,49,0.8778538703918457,1.1060056686401367
4,50,0.8941737413406372,1.1158957481384277
4,51,0.919547438621521,1.1174826622009277
4,52,0.8778488636016846,1.1174826622009277
4,53,0.9205161333084106,1.1066770553588867
4,54,0.819879949092865,1.100755214691162
4,55,0.8439118266105652,1.1174826622009277
4,56,0.8596794605255127,1.1174826622009277
4,57,0.9985939860343933,1.1174826622009277
4,58,0.6812204122543335,1.1210236549377441
4,59,0.8351609706878662,1.1166281700134277
4,60,0.7578849196434021,1.1058835983276367
4,61,1.0114866495132446,1.1158957481384277
4,62,0.8370282649993896,1.1174826622009277
4,63,1.012253999710083,1.1138801574707031
4,64,0.865211009979248,1.1174826622009277
4,65,0.866802453994751,1.1060056686401367
4,66,0.6759961843490601,1.1060056686401367
4,67,0.7516982555389404,1.1060056686401367
4,68,0.7958414554595947,1.1167502403259277
4,69,0.9383801817893982,1.1174826622009277
4,70,0.8445069193840027,1.1174826622009277
4,71,0.9865348935127258,1.1174826622009277
4,72,0.8191112279891968,1.1066770553588867
4,73,0.8044955134391785,1.1140022277832031
4,74,1.125858187675476,1.1210236549377441
4,75,1.0274672508239746,1.1174826622009277
4,76,0.8975976705551147,1.0925102233886719
4,77,0.9282764196395874,1.1174826622009277
4,78,0.8630309104919434,1.1210236549377441
4,79,0.8166480660438538,1.1174826622009277
4,80,0.8708288669586182,1.1210236549377441
4,81,0.9366955757141113,1.1138191223144531
4,82,0.7008439302444458,1.1060056686401367
4,83,0.8928698897361755,1.1207795143127441
4,84,0.7888132333755493,1.1063079833984375
4,85,0.882551908493042,1.099534511566162
4,86,0.90312659740448,1.1207795143127441
4,87,0.8970235586166382,1.1174826622009277
4,88,0.8882760405540466,1.1147346496582031
4,89,1.101271629333496,1.1207795143127441
4,90,0.8741000294685364,1.0980076789855957
4,91,0.900510311126709,1.1207795143127441
4,92,0.8592630624771118,1.1138191223144531
4,93,0.645000159740448,1.1138191223144531
4,94,0.9821737408638,1.1060056686401367
4,95,0.784764289855957,1.1207795143127441
4,96,1.022996187210083,1.1140022277832031
4,97,0.8721458315849304,1.099534511566162
4,98,1.0218240022659302,1.1176047325134277
4,99,1.0008928775787354,1.1210236549377441
4,100,0.9069638252258301,1.1060056686401367
4,101,0.8844020962715149,1.1158957481384277
4,102,1.033180832862854,1.1138801574707031
4,103,0.8262816667556763,1.1060056686401367
4,104,0.847349226474762,1.1140022277832031
4,105,0.8371132612228394,1.115464210510254
4,106,0.7599791288375854,1.0980076789855957
4,107,0.7362385988235474,1.1174826622009277
4,108,0.7435482740402222,1.1147346496582031
4,109,0.8548078536987305,1.1207795143127441
4,110,0.9642219543457031,1.099534511566162
4,111,0.756623387336731,1.1174826622009277
4,112,0.7410904169082642,1.1174826622009277
4,113,0.909238874912262,1.0980076789855957
4,114,0.7860157489776611,1.1174826622009277
4,115,0.7897489666938782,1.1174826622009277
4,116,0.9755227565765381,1.1138801574707031
4,117,0.8130131959915161,1.1174826622009277
4,118,0.9075549840927124,1.1060056686401367
4,119,0.8033782243728638,1.1167502403259277
4,120,0.8045169711112976,1.1066770553588867
4,121,0.863395631313324,1.1207795143127441
4,122,0.840276300907135,1.1207795143127441
4,123,0.942091703414917,1.1166281700134277
4,124,0.8794061541557312,1.1166281700134277
4,125,0.9765247702598572,1.1216950416564941
4,126,0.8498681783676147,1.1216950416564941
4,127,1.068550944328308,1.1181540489196777
4,128,0.724757730960846,1.1154060363769531
4,129,0.904904842376709,1.1207795143127441
4,130,0.8449887037277222,1.1207795143127441
4,131,0.8967217206954956,1.1174826622009277
4,132,0.9527416825294495,1.1174826622009277
4,133,0.9823670387268066,1.1210236549377441
4,134,0.7768653631210327,1.1141242980957031
4,135,0.9435921311378479,1.115464210510254
4,136,0.7931686043739319,1.1212677955627441
4,137,0.9142524003982544,1.1174826622009277
4,138,0.8216314911842346,1.1174826622009277
4,139,0.8290029168128967,1.1210236549377441
4,140,1.079879641532898,1.1141242980957031
4,141,1.1182037591934204,1.1174826622009277
4,142,0.8505612015724182,1.1210236549377441
4,143,1.0156338214874268,1.1166281700134277
4,144,0.713168203830719,1.1146125793457031
4,145,0.9384434819221497,1.1160788536071777
4,146,0.8917044997215271,1.1210236549377441
4,147,0.8604186177253723,1.1174826622009277
4,148,0.8393895626068115,1.0980076789855957
4,149,1.0034582614898682,1.1174826622009277
4,150,0.6548284292221069,1.1147346496582031
4,151,0.9522063136100769,1.1147346496582031
4,152,0.8752729296684265,1.1060056686401367
4,153,0.7635269165039062,1.1140022277832031
4,154,0.9538851976394653,1.115464210510254
4,155,0.8704132437705994,1.1060056686401367
4,156,0.8524097204208374,1.1140022277832031
4,157,0.8304250240325928,1.1169333457946777
4,158,0.8860605955123901,1.1060056686401367
4,159,0.9308242201805115,1.1207795143127441
4,160,0.9788159728050232,1.1140022277832031
4,161,0.7547972798347473,1.1210236549377441
4,162,0.8368050456047058,1.1138191223144531
4,163,1.0028294324874878,1.1138191223144531
4,164,0.8190845847129822,1.1138191223144531
4,165,0.7330175638198853,1.1169333457946777
4,166,0.7800567746162415,1.1174826622009277
4,167,0.949724555015564,1.1210236549377441
4,168,0.8557113409042358,1.1141242980957031
4,169,0.8461741209030151,1.1174826622009277
4,170,0.9580602645874023,1.1174826622009277
4,171,0.9961838126182556,1.1138801574707031
4,172,0.8882692456245422,1.1174826622009277
4,173,1.042358636856079,1.1168723106384277
4,174,0.9285589456558228,1.1066770553588867
4,175,0.7776519060134888,1.100755214691162
4,176,0.7910730838775635,1.100755214691162
4,177,0.8490371108055115,1.1207795143127441
4,178,0.9271972179412842,1.1138191223144531
4,179,0.7381239533424377,1.1138191223144531
4,180,1.021863341331482,1.1060056686401367
4,181,0.815346360206604,1.1140022277832031
4,182,0.8272699117660522,1.115464210510254
4,183,0.831574022769928,1.1169333457946777
4,184,0.6908656358718872,1.0980076789855957
4,185,0.8127056360244751,1.1146736145019531
4,186,0.8503667116165161,1.1212677955627441
4,187,0.809686541557312,1.1174826622009277
4,188,0.9038987755775452,1.1060056686401367
4,189,0.8689166903495789,1.1167502403259277
4,190,0.8864852786064148,1.1174826622009277
4,191,0.8498497605323792,1.1174826622009277
4,192,0.8897530436515808,1.1174826622009277
4,193,0.829636812210083,1.1174826622009277
4,194,0.7751434445381165,1.1138801574707031
4,195,0.8635770082473755,1.1060056686401367
4,196,0.9297288060188293,1.1140022277832031
4,197,0.8301401138305664,1.1060056686401367
4,198,1.147233009338379,1.1140022277832031
4,199,0.8006920218467712,1.1169333457946777
4,200,0.9215919971466064,1.1210236549377441
4,201,0.9806761145591736,1.1138191223144531
4,202,0.9184362292289734,1.1169333457946777
4,203,0.7881830930709839,1.1210236549377441
4,204,0.9318334460258484,1.1174826622009277
4,205,0.9019778966903687,1.1174826622009277
4,206,0.7916353940963745,1.1210236549377441
4,207,0.8157070875167847,1.1060056686401367
4,208,0.8474887013435364,1.1158957481384277
4,209,0.8411312103271484,1.1138801574707031
4,210,0.8244702816009521,1.1207795143127441
4,211,0.870428740978241,1.1207795143127441
4,212,0.8406037092208862,1.1207795143127441
4,213,0.8014653921127319,1.1138191223144531
4,214,0.8093369603157043,1.1138191223144531
4,215,0.6959910988807678,1.1169333457946777
4,216,0.7795690298080444,1.1147346496582031
4,217,0.7935805320739746,1.1174826622009277
4,218,0.7949700951576233,1.1210236549377441
4,219,0.8827760219573975,1.1210236549377441
4,220,0.884890079498291,1.1166281700134277
4,221,1.0172659158706665,1.1216950416564941
4,222,0.9020633101463318,1.1216950416564941
4,223,0.9769257307052612,1.1181540489196777
4,224,1.1204665899276733,1.1154060363769531
4,225,0.9186363220214844,1.1207795143127441
4,226,0.9258419871330261,1.1138191223144531
4,227,0.6917251348495483,1.1212677955627441
4,228,0.9936102628707886,1.1060056686401367
4,229,0.9323998689651489,1.1158957481384277
4,230,0.807913064956665,1.1138801574707031
4,231,1.020990252494812,1.1147346496582031
4,232,0.7880159020423889,1.1174826622009277
4,233,0.7774980664253235,1.1138801574707031
4,234,0.8528443574905396,1.1174826622009277
4,235,0.8256978988647461,1.1060056686401367
4,236,0.7943828105926514,1.1207795143127441
4,237,1.0493569374084473,1.099534511566162
4,238,0.8347314596176147,1.1060056686401367
4,239,0.8698621988296509,1.1140022277832031
4,240,0.929740846157074,1.1060056686401367
4,241,0.7848934531211853,1.1167502403259277
4,242,0.840580403804779,1.1174826622009277
4,243,0.88298499584198,1.1210236549377441
4,244,0.9884456992149353,1.1166281700134277
4,245,0.8647202253341675,1.1166281700134277
4,246,0.817855954170227,1.1166281700134277
4,247,0.7464235424995422,1.1166281700134277
4,248,0.7859554290771484,1.1216950416564941
4,249,0.7317585349082947,1.1181540489196777
4,250,0.8442052602767944,1.1066770553588867
4,251,0.7199172973632812,1.1207795143127441
4,252,0.8735313415527344,1.1166281700134277
4,253,0.7582229971885681,1.1146125793457031
4,254,0.9281395673751831,1.099534511566162
4,255,0.724108099937439,1.1210236549377441
4,256,0.834357500076294,1.1174826622009277
4,257,0.8884661197662354,1.1174826622009277
4,258,0.816737711429596,1.1174826622009277
4,259,0.881747305393219,1.1174826622009277
4,260,0.8648393750190735,1.1174826622009277
4,261,0.8987887501716614,1.1060056686401367
4,262,0.8818261027336121,1.1207795143127441
4,263,0.9941015243530273,1.1166281700134277
4,264,0.9919546842575073,1.1216950416564941
4,265,1.022584319114685,1.1144905090332031
4,266,0.8919628858566284,1.1169333457946777
4,267,0.8299267888069153,1.1060056686401367
4,268,0.7579599618911743,1.1060056686401367
4,269,0.8608664274215698,1.100755214691162
4,270,0.9391738176345825,1.1174826622009277
4,271,0.7867349982261658,1.099534511566162
4,272,0.9551635384559631,1.1146736145019531
4,273,0.885728120803833,1.1060056686401367
4,274,0.9080989956855774,1.1060056686401367
4,275,0.9582507014274597,1.1207795143127441
4,276,0.9778215289115906,1.1207795143127441
4,277,0.9028210043907166,1.1166281700134277
4,278,0.8274117708206177,1.1058835983276367
4,279,0.9481527805328369,1.1158957481384277
4,280,0.711924135684967,1.1066770553588867
4,281,0.9294303059577942,1.1167502403259277
4,282,0.6465702652931213,1.1168723106384277
4,283,0.9802213907241821,1.1210236549377441
4,284,0.8586366772651672,1.1060056686401367
4,285,0.6478968262672424,1.1207795143127441
4,286,0.7876147031784058,1.1140022277832031
4,287,0.9015502333641052,1.1060056686401367
4,288,0.8456726670265198,1.1060056686401367
4,289,0.824622392654419,1.1207795143127441
4,290,0.731620728969574,1.0980076789855957
4,291,0.7806234955787659,1.1174826622009277
4,292,0.8190012574195862,1.0980076789855957
4,293,0.865913987159729,1.1146736145019531
4,294,1.1713536977767944,1.1060056686401367
4,295,0.8024517297744751,1.1140022277832031
4,296,0.7249667048454285,1.1210236549377441
4,297,1.0062282085418701,1.1210236549377441
4,298,0.7336386442184448,1.1174826622009277
4,299,0.7134003043174744,1.1174826622009277
4,300,0.7814529538154602,1.0980076789855957
4,301,0.8457335829734802,1.1174826622009277
4,302,0.8335712552070618,1.099534511566162
4,303,0.9108487963676453,1.1176047325134277
4,304,0.9820936322212219,1.099534511566162
4,305,0.815019965171814,1.1146736145019531
4,306,0.793556809425354,1.1169333457946777
4,307,0.8159505128860474,1.1210236549377441
4,308,0.7891721725463867,1.1174826622009277
4,309,0.8919814229011536,1.1060056686401367
4,310,0.8273086547851562,1.1167502403259277
4,311,0.6610886454582214,1.1066770553588867
4,312,0.9894573092460632,1.1140022277832031
4,313,0.8881203532218933,1.115464210510254
4,314,0.9951953887939453,1.1212677955627441
4,315,0.7337220907211304,1.1060056686401367
4,316,0.7947787046432495,1.100755214691162
4,317,0.7540863156318665,1.1063079833984375
4,318,0.8667334914207458,1.1138191223144531
4,319,0.8955515623092651,1.1212677955627441
4,320,0.7453888058662415,1.1060056686401367
4,321,0.8057132363319397,1.1158957481384277
4,322,0.9450119137763977,1.1138801574707031
4,323,0.7520866990089417,1.0925102233886719
4,324,0.8802264928817749,1.099534511566162
4,325,1.045565128326416,1.1210236549377441
4,326,0.9005341529846191,1.1174826622009277
4,327,0.7745530009269714,1.1174826622009277
4,328,0.7408595681190491,1.1174826622009277
4,329,0.7920027375221252,1.1138801574707031
4,330,0.936906635761261,1.1207795143127441
4,331,1.1878167390823364,1.1174826622009277
4,332,1.0651545524597168,1.1174826622009277
4,333,0.8734205961227417,1.1138801574707031
4,334,0.7583820819854736,1.1174826622009277
4,335,0.7107527256011963,1.1168723106384277
4,336,1.176917314529419,1.1210236549377441
4,337,0.7566226720809937,1.1141242980957031
4,338,0.9679445624351501,1.115464210510254
4,339,0.9591324329376221,1.1060056686401367
4,340,1.0246176719665527,1.1167502403259277
4,341,0.7579153180122375,1.1138801574707031
4,342,0.9244835376739502,1.1174826622009277
4,343,0.8928685188293457,1.1210236549377441
4,344,0.8347698450088501,1.1141242980957031
4,345,0.8013511896133423,1.1207795143127441
4,346,0.8467125296592712,1.1207795143127441
4,347,1.1113064289093018,1.099534511566162
4,348,0.8936492800712585,1.1174826622009277
4,349,0.6909986138343811,1.1060056686401367
4,350,0.8836344480514526,1.100755214691162
4,351,0.9787441492080688,1.1140022277832031
4,352,0.9691818356513977,1.1210236549377441
4,353,0.788058340549469,1.1138191223144531
4,354,0.9564124345779419,1.1212677955627441
4,355,0.9030646085739136,1.1210236549377441
4,356,0.8959938883781433,1.1174826622009277
4,357,0.8262010216712952,1.1210236549377441
4,358,0.7851881384849548,1.1060056686401367
4,359,0.742458164691925,1.1140022277832031
4,360,0.904390275478363,1.1060056686401367
4,361,1.0113286972045898,1.1207795143127441
4,362,0.688447892665863,1.1063079833984375
4,363,0.7905882596969604,1.1167502403259277
4,364,1.0523830652236938,1.1174826622009277
4,365,0.9552000761032104,1.1138801574707031
4,366,0.7717240452766418,1.1174826622009277
4,367,0.8948338627815247,1.1210236549377441
4,368,0.7670136094093323,1.1141242980957031
4,369,0.9027618169784546,1.1174826622009277
4,370,0.9370960593223572,1.1060056686401367
4,371,1.0390255451202393,1.0980076789855957
4,372,0.7768658995628357,1.1174826622009277
4,373,0.9211440086364746,1.1147346496582031
4,374,0.8290413618087769,1.1207795143127441
4,375,0.7756984829902649,1.1207795143127441
4,376,0.7192695736885071,1.099534511566162
4,377,0.7158490419387817,1.1146736145019531
4,378,0.8008173704147339,1.0980076789855957
4,379,0.8158570528030396,1.1207795143127441
4,380,0.8634061217308044,1.1138191223144531
4,381,0.8738493323326111,1.1212677955627441
4,382,0.6926950216293335,1.1210236549377441
4,383,0.7370730638504028,1.1174826622009277
4,384,0.7782556414604187,1.1147346496582031
4,385,0.8949502110481262,1.1174826622009277
4,386,0.934485673904419,1.1210236549377441
4,387,0.7853953838348389,1.099534511566162
4,388,0.9657127261161804,1.1174826622009277
4,389,0.9264317154884338,1.1210236549377441
4,390,0.8600414395332336,1.1060056686401367
4,391,0.8065135478973389,1.1140022277832031
4,392,0.9406991600990295,1.115464210510254
4,393,0.9622579216957092,1.114609718322754
4,394,0.7631178498268127,1.1060056686401367
4,395,0.8917828798294067,1.1207795143127441
4,396,0.9055411219596863,1.1140022277832031
4,397,0.886330783367157,1.1210236549377441
4,398,1.0569480657577515,1.1138191223144531
4,399,0.8872501254081726,1.1169333457946777
4,400,1.0312691926956177,1.0980076789855957
4,401,0.6576695442199707,1.1174826622009277
4,402,0.9324623942375183,1.1174826622009277
4,403,0.9044749736785889,1.1210236549377441
4,404,0.9136057496070862,1.1060056686401367
4,405,0.8023602962493896,1.1140022277832031
4,406,0.8478720188140869,1.115464210510254
4,407,0.6167400479316711,1.1169333457946777
4,408,0.8478891849517822,1.1147346496582031
4,409,0.7845540642738342,1.1174826622009277
4,410,0.903777003288269,1.1147041320800781
4,411,0.8149978518486023,1.1174826622009277
4,412,0.7167536616325378,1.1060056686401367
4,413,0.7196595072746277,1.1167502403259277
4,414,0.7914131283760071,1.1066770553588867
4,415,0.9464347958564758,1.1140022277832031
4,416,0.7847870588302612,1.1169333457946777
4,417,0.8434789180755615,1.1147346496582031
4,418,0.7978041172027588,1.1207795143127441
4,419,0.8094882369041443,1.099534511566162
4,420,1.0170854330062866,1.1207795143127441
4,421,0.7971338629722595,1.1138191223144531
4,422,0.7644591331481934,1.1169333457946777
4,423,1.0007551908493042,1.1174826622009277
4,424,0.8643350601196289,1.1174826622009277
4,425,1.0690022706985474,1.1210236549377441
4,426,0.9568739533424377,1.099534511566162
4,427,0.8242020606994629,1.1146736145019531
4,428,0.6682227253913879,1.1146736145019531
4,429,0.7769501805305481,1.1169333457946777
4,430,0.9922962784767151,1.1174826622009277
4,431,0.8538787961006165,1.1174826622009277
4,432,0.880588173866272,1.1210236549377441
4,433,0.829251766204834,1.1141242980957031
4,434,0.9093269109725952,1.1174826622009277
4,435,1.1903976202011108,1.1138801574707031
4,436,0.9111529588699341,1.1060056686401367
4,437,0.7750206589698792,1.1207795143127441
4,438,0.9331983327865601,1.1140022277832031
4,439,0.7935529351234436,1.1169333457946777
4,440,0.7326793670654297,1.1210236549377441
4,441,0.8211585879325867,1.1174826622009277
4,442,0.8179587721824646,1.1147346496582031
4,443,0.8237206935882568,1.1060056686401367
4,444,0.9425265789031982,1.1167502403259277
4,445,0.8726321458816528,1.1174826622009277
4,446,0.8263658285140991,1.1174826622009277
4,447,0.7412055134773254,1.1174826622009277
4,448,1.0028393268585205,1.1210236549377441
4,449,1.033307433128357,1.1210236549377441
4,450,1.0034582614898682,1.1060056686401367
4,451,0.7703832387924194,1.1158957481384277
4,452,0.8589062094688416,1.1174826622009277
4,453,0.927219033241272,1.1066770553588867
4,454,0.6593661308288574,1.1060056686401367
4,455,0.663512647151947,1.1167502403259277
4,456,0.9252383708953857,1.099534511566162
4,457,0.9699746966362,1.1146736145019531
4,458,0.8495886921882629,1.1169333457946777
4,459,0.7825452089309692,1.1147346496582031
4,460,0.8901151418685913,1.1207795143127441
4,461,0.8033772706985474,1.1138191223144531
4,462,0.9699282646179199,1.1169333457946777
4,463,1.0251049995422363,1.1147346496582031
4,464,0.7851614952087402,1.1174826622009277
4,465,0.8249223828315735,1.1168723106384277
4,466,0.8407300710678101,1.1168723106384277
4,467,0.791782021522522,1.1210236549377441
4,468,0.8820886611938477,1.1166281700134277
4,469,0.8592801690101624,1.1166281700134277
4,470,1.121200442314148,1.1058835983276367
4,471,0.8653799891471863,1.1158957481384277
4,472,0.6399776935577393,1.1210236549377441
4,473,0.8791643381118774,1.1210236549377441
4,474,0.7709165811538696,1.1210236549377441
4,475,0.7412132620811462,1.1138191223144531
4,476,0.8441652655601501,1.1138191223144531
4,477,0.8419848084449768,1.1169333457946777
4,478,0.8303251266479492,1.099534511566162
4,479,0.9359534382820129,1.1174826622009277
4,480,0.8747958540916443,1.1174826622009277
4,481,0.9178060293197632,1.1174826622009277
4,482,0.8031876087188721,1.1174826622009277
4,483,0.8784005045890808,1.0980076789855957
4,484,0.805359959602356,1.0980076789855957
4,485,0.7780956029891968,1.1146736145019531
4,486,0.7872481942176819,1.1060056686401367
4,487,0.7931244373321533,1.1140022277832031
4,488,0.89748615026474,1.1169333457946777
4,489,1.0206760168075562,1.1210236549377441
4,490,0.7742377519607544,1.1174826622009277
4,491,0.9979221820831299,1.1174826622009277
4,492,1.000221848487854,1.1138801574707031
4,493,0.74847412109375,1.1060056686401367
4,494,0.8680165410041809,1.1207795143127441
4,495,0.84479159116745,1.1140022277832031
4,496,0.7839238047599792,1.1169333457946777
4,497,0.8932152390480042,1.1210236549377441
4,498,0.6587284803390503,1.1174826622009277
4,499,0.8786512613296509,1.1060056686401367
4,500,1.0178749561309814,1.100755214691162
4,501,0.8159205317497253,1.1140022277832031
4,502,0.7329872846603394,1.1060056686401367
4,503,0.8726073503494263,1.1207795143127441
4,504,0.8055794835090637,1.1166281700134277
4,505,0.8225241899490356,1.1216950416564941
4,506,1.0782397985458374,1.1216950416564941
4,507,0.7926486134529114,1.1216950416564941
4,508,1.0225037336349487,1.1144905090332031
4,509,1.0053714513778687,1.1212677955627441
4,510,0.8565818667411804,1.1138191223144531
4,511,0.7769221663475037,1.1138191223144531
4,512,0.8478415608406067,1.1169333457946777
4,513,0.9499281048774719,1.1174826622009277
4,514,0.9692941904067993,1.099534511566162
4,515,0.9075421690940857,1.1176047325134277
4,516,0.8864588737487793,1.1210236549377441
4,517,0.8321855664253235,1.1174826622009277
4,518,0.6485720872879028,1.1210236549377441
4,519,0.829182505607605,1.1174826622009277
4,520,0.7078695297241211,1.1174826622009277
4,521,0.6544230580329895,1.1060056686401367
4,522,0.713239312171936,1.1167502403259277
4,523,0.933542788028717,1.1174826622009277
4,524,0.7651538252830505,1.1174826622009277
4,525,0.7932206988334656,1.1138801574707031
4,526,0.9180865287780762,1.0980076789855957
4,527,0.8025161623954773,1.1060056686401367
4,528,0.7627549767494202,1.1140022277832031
4,529,0.8643784523010254,1.114609718322754
4,530,0.7552502751350403,1.1169333457946777
4,531,0.8386382460594177,1.1147346496582031
4,532,0.7404648065567017,1.1207795143127441
4,533,0.8033684492111206,1.1138191223144531
4,534,0.9974063038825989,1.1169333457946777
4,535,0.7281997799873352,1.1210236549377441
4,536,0.9324793815612793,1.1138191223144531
4,537,0.7184921503067017,1.1169333457946777
4,538,0.6430451273918152,1.1174826622009277
4,539,0.8799753785133362,1.1066770553588867
4,540,0.7824922204017639,1.1060056686401367
4,541,0.8013914823532104,1.1167502403259277
4,542,0.9150964021682739,1.1138801574707031
4,543,0.9666271805763245,1.1060056686401367
4,544,0.8656585216522217,1.1207795143127441
4,545,0.8263663053512573,1.1166281700134277
4,546,1.055982232093811,1.1146125793457031
4,547,0.8000335693359375,1.1160788536071777
4,548,0.9453120827674866,1.1060056686401367
4,549,0.9241187572479248,1.1140022277832031
4,550,0.7441185116767883,1.1210236549377441
4,551,0.8264110088348389,1.1174826622009277
4,552,0.8594962358474731,1.1210236549377441
4,553,0.8848348259925842,1.1138191223144531
4,554,0.8820897936820984,1.1060056686401367
4,555,1.0908454656600952,1.1207795143127441
4,556,0.7563713788986206,1.1140022277832031
4,557,1.2335940599441528,1.1210236549377441
4,558,0.876977264881134,1.1174826622009277
4,559,0.8974851369857788,1.1174826622009277
4,560,0.7823551297187805,1.099534511566162
4,561,1.0745669603347778,1.1176047325134277
4,562,0.7561209201812744,1.1210236549377441
4,563,0.9399190545082092,1.1174826622009277
4,564,0.9428927302360535,1.1174826622009277
4,565,0.883418619632721,1.1138801574707031
4,566,1.0602883100509644,1.1174826622009277
4,567,0.9001784920692444,1.1168723106384277
4,568,0.9636082053184509,1.1130256652832031
4,569,0.8031905293464661,1.1207795143127441
4,570,0.9942719340324402,1.1060056686401367
4,571,0.865707516670227,1.1060056686401367
4,572,0.7493847012519836,1.1140022277832031
4,573,0.7020090222358704,1.1169333457946777
4,574,0.8659086227416992,1.099534511566162
4,575,0.8542929887771606,1.1060056686401367
4,576,0.9998279809951782,1.1140022277832031
4,577,0.8444933295249939,1.1060056686401367
4,578,0.9493905901908875,1.1167502403259277
4,579,0.7777894735336304,1.1138801574707031
4,580,0.8719671368598938,1.1147346496582031
4,581,0.8079882264137268,1.1147346496582031
4,582,0.8666782975196838,1.1147346496582031
4,583,1.1216962337493896,1.1174826622009277
4,584,1.0553758144378662,1.1210236549377441
4,585,0.851618766784668,1.1166281700134277
4,586,0.8861969113349915,1.1058835983276367
4,587,0.828899085521698,1.099534511566162
4,588,0.8082390427589417,1.1174826622009277
4,589,0.9094063639640808,1.1174826622009277
4,590,0.8572549819946289,1.1174826622009277
4,591,1.05777108669281,1.1138801574707031
4,592,0.7924189567565918,1.1147346496582031
4,593,0.9001469612121582,1.1147346496582031
4,594,0.8040584325790405,1.1147346496582031
4,595,0.8764106631278992,1.1174826622009277
4,596,0.8607140779495239,1.1210236549377441
4,597,0.7384552955627441,1.1166281700134277
4,598,0.9281014800071716,1.1166281700134277
4,599,0.8842513561248779,1.1166281700134277
4,600,1.0040283203125,1.1216950416564941
4,601,0.793560802936554,1.1181540489196777
4,602,0.9862574338912964,1.1066770553588867
4,603,0.6756590604782104,1.1207795143127441
4,604,0.8895499110221863,1.1207795143127441
4,605,0.8749832510948181,1.0980076789855957
4,606,0.8421562910079956,1.1207795143127441
4,607,0.766228199005127,1.1174826622009277
4,608,1.016324758529663,1.1147346496582031
4,609,0.9473729133605957,1.1174826622009277
4,610,0.772105872631073,1.1147041320800781
4,611,0.8217779994010925,1.1149482727050781
4,612,0.8524094223976135,1.1149482727050781
4,613,1.1652007102966309,1.1176047325134277
4,614,0.9334253072738647,1.1138801574707031
4,615,0.7854025363922119,1.1207795143127441
4,616,0.7413517832756042,1.1207795143127441
4,617,0.8326742649078369,1.1138191223144531
4,618,0.8295691609382629,1.0980076789855957
4,619,0.9000464677810669,1.1174826622009277
4,620,0.9972555637359619,1.1174826622009277
4,621,0.9044228196144104,1.1174826622009277
4,622,0.8910295367240906,1.1210236549377441
4,623,0.8845129013061523,1.1166281700134277
4,624,0.927299439907074,1.099534511566162
4,625,0.9662516117095947,1.1176047325134277
4,626,1.0043933391571045,1.1174826622009277
4,627,0.8638637065887451,1.1138801574707031
4,628,1.022197961807251,1.1174826622009277
4,629,0.8534900546073914,1.1060056686401367
4,630,0.7857807278633118,1.1167502403259277
4,631,0.6983981132507324,1.1210236549377441
4,632,1.0499922037124634,1.1210236549377441
4,633,1.0153330564498901,1.1060056686401367
4,634,1.0080994367599487,1.100755214691162
4,635,0.9448763132095337,1.1140022277832031
4,636,0.7999823093414307,1.1060056686401367
4,637,0.8313486576080322,1.1207795143127441
4,638,0.9795945882797241,1.1140022277832031
4,639,0.933048665523529,1.099534511566162
4,640,0.7959579229354858,1.1056394577026367
4,641,0.8375174403190613,1.1140022277832031
4,642,0.7838822603225708,1.1169333457946777
4,643,0.9143418073654175,1.1174826622009277
4,644,0.7061288356781006,1.1066770553588867
4,645,0.8142334818840027,1.100755214691162
4,646,0.7606074213981628,1.1174826622009277
4,647,0.8560537695884705,1.1060056686401367
4,648,0.853055477142334,1.1060056686401367
4,649,0.7276779413223267,1.1207795143127441
4,650,0.7413100004196167,1.1166281700134277
4,651,0.7056789994239807,1.1146125793457031
4,652,1.0212159156799316,1.1160788536071777
4,653,0.9987757802009583,1.1149482727050781
4,654,0.8807068467140198,1.1207795143127441
4,655,0.9637020230293274,1.1060056686401367
4,656,0.7787908315658569,1.1140022277832031
4,657,0.9518448710441589,1.115464210510254
4,658,0.7504088282585144,1.1169333457946777
4,659,1.1071425676345825,1.1174826622009277
4,660,0.7383708953857422,1.1138801574707031
4,661,0.7329261302947998,1.1174826622009277
4,662,0.7261872887611389,1.1147041320800781
4,663,0.6444615125656128,1.1174826622009277
4,664,0.7684801816940308,1.1174826622009277
4,665,0.9693187475204468,1.1174826622009277
4,666,1.066308617591858,1.1138801574707031
4,667,1.0733648538589478,1.1147346496582031
4,668,0.6193890571594238,1.1060056686401367
4,669,0.8285956382751465,1.1167502403259277
4,670,0.797996997833252,1.1174826622009277
4,671,0.879153847694397,1.1174826622009277
4,672,0.8468387126922607,1.1138801574707031
4,673,0.6236380338668823,1.1207795143127441
4,674,0.9693546891212463,1.1174826622009277
4,675,0.7436919808387756,1.1174826622009277
4,676,0.9343040585517883,1.1138801574707031
4,677,0.6920946836471558,1.1060056686401367
4,678,0.7031058073043823,1.1167502403259277
4,679,0.9094352722167969,1.1066770553588867
4,680,0.8390985131263733,1.1207795143127441
4,681,0.7918123602867126,1.1166281700134277
4,682,0.8225409984588623,1.1166281700134277
4,683,0.9673020243644714,1.1146125793457031
4,684,0.7285910248756409,1.1058835983276367
4,685,1.0199074745178223,1.1207795143127441
4,686,0.7671447396278381,1.1138191223144531
4,687,0.713502824306488,1.1060056686401367
4,688,1.0484740734100342,1.1207795143127441
4,689,0.9017506837844849,1.1140022277832031
4,690,0.962886393070221,1.099534511566162
4,691,0.8239226937294006,1.1210236549377441
4,692,0.9331130981445312,1.1174826622009277
4,693,0.9904351234436035,1.1060056686401367
4,694,0.7343155145645142,1.1167502403259277
4,695,0.7652211785316467,1.099534511566162
4,696,0.9935175776481628,1.1146736145019531
4,697,0.8405129313468933,1.1212677955627441
4,698,0.9618962407112122,1.1138191223144531
4,699,0.7820802330970764,1.1060056686401367
4,700,0.8537307977676392,1.1167502403259277
4,701,0.9461255669593811,1.1066770553588867
4,702,0.890701413154602,1.1207795143127441
4,703,0.8782379627227783,1.1207795143127441
4,704,0.8329898118972778,1.1138191223144531
4,705,0.8596420884132385,1.1169333457946777
4,706,0.8295342326164246,1.1174826622009277
4,707,0.8226305842399597,1.1060056686401367
4,708,0.8966941237449646,1.1167502403259277
4,709,0.8412152528762817,1.1066770553588867
4,710,0.9791234135627747,1.1167502403259277
4,711,0.9160815477371216,1.1138801574707031
4,712,0.9463604092597961,1.1174826622009277
4,713,0.9119490385055542,1.1174826622009277
4,714,1.0579830408096313,1.1174826622009277
4,715,0.7080281376838684,1.099534511566162
4,716,0.7594810128211975,1.099534511566162
4,717,0.7845555543899536,1.1060056686401367
4,718,0.8560922741889954,1.1140022277832031
4,719,0.9768170714378357,1.1210236549377441
4,720,0.8327993750572205,1.1138191223144531
4,721,0.9713885188102722,1.1212677955627441
4,722,0.8572522401809692,1.099534511566162
4,723,0.7767338156700134,1.1174826622009277
4,724,0.8880957961082458,1.1147346496582031
4,725,0.7761999368667603,1.0980076789855957
4,726,0.8774555325508118,1.1146736145019531
4,727,0.8180730938911438,1.1212677955627441
4,728,0.8048868775367737,1.1060056686401367
4,729,0.8996150493621826,1.1207795143127441
4,730,0.8387078046798706,1.1166281700134277
4,731,0.9337660074234009,1.099534511566162
4,732,0.8621641397476196,1.1146736145019531
4,733,0.6311529874801636,1.1212677955627441
4,734,0.927337110042572,1.1060056686401367
4,735,1.0514638423919678,1.1158957481384277
4,736,0.9219685196876526,1.1210236549377441
4,737,1.1075900793075562,1.099534511566162
4,738,0.9018802046775818,1.1060056686401367
4,739,0.788648247718811,1.1158957481384277
4,740,0.7588098645210266,1.1174826622009277
4,741,1.0799200534820557,1.1138801574707031
4,742,0.9821251034736633,1.1207795143127441
4,743,0.8276850581169128,1.099534511566162
4,744,0.8431975841522217,1.1207795143127441
4,745,0.6684710383415222,1.1174826622009277
4,746,0.8258693218231201,1.1174826622009277
4,747,0.7730200886726379,1.1210236549377441
4,748,1.0762972831726074,1.1166281700134277
4,749,0.7601280212402344,1.1146125793457031
4,750,0.8416874408721924,1.1148262023925781
4,751,0.8442384004592896,1.1162009239196777
4,752,0.8248773813247681,1.1147346496582031
4,753,0.8223287463188171,1.1147346496582031
4,754,0.9039877653121948,1.1174826622009277
4,755,0.7022897601127625,1.099534511566162
4,756,0.8935350775718689,1.1210236549377441
4,757,1.0333408117294312,1.1210236549377441
4,758,0.8917189240455627,1.1138191223144531
4,759,0.773969292640686,1.1138191223144531
4,760,0.8568904995918274,1.1212677955627441
4,761,0.8635682463645935,1.1174826622009277
4,762,0.7036280632019043,1.1060056686401367
4,763,0.7362250089645386,1.1167502403259277
4,764,0.7120175957679749,1.1210236549377441
4,765,0.9288060665130615,1.1141242980957031
4,766,0.8959464430809021,1.115464210510254
4,767,0.8326417207717896,1.1212677955627441
4,768,0.8330893516540527,1.1210236549377441
4,769,0.9621714949607849,1.1174826622009277
4,770,0.8227084875106812,1.1147346496582031
4,771,0.9000095129013062,1.1207795143127441
4,772,0.8101319670677185,1.1174826622009277
4,773,0.9249230623245239,1.1174826622009277
4,774,0.9282047152519226,1.1138801574707031
4,775,0.8492960929870605,1.1147346496582031
4,776,0.9701545238494873,1.1207795143127441
4,777,0.9516138434410095,1.1138191223144531
4,778,0.9092677235603333,1.1212677955627441
4,779,0.837960958480835,1.1138191223144531
4,780,0.901303231716156,1.1169333457946777
4,781,0.7995378971099854,1.1174826622009277
4,782,1.036193609237671,1.1174826622009277
4,783,0.8466740846633911,1.1066770553588867
4,784,0.8098786473274231,1.1167502403259277
4,785,0.8398026823997498,1.1168723106384277
4,786,0.9067260026931763,1.1130256652832031
4,787,0.8077245354652405,1.1060056686401367
4,788,0.7551376223564148,1.1207795143127441
4,789,0.8887119293212891,1.1207795143127441
4,790,0.8558465838432312,1.1207795143127441
4,791,0.8407454490661621,1.1166281700134277
4,792,0.8566873669624329,1.1166281700134277
4,793,0.8536922931671143,1.099534511566162
4,794,0.7322267889976501,1.1176047325134277
4,795,0.6989034414291382,1.0925102233886719
4,796,0.8344323039054871,1.1138191223144531
4,797,0.7615198493003845,1.1212677955627441
4,798,0.8057129383087158,1.1174826622009277
4,799,0.9399492740631104,1.1060056686401367
4,800,0.9658416509628296,1.1167502403259277
4,801,0.750617504119873,1.1174826622009277
4,802,0.8576467037200928,1.1138801574707031
4,803,0.9066227078437805,1.1174826622009277
4,804,1.0152281522750854,1.1210236549377441
4,805,0.8497991561889648,1.1166281700134277
4,806,0.9351760149002075,1.099534511566162
4,807,0.6561645865440369,1.1210236549377441
4,808,0.846261203289032,1.1210236549377441
4,809,0.6837009191513062,1.1174826622009277
4,810,0.8724697828292847,1.1210236549377441
4,811,0.8357981443405151,1.0980076789855957
4,812,0.8424596190452576,1.1060056686401367
4,813,1.0403285026550293,1.1158957481384277
4,814,0.7215372323989868,1.099534511566162
4,815,0.87103271484375,1.1210236549377441
4,816,0.7805532813072205,1.1174826622009277
4,817,0.8045922517776489,1.1060056686401367
4,818,0.8401215076446533,1.1140022277832031
4,819,0.8030944466590881,1.1210236549377441
4,820,0.8883601427078247,1.1060056686401367
4,821,0.9777395129203796,1.1158957481384277
4,822,0.7896562218666077,1.1210236549377441
4,823,0.8074581027030945,1.1210236549377441
4,824,0.7633577585220337,1.1174826622009277
4,825,0.9048616290092468,1.1210236549377441
4,826,0.8688421845436096,1.099534511566162
4,827,0.8819718360900879,1.1207795143127441
4,828,0.8327922821044922,1.1138191223144531
4,829,0.8589316606521606,1.1138191223144531
4,830,0.9118464589118958,1.1212677955627441
4,831,0.9208900928497314,1.1210236549377441
4,832,0.9907749891281128,1.1138191223144531
4,833,0.713326096534729,1.1060056686401367
4,834,0.8799002766609192,1.1167502403259277
4,835,0.9841208457946777,1.1210236549377441
4,836,0.8170343637466431,1.1166281700134277
4,837,0.7772642374038696,1.099534511566162
4,838,1.0952701568603516,1.1176047325134277
4,839,0.7960639595985413,1.1060056686401367
4,840,0.7889096736907959,1.1060056686401367
4,841,0.935494065284729,1.1158957481384277
4,842,0.8525269627571106,1.1210236549377441
4,843,0.9762556552886963,1.1210236549377441
4,844,0.7948525547981262,1.1138191223144531
4,845,1.0940358638763428,1.1138191223144531
4,846,0.7440704703330994,1.1169333457946777
4,847,0.9172004461288452,1.1147346496582031
4,848,0.7708030939102173,1.100755214691162
4,849,0.7369360327720642,1.1207795143127441
4,850,0.7910376787185669,1.1060056686401367
4,851,0.8641000986099243,1.1060056686401367
4,852,0.6650021076202393,1.1207795143127441
4,853,0.8880413770675659,1.1166281700134277
4,854,0.7904357314109802,1.1166281700134277
4,855,0.8182352781295776,1.1166281700134277
4,856,0.4419853389263153,0.9814605712890625
5,1,0.7711684107780457,1.1210236549377441
5,2,0.756121039390564,1.1210236549377441
5,3,0.7845094203948975,1.1060056686401367
5,4,0.7499650120735168,1.1140022277832031
5,5,0.8285617232322693,1.1169333457946777
5,6,0.7004911303520203,1.1174826622009277
5,7,0.7588761448860168,1.1210236549377441
5,8,0.8021341562271118,1.1141242980957031
5,9,0.7948358654975891,1.115464210510254
5,10,0.8433830738067627,1.1212677955627441
5,11,0.7912243604660034,1.1138191223144531
5,12,0.48956936597824097,1.1169333457946777
5,13,0.8466413021087646,1.1210236549377441
5,14,1.010554313659668,1.1174826622009277
5,15,0.6774539351463318,1.1174826622009277
5,16,0.6296626329421997,1.1174826622009277
5,17,0.8320118188858032,1.1174826622009277
5,18,0.8220491409301758,1.1174826622009277
5,19,0.762887716293335,1.1138801574707031
5,20,0.6015383005142212,1.1147346496582031
5,21,0.6979085803031921,1.1207795143127441
5,22,0.8273203372955322,1.1138191223144531
5,23,0.7468948364257812,1.1169333457946777
5,24,0.7473246455192566,1.1060056686401367
5,25,0.497053861618042,1.1167502403259277
5,26,0.6068090796470642,1.099534511566162
5,27,0.9496941566467285,1.1146736145019531
5,28,0.7033811807632446,1.1146736145019531
5,29,0.8411887288093567,1.1212677955627441
5,30,0.8127551078796387,1.1138191223144531
5,31,0.8393844366073608,1.1212677955627441
5,32,0.7606686353683472,1.1138191223144531
5,33,0.6399284601211548,1.1212677955627441
5,34,0.7751936316490173,1.1060056686401367
5,35,0.748147189617157,1.1207795143127441
5,36,0.6127228140830994,1.1140022277832031
5,37,0.7766965627670288,1.1210236549377441
5,38,0.6502646207809448,1.1174826622009277
5,39,0.5928874015808105,1.1174826622009277
5,40,0.49296483397483826,1.1138801574707031
5,41,0.6750068664550781,1.1147346496582031
5,42,0.751160740852356,1.1147346496582031
5,43,0.7591990232467651,1.1147346496582031
5,44,0.8795806169509888,1.1060056686401367
5,45,0.6905459761619568,1.1207795143127441
5,46,0.8287440538406372,1.1207795143127441
5,47,0.6625433564186096,1.1207795143127441
5,48,0.6506789326667786,1.1138191223144531
5,49,0.7445581555366516,1.1169333457946777
5,50,0.6095935702323914,1.1147346496582031
5,51,0.9354298710823059,1.1174826622009277
5,52,0.7770110964775085,1.1168723106384277
5,53,1.0060408115386963,1.1130256652832031
5,54,0.7541764974594116,1.1174826622009277
5,55,0.7496950030326843,1.1147041320800781
5,56,0.6833375096321106,1.1174826622009277
5,57,0.7596117258071899,1.1060056686401367
5,58,0.6271279454231262,1.1167502403259277
5,59,0.8067321181297302,1.1210236549377441
5,60,0.6671549081802368,1.1166281700134277
5,61,0.6631472706794739,1.1146125793457031
5,62,0.4808730483055115,1.1160788536071777
5,63,0.6938198804855347,1.1060056686401367
5,64,0.6626895070075989,1.1140022277832031
5,65,0.7789309620857239,1.1210236549377441
5,66,0.9013395309448242,1.1174826622009277
5,67,0.8810166716575623,1.1060056686401367
5,68,0.7313457131385803,1.1060056686401367
5,69,0.6518356800079346,1.1140022277832031
5,70,0.6498409509658813,1.1169333457946777
5,71,0.6396719813346863,1.1174826622009277
5,72,0.7087594270706177,1.1174826622009277
5,73,0.5113656520843506,1.1174826622009277
5,74,0.7612764239311218,1.1138801574707031
5,75,0.6880256533622742,1.1174826622009277
5,76,0.7948018908500671,1.1168723106384277
5,77,1.0182712078094482,1.1210236549377441
5,78,0.7252216935157776,1.1141242980957031
5,79,0.6767764687538147,1.1060056686401367
5,80,0.6932714581489563,1.1140022277832031
5,81,0.866521954536438,1.099534511566162
5,82,0.7860612869262695,1.1210236549377441
5,83,0.7836658954620361,1.1210236549377441
5,84,0.7769879102706909,1.1138191223144531
5,85,0.798991322517395,1.1212677955627441
5,86,0.7608493566513062,1.1138191223144531
5,87,0.736186146736145,1.1138191223144531
5,88,0.7125198245048523,1.1169333457946777
5,89,0.6958682537078857,1.1147346496582031
5,90,0.8388465046882629,1.1147346496582031
5,91,1.059202790260315,1.1147346496582031
5,92,0.7611318826675415,1.1147346496582031
5,93,0.6862731575965881,1.1147346496582031
5,94,0.8398802280426025,1.1174826622009277
5,95,0.6958683729171753,1.1168723106384277
5,96,0.7892918586730957,1.1066770553588867
5,97,0.710061252117157,1.1060056686401367
5,98,0.7631692290306091,1.1060056686401367
5,99,0.8507768511772156,1.1207795143127441
5,100,0.8339435458183289,1.1140022277832031
5,101,0.751920223236084,1.1210236549377441
5,102,0.7780663967132568,1.1210236549377441
5,103,0.6686475276947021,1.1060056686401367
5,104,0.5729339718818665,1.1140022277832031
5,105,0.7604225873947144,1.1169333457946777
5,106,0.7951052188873291,1.1174826622009277
5,107,0.6784011125564575,1.1210236549377441
5,108,0.7428992390632629,1.1210236549377441
5,109,0.6720502972602844,1.099534511566162
5,110,0.6990966200828552,1.1207795143127441
5,111,0.7262850403785706,1.1174826622009277
5,112,0.7963190078735352,1.1174826622009277
5,113,0.7574292421340942,1.1174826622009277
5,114,0.8263662457466125,1.1138801574707031
5,115,0.7031654119491577,1.1147346496582031
5,116,0.9955421686172485,1.100755214691162
5,117,0.816588282585144,1.1174826622009277
5,118,0.6930699348449707,1.1147346496582031
5,119,0.8007624745368958,1.1174826622009277
5,120,0.6646527051925659,1.1210236549377441
5,121,0.7073960900306702,1.099534511566162
5,122,0.7854021191596985,1.1174826622009277
5,123,0.6573308110237122,1.1174826622009277
5,124,0.6090264916419983,1.1174826622009277
5,125,0.6260113716125488,1.1174826622009277
5,126,0.6926950216293335,1.1210236549377441
5,127,0.7346866130828857,1.1141242980957031
5,128,0.7209795713424683,1.1174826622009277
5,129,0.8037270903587341,1.1210236549377441
5,130,0.5886585712432861,1.1141242980957031
5,131,0.6317885518074036,1.1174826622009277
5,132,0.7313821315765381,1.1210236549377441
5,133,0.8218525052070618,1.099534511566162
5,134,0.6876264810562134,1.1174826622009277
5,135,0.7376200556755066,1.1060056686401367
5,136,0.7108827233314514,1.1207795143127441
5,137,0.7594650387763977,1.1207795143127441
5,138,0.6860399842262268,1.1207795143127441
5,139,0.7216450572013855,1.1056394577026367
5,140,0.7533560991287231,1.1166281700134277
5,141,0.6871768832206726,1.1066770553588867
5,142,0.7527371048927307,1.1140022277832031
5,143,0.9064571261405945,1.1169333457946777
5,144,0.5991069078445435,1.1174826622009277
5,145,0.9231296181678772,1.1210236549377441
5,146,0.5364380478858948,1.1060056686401367
5,147,0.6506962776184082,1.1140022277832031
5,148,0.6557907462120056,1.115464210510254
5,149,0.6648858785629272,1.114609718322754
5,150,0.8648460507392883,1.1169333457946777
5,151,0.9186553359031677,1.1060056686401367
5,152,0.6992565989494324,1.1060056686401367
5,153,0.7014385461807251,1.1060056686401367
5,154,0.7372479438781738,1.1140022277832031
5,155,0.6873236894607544,1.1060056686401367
5,156,0.6706036925315857,1.1207795143127441
5,157,0.7174428701400757,1.1140022277832031
5,158,0.7535822987556458,1.115464210510254
5,159,0.6897329092025757,1.114609718322754
5,160,0.7635589838027954,1.114609718322754
5,161,0.7255387306213379,1.114609718322754
5,162,0.8775522112846375,1.1212677955627441
5,163,0.777862012386322,1.1174826622009277
5,164,0.6428282260894775,1.1210236549377441
5,165,0.7528861165046692,1.1166281700134277
5,166,0.7519187331199646,1.1146125793457031
5,167,1.0102083683013916,1.1160788536071777
5,168,0.713338315486908,1.1168723106384277
5,169,0.7671834826469421,1.1210236549377441
5,170,0.7179388999938965,1.1060056686401367
5,171,0.7335568070411682,1.1158957481384277
5,172,0.7037959694862366,1.1138801574707031
5,173,0.5978549718856812,1.1147346496582031
5,174,0.7396729588508606,1.1147346496582031
5,175,0.8036682605743408,1.1207795143127441
5,176,0.8263383507728577,1.1207795143127441
5,177,0.7385508418083191,1.1207795143127441
5,178,0.8567845821380615,1.1174826622009277
5,179,0.8198457956314087,1.1147346496582031
5,180,0.9042075276374817,1.1060056686401367
5,181,0.9136224985122681,1.1167502403259277
5,182,0.7841665148735046,1.1174826622009277
5,183,0.6126782298088074,1.1174826622009277
5,184,0.9192319512367249,1.1210236549377441
5,185,0.8258795142173767,1.1141242980957031
5,186,0.7605310082435608,1.115464210510254
5,187,0.7043314576148987,1.114609718322754
5,188,0.5762312412261963,1.1212677955627441
5,189,0.86704421043396,1.1174826622009277
5,190,0.5653191804885864,1.1174826622009277
5,191,1.0431238412857056,1.1138801574707031
5,192,0.9208794236183167,1.1174826622009277
5,193,0.7718721628189087,1.1060056686401367
5,194,0.9009286761283875,1.1060056686401367
5,195,0.7120851278305054,1.1207795143127441
5,196,0.6782110929489136,1.1063079833984375
5,197,0.850727915763855,1.1207795143127441
5,198,0.781785249710083,1.1166281700134277
5,199,0.8757463097572327,1.1146125793457031
5,200,0.7533158659934998,1.1148262023925781
5,201,0.8227208852767944,1.1210236549377441
5,202,0.7490347027778625,1.1174826622009277
5,203,0.8980511426925659,1.1147346496582031
5,204,0.8000004291534424,1.1207795143127441
5,205,0.9029435515403748,1.1174826622009277
5,206,0.735645055770874,1.1060056686401367
5,207,0.6757651567459106,1.1060056686401367
5,208,0.6866410970687866,1.1140022277832031
5,209,1.0297998189926147,1.115464210510254
5,210,0.9488523602485657,1.1169333457946777
5,211,0.8279148936271667,1.1147346496582031
5,212,0.8284141421318054,1.1174826622009277
5,213,0.745278000831604,1.1168723106384277
5,214,0.7662858963012695,1.1066770553588867
5,215,0.6022037863731384,1.1167502403259277
5,216,0.8002209067344666,1.099534511566162
5,217,0.7496854662895203,1.1210236549377441
5,218,0.6923884749412537,1.1174826622009277
5,219,0.9170540571212769,1.1174826622009277
5,220,0.7782328128814697,1.1138801574707031
5,221,0.9346983432769775,1.1174826622009277
5,222,0.6943044066429138,1.1147041320800781
5,223,0.8381473422050476,1.1174826622009277
5,224,0.7751478552818298,1.1060056686401367
5,225,0.9231165647506714,1.1060056686401367
5,226,0.8514904975891113,1.1207795143127441
5,227,0.7609154582023621,1.1140022277832031
5,228,0.6380637884140015,1.115464210510254
5,229,0.8011743426322937,1.1169333457946777
5,230,0.7779467701911926,1.1174826622009277
5,231,0.8288295865058899,1.1066770553588867
5,232,0.8491795659065247,1.1207795143127441
5,233,0.744480550289154,1.1166281700134277
5,234,0.64002525806427,1.1166281700134277
5,235,0.8460378646850586,1.1166281700134277
5,236,0.7395628094673157,1.1166281700134277
5,237,0.7060895562171936,1.1216950416564941
5,238,0.8196432590484619,1.0986790657043457
5,239,0.7989969849586487,1.1207795143127441
5,240,0.7986822128295898,1.1207795143127441
5,241,0.719393789768219,1.1060056686401367
5,242,0.8239354491233826,1.1158957481384277
5,243,0.7100186347961426,1.1174826622009277
5,244,0.9626667499542236,1.1210236549377441
5,245,0.7477374076843262,1.0925102233886719
5,246,0.7589932680130005,1.1207795143127441
5,247,0.7243944406509399,1.1207795143127441
5,248,0.6343198418617249,1.1207795143127441
5,249,0.7195175290107727,1.1174826622009277
5,250,0.8799976110458374,1.1147346496582031
5,251,0.649922251701355,1.100755214691162
5,252,0.6376885771751404,1.1140022277832031
5,253,0.8213257789611816,1.1169333457946777
5,254,0.6908863186836243,1.1210236549377441
5,255,0.9116156101226807,1.1174826622009277
5,256,0.7256872057914734,1.099534511566162
5,257,0.7595041990280151,1.1210236549377441
5,258,0.7014582753181458,1.1174826622009277
5,259,0.7127062082290649,1.1147346496582031
5,260,0.8184467554092407,1.1207795143127441
5,261,0.7024446129798889,1.1174826622009277
5,262,0.8080793619155884,1.099534511566162
5,263,0.7209833264350891,1.1146736145019531
5,264,0.8452049493789673,1.1212677955627441
5,265,0.7446050643920898,1.1174826622009277
5,266,0.6540009379386902,1.1060056686401367
5,267,0.6452215909957886,1.1167502403259277
5,268,0.8371002078056335,1.1138801574707031
5,269,0.6461377739906311,1.1174826622009277
5,270,0.8626371622085571,1.1168723106384277
5,271,0.6550810933113098,1.1130256652832031
5,272,0.7567071318626404,1.1174826622009277
5,273,0.6072859168052673,1.1210236549377441
5,274,0.6981775164604187,1.1060056686401367
5,275,0.8285371661186218,1.1060056686401367
5,276,0.7237988710403442,1.1207795143127441
5,277,0.7956772446632385,1.1207795143127441
5,278,0.5657538771629333,1.1138191223144531
5,279,0.5346828103065491,1.1138191223144531
5,280,0.6139703989028931,1.100755214691162
5,281,1.0771870613098145,1.1140022277832031
5,282,0.8517652153968811,1.1169333457946777
5,283,0.698940098285675,1.1174826622009277
5,284,0.7047272324562073,1.1210236549377441
5,285,0.5831987261772156,1.1060056686401367
5,286,0.630749523639679,1.1158957481384277
5,287,0.860305905342102,1.1210236549377441
5,288,0.84123694896698,1.099534511566162
5,289,0.8166965842247009,1.1174826622009277
5,290,0.7675512433052063,1.1147346496582031
5,291,0.6618117690086365,1.1174826622009277
5,292,0.731450080871582,1.1168723106384277
5,293,0.8240271806716919,1.0980076789855957
5,294,0.8497684597969055,1.099534511566162
5,295,0.7683201432228088,1.1174826622009277
5,296,1.122012972831726,1.1147346496582031
5,297,0.7620289921760559,1.1147346496582031
5,298,0.7182731628417969,1.1147346496582031
5,299,0.6947733759880066,1.1207795143127441
5,300,0.7729746699333191,1.1138191223144531
5,301,0.79172682762146,1.1138191223144531
5,302,0.5499943494796753,1.1212677955627441
5,303,0.8814834952354431,1.1174826622009277
5,304,0.594801664352417,1.1060056686401367
5,305,0.8460293412208557,1.1140022277832031
5,306,0.7411544322967529,1.1060056686401367
5,307,0.6394725441932678,1.100755214691162
5,308,0.9399716854095459,1.1140022277832031
5,309,0.5669901371002197,1.1169333457946777
5,310,0.7850093245506287,1.1174826622009277
5,311,0.6560952663421631,1.1174826622009277
5,312,0.8398716449737549,1.1210236549377441
5,313,0.8293179869651794,1.1141242980957031
5,314,0.9180144667625427,1.1207795143127441
5,315,0.9063016772270203,1.1207795143127441
5,316,0.884657621383667,1.1174826622009277
5,317,0.8435280919075012,1.1174826622009277
5,318,0.9874792098999023,1.1174826622009277
5,319,0.7750434279441833,1.1060056686401367
5,320,0.769906222820282,1.1167502403259277
5,321,0.8268143534660339,1.099534511566162
5,322,0.6991333961486816,1.1210236549377441
5,323,0.7420536875724792,1.1060056686401367
5,324,0.7877816557884216,1.1060056686401367
5,325,0.7366197109222412,1.1207795143127441
5,326,0.6600801944732666,1.1207795143127441
5,327,0.6616833209991455,1.1166281700134277
5,328,0.7256292104721069,1.1058835983276367
5,329,0.9153228402137756,1.1146736145019531
5,330,0.8985331654548645,1.1212677955627441
5,331,0.7780278921127319,1.099534511566162
5,332,0.75528484582901,1.1146736145019531
5,333,0.6960175037384033,1.1169333457946777
5,334,0.8637648820877075,1.1174826622009277
5,335,0.6730626225471497,1.1210236549377441
5,336,0.8341372013092041,1.1166281700134277
5,337,0.7542718648910522,1.1216950416564941
5,338,0.8328304886817932,1.1066770553588867
5,339,0.8297808766365051,1.1207795143127441
5,340,0.8684632778167725,1.0925102233886719
5,341,0.8176345825195312,1.1060056686401367
5,342,0.7861744165420532,1.1158957481384277
5,343,0.908959150314331,1.1066770553588867
5,344,0.6968935132026672,1.1167502403259277
5,345,0.7390651106834412,1.1210236549377441
5,346,0.8455096483230591,1.1166281700134277
5,347,0.9074873328208923,1.1146125793457031
5,348,0.8628948926925659,1.099534511566162
5,349,0.836769163608551,1.1146736145019531
5,350,0.6981403231620789,1.1169333457946777
5,351,0.7412319183349609,1.1147346496582031
5,352,0.8166999816894531,1.1207795143127441
5,353,0.7909483313560486,1.1174826622009277
5,354,0.6992146968841553,1.1060056686401367
5,355,0.7787002325057983,1.1207795143127441
5,356,0.8319993615150452,1.1166281700134277
5,357,0.9340370893478394,1.1166281700134277
5,358,0.7359139919281006,1.1166281700134277
5,359,0.7412822246551514,1.1166281700134277
5,360,0.6265153288841248,1.1058835983276367
5,361,0.9144163131713867,1.1060056686401367
5,362,0.7015780806541443,1.1140022277832031
5,363,0.7565330862998962,1.1060056686401367
5,364,0.8646048307418823,1.1167502403259277
5,365,0.7422339916229248,1.1174826622009277
5,366,0.6288132667541504,1.1138801574707031
5,367,0.6923940181732178,1.1060056686401367
5,368,0.9700793027877808,1.1167502403259277
5,369,0.765129804611206,1.1174826622009277
5,370,0.6920673251152039,1.1210236549377441
5,371,0.8144388794898987,1.1166281700134277
5,372,0.7804508805274963,1.1166281700134277
5,373,0.8344718813896179,1.1216950416564941
5,374,0.7631295323371887,1.100205898284912
5,375,0.6375933885574341,1.100205898284912
5,376,0.9052180051803589,1.1174826622009277
5,377,0.6627078056335449,1.0925102233886719
5,378,0.8704649806022644,1.1174826622009277
5,379,0.6736300587654114,1.1147346496582031
5,380,0.8088523149490356,1.1212677955627441
5,381,0.8085653781890869,1.1174826622009277
5,382,0.7054808735847473,1.1060056686401367
5,383,0.7899744510650635,1.1140022277832031
5,384,0.7934555411338806,1.1169333457946777
5,385,0.8491025567054749,1.099534511566162
5,386,0.669835090637207,1.1174826622009277
5,387,0.7507524490356445,1.1174826622009277
5,388,0.7960949540138245,1.1210236549377441
5,389,0.5084452629089355,1.1141242980957031
5,390,0.7408218383789062,1.115464210510254
5,391,0.7469163537025452,1.1169333457946777
5,392,0.6280143857002258,1.1060056686401367
5,393,0.8431306481361389,1.100755214691162
5,394,0.8921854496002197,1.1174826622009277
5,395,0.8537580966949463,1.1210236549377441
5,396,0.8048022389411926,1.1060056686401367
5,397,0.7077755928039551,1.1158957481384277
5,398,0.7287684679031372,1.1138801574707031
5,399,0.8404586911201477,1.1147346496582031
5,400,0.8054991364479065,1.1207795143127441
5,401,0.7783602476119995,1.1138191223144531
5,402,0.7109864950180054,1.1212677955627441
5,403,0.6890876889228821,1.1174826622009277
5,404,0.6765989661216736,1.1174826622009277
5,405,0.8341917395591736,1.1138801574707031
5,406,0.5618240833282471,1.1207795143127441
5,407,0.6426461338996887,1.1174826622009277
5,408,0.9155511260032654,1.1174826622009277
5,409,0.6588722467422485,1.1174826622009277
5,410,0.7012866139411926,1.1138801574707031
5,411,0.7863535284996033,1.1174826622009277
5,412,0.9360319375991821,1.1168723106384277
5,413,0.7389153838157654,1.1066770553588867
5,414,1.1421144008636475,1.1207795143127441
5,415,0.6857523918151855,1.0980076789855957
5,416,0.6245507597923279,1.1060056686401367
5,417,0.8325562477111816,1.1158957481384277
5,418,0.8038789629936218,1.1174826622009277
5,419,0.6808112263679504,1.1174826622009277
5,420,0.6471368670463562,1.1174826622009277
5,421,0.8628514409065247,1.1138801574707031
5,422,0.8348473906517029,1.1147346496582031
5,423,0.6608864068984985,1.1147346496582031
5,424,0.6005603671073914,1.1174826622009277
5,425,0.9843648076057434,1.1210236549377441
5,426,0.7721976637840271,1.1210236549377441
5,427,0.7232847809791565,1.1166281700134277
5,428,0.8265712857246399,1.099534511566162
5,429,0.6830159425735474,1.1056394577026367
5,430,0.770209014415741,1.1140022277832031
5,431,0.9570122957229614,1.1060056686401367
5,432,0.7338716983795166,1.1167502403259277
5,433,0.7850509881973267,1.1174826622009277
5,434,0.8395782709121704,1.1174826622009277
5,435,0.6756285429000854,1.1210236549377441
5,436,0.8216626644134521,1.1166281700134277
5,437,0.6891093254089355,1.1166281700134277
5,438,0.903705894947052,1.1216950416564941
5,439,0.7807652950286865,1.1181540489196777
5,440,0.6106547117233276,1.1181540489196777
5,441,0.7253483533859253,1.100205898284912
5,442,0.6227710247039795,1.1210236549377441
5,443,0.7383866906166077,1.1138191223144531
5,444,0.6996133923530579,1.1212677955627441
5,445,0.9743866324424744,1.1174826622009277
5,446,0.8216784596443176,1.1174826622009277
5,447,0.9002843499183655,1.1174826622009277
5,448,0.7237387299537659,1.1174826622009277
5,449,0.8490047454833984,1.1138801574707031
5,450,0.5414971709251404,1.1207795143127441
5,451,0.7649589776992798,1.1174826622009277
5,452,0.6175929307937622,1.1147346496582031
5,453,0.8182191252708435,1.1147346496582031
5,454,0.7710340619087219,1.1174826622009277
5,455,0.7034117579460144,1.1210236549377441
5,456,0.7592141032218933,1.1141242980957031
5,457,0.6322726607322693,1.1174826622009277
5,458,0.6179070472717285,1.1138801574707031
5,459,0.5633053183555603,1.1060056686401367
5,460,0.7846718430519104,1.1167502403259277
5,461,0.920502245426178,1.1066770553588867
5,462,0.7506943345069885,1.1167502403259277
5,463,0.5702698230743408,1.1066770553588867
5,464,0.8098490834236145,1.1167502403259277
5,465,0.6867946982383728,1.1168723106384277
5,466,0.6996434330940247,1.1168723106384277
5,467,0.8171241879463196,1.0980076789855957
5,468,0.8761616349220276,1.1060056686401367
5,469,0.6302816271781921,1.1158957481384277
5,470,0.6712487936019897,1.1138801574707031
5,471,0.7976316809654236,1.1174826622009277
5,472,0.7404162883758545,1.1147041320800781
5,473,0.8180237412452698,1.1149482727050781
5,474,0.8504140377044678,1.100755214691162
5,475,0.7702189087867737,1.1063079833984375
5,476,0.7121579647064209,1.1207795143127441
5,477,0.7769337296485901,1.1207795143127441
5,478,0.953724205493927,1.1166281700134277
5,479,0.8708968162536621,1.1216950416564941
5,480,0.7671012878417969,1.1181540489196777
5,481,0.7100465297698975,1.1181540489196777
5,482,0.7736548781394958,1.1154060363769531
5,483,0.7575609087944031,1.1207795143127441
5,484,0.6400837302207947,1.1174826622009277
5,485,0.7569265961647034,1.1060056686401367
5,486,0.845661997795105,1.1060056686401367
5,487,0.7678396105766296,1.1140022277832031
5,488,0.6913146376609802,1.1210236549377441
5,489,0.7925359010696411,1.1138191223144531
5,490,0.8563956022262573,1.1138191223144531
5,491,0.7906986474990845,1.1138191223144531
5,492,0.830642819404602,1.1169333457946777
5,493,0.8245986700057983,1.1147346496582031
5,494,0.6999351978302002,1.1207795143127441
5,495,0.7576764225959778,1.1174826622009277
5,496,1.1831799745559692,1.1147346496582031
5,497,0.6771407127380371,1.1174826622009277
5,498,0.751980185508728,1.1168723106384277
5,499,0.7730772495269775,1.1066770553588867
5,500,0.6938436031341553,1.1207795143127441
5,501,0.9131490588188171,1.1140022277832031
5,502,0.6128795742988586,1.115464210510254
5,503,1.1443325281143188,1.114609718322754
5,504,0.7078449130058289,1.1169333457946777
5,505,0.8407688736915588,1.1147346496582031
5,506,0.9796404838562012,1.1174826622009277
5,507,0.7646890878677368,1.1210236549377441
5,508,0.9763733744621277,1.1166281700134277
5,509,0.7528728246688843,1.1166281700134277
5,510,0.7400845289230347,1.1058835983276367
5,511,0.6918757557868958,1.1146736145019531
5,512,0.7735430598258972,1.1146736145019531
5,513,0.8173760771751404,1.100755214691162
5,514,0.7136865258216858,1.1140022277832031
5,515,0.7544946074485779,1.1210236549377441
5,516,1.0084679126739502,1.1210236549377441
5,517,0.7386937737464905,1.1174826622009277
5,518,0.6814427971839905,1.1174826622009277
5,519,0.6615109443664551,1.1138801574707031
5,520,1.0692850351333618,1.1147346496582031
5,521,0.7779501080513,1.1174826622009277
5,522,0.7208030819892883,1.1138801574707031
5,523,0.939250111579895,1.1207795143127441
5,524,0.7545273900032043,1.1174826622009277
5,525,0.6716541647911072,1.1210236549377441
5,526,0.7567303776741028,1.1138191223144531
5,527,0.814197301864624,1.1060056686401367
5,528,0.8962429165840149,1.1140022277832031
5,529,0.813744306564331,1.099534511566162
5,530,0.7404926419258118,1.1176047325134277
5,531,0.6821233630180359,1.1060056686401367
5,532,0.8333206176757812,1.1167502403259277
5,533,0.6484531164169312,1.1168723106384277
5,534,0.754867434501648,1.1168723106384277
5,535,0.7679165601730347,1.1168723106384277
5,536,0.78243488073349,1.1168723106384277
5,537,0.8364459872245789,1.1138801574707031
5,538,0.805525004863739,1.1174826622009277
5,539,0.8262057900428772,1.1147041320800781
5,540,0.7069383263587952,1.1174826622009277
5,541,0.7351820468902588,1.099534511566162
5,542,0.8454016447067261,1.1146736145019531
5,543,0.7178258895874023,1.1169333457946777
5,544,0.726054847240448,1.1174826622009277
5,545,0.7559942007064819,1.1174826622009277
5,546,0.7540847063064575,1.1174826622009277
5,547,0.5859728455543518,1.1210236549377441
5,548,0.739732027053833,1.1166281700134277
5,549,0.7201343178749084,1.1058835983276367
5,550,0.6869078874588013,1.1158957481384277
5,551,0.8332836031913757,1.1174826622009277
5,552,0.8618404865264893,1.1210236549377441
5,553,0.7313578128814697,1.1141242980957031
5,554,0.6686453223228455,1.1060056686401367
5,555,0.8414509892463684,1.1060056686401367
5,556,0.8328427076339722,1.1167502403259277
5,557,0.8342043161392212,1.1174826622009277
5,558,0.8485991358757019,1.1210236549377441
5,559,0.7267284989356995,1.1210236549377441
5,560,0.7889503240585327,1.1166281700134277
5,561,1.01926589012146,1.1166281700134277
5,562,0.6661455631256104,1.1146125793457031
5,563,1.0901670455932617,1.1148262023925781
5,564,0.583866536617279,1.1058835983276367
5,565,0.8001787662506104,1.1207795143127441
5,566,0.8631911873817444,1.1166281700134277
5,567,0.6768768429756165,1.1058835983276367
5,568,0.7799058556556702,1.1207795143127441
5,569,0.723370373249054,1.1056394577026367
5,570,0.6597728133201599,1.1166281700134277
5,571,0.7612420320510864,1.1138801574707031
5,572,0.7677187919616699,1.1147346496582031
5,573,0.8058475852012634,1.1174826622009277
5,574,0.5464391708374023,1.1168723106384277
5,575,0.7221659421920776,1.1168723106384277
5,576,0.9739938378334045,1.1066770553588867
5,577,0.8441318869590759,1.1167502403259277
5,578,0.9218262434005737,1.099534511566162
5,579,0.7568868398666382,1.1146736145019531
5,580,0.6940231323242188,1.1060056686401367
5,581,0.6868432760238647,1.1140022277832031
5,582,0.7885425090789795,1.1169333457946777
5,583,0.8322542905807495,1.1174826622009277
5,584,0.7816461324691772,1.099534511566162
5,585,0.4965302646160126,1.1210236549377441
5,586,0.8052625060081482,1.1138191223144531
5,587,1.0455403327941895,1.1169333457946777
5,588,0.6981468200683594,1.1174826622009277
5,589,0.844290018081665,1.1210236549377441
5,590,0.6588517427444458,1.1166281700134277
5,591,0.774798572063446,1.1058835983276367
5,592,0.9312418699264526,1.099534511566162
5,593,0.7005288600921631,1.099534511566162
5,594,0.666416347026825,1.1146736145019531
5,595,0.6832004189491272,1.1169333457946777
5,596,0.8658889532089233,1.1147346496582031
5,597,0.894127607345581,1.1207795143127441
5,598,0.7200088500976562,1.1138191223144531
5,599,1.0119622945785522,1.1138191223144531
5,600,0.7878592014312744,1.1138191223144531
5,601,0.6618983149528503,1.1212677955627441
5,602,0.6973927617073059,1.1210236549377441
5,603,0.784026026725769,1.1174826622009277
5,604,0.5543824434280396,1.1060056686401367
5,605,0.7650054693222046,1.1140022277832031
5,606,0.821801483631134,1.1169333457946777
5,607,0.7312396168708801,1.1147346496582031
5,608,0.6663163304328918,1.1207795143127441
5,609,0.735084056854248,1.1138191223144531
5,610,0.4952026605606079,1.1169333457946777
5,611,0.7764719724655151,1.1147346496582031
5,612,0.5786170959472656,1.1147346496582031
5,613,0.7603615522384644,1.100755214691162
5,614,0.7705311179161072,1.0980076789855957
5,615,0.7669385671615601,1.1207795143127441
5,616,0.7657878398895264,1.1138191223144531
5,617,0.9487884640693665,1.1169333457946777
5,618,0.6974355578422546,1.1147346496582031
5,619,0.9130450487136841,1.1174826622009277
5,620,0.6449115872383118,1.1147041320800781
5,621,0.7336605787277222,1.1060056686401367
5,622,0.6858404278755188,1.1140022277832031
5,623,0.7310196757316589,1.1060056686401367
5,624,0.7657764554023743,1.1207795143127441
5,625,0.5750352740287781,1.1140022277832031
5,626,0.6604408025741577,1.115464210510254
5,627,0.8270418643951416,1.1212677955627441
5,628,0.8341904878616333,1.1210236549377441
5,629,0.7568384408950806,1.099534511566162
5,630,0.883240282535553,1.1207795143127441
5,631,0.7491359114646912,1.1060056686401367
5,632,0.8557451367378235,1.1140022277832031
5,633,0.6798215508460999,1.115464210510254
5,634,0.708899736404419,1.1212677955627441
5,635,0.5489539504051208,1.1060056686401367
5,636,0.6887699365615845,1.1140022277832031
5,637,0.619664192199707,1.1210236549377441
5,638,0.6306379437446594,1.1138191223144531
5,639,0.5567613840103149,1.1138191223144531
5,640,1.1553890705108643,1.1138191223144531
5,641,0.7795140147209167,1.1169333457946777
5,642,0.7739608883857727,1.1060056686401367
5,643,0.7237259745597839,1.1167502403259277
5,644,0.6681215763092041,1.1174826622009277
5,645,0.8049376010894775,1.1138801574707031
5,646,0.5360323786735535,1.1207795143127441
5,647,0.6155055165290833,1.1174826622009277
5,648,0.9103376269340515,1.1060056686401367
5,649,0.7714922428131104,1.1140022277832031
5,650,0.7570650577545166,1.1060056686401367
5,651,0.9312304854393005,1.1140022277832031
5,652,0.6638369560241699,1.1210236549377441
5,653,0.6989004015922546,1.1138191223144531
5,654,0.7317131757736206,1.1138191223144531
5,655,0.7753029465675354,1.1212677955627441
5,656,0.8447827100753784,1.1060056686401367
5,657,0.6620547771453857,1.1158957481384277
5,658,0.7368612289428711,1.1066770553588867
5,659,0.8215672969818115,1.1140022277832031
5,660,0.7720232009887695,1.1169333457946777
5,661,0.7160327434539795,1.1147346496582031
5,662,0.863197386264801,1.1060056686401367
5,663,0.8223747611045837,1.1140022277832031
5,664,0.7120924592018127,1.1169333457946777
5,665,0.7330412268638611,1.1174826622009277
5,666,0.7322879433631897,1.1174826622009277
5,667,0.7024642825126648,1.1174826622009277
5,668,1.0405571460723877,1.1060056686401367
5,669,0.8256428241729736,1.1167502403259277
5,670,0.6149724125862122,1.1174826622009277
5,671,0.6347248554229736,1.1174826622009277
5,672,0.6036182641983032,1.1066770553588867
5,673,0.8225284814834595,1.1060056686401367
5,674,0.6956173181533813,1.1140022277832031
5,675,0.710181713104248,1.115464210510254
5,676,0.7465083003044128,1.1169333457946777
5,677,0.8634999394416809,1.1060056686401367
5,678,0.8331207633018494,1.1207795143127441
5,679,0.68515944480896,1.1166281700134277
5,680,0.8421376347541809,1.1146125793457031
5,681,0.8009731769561768,1.1160788536071777
5,682,0.8789942860603333,1.1149482727050781
5,683,0.6569790244102478,1.1149482727050781
5,684,0.7538301348686218,1.1149482727050781
5,685,0.6865342259407043,1.1176047325134277
5,686,0.8150115013122559,1.1138801574707031
5,687,0.6742847561836243,1.1174826622009277
5,688,0.6366236805915833,1.099534511566162
5,689,0.9589301347732544,1.1176047325134277
5,690,0.7092142701148987,1.1210236549377441
5,691,0.8236365914344788,1.1174826622009277
5,692,0.7581402659416199,1.1147346496582031
5,693,0.9483737349510193,1.1147346496582031
5,694,0.6279212236404419,1.1147346496582031
5,695,1.020742654800415,1.1207795143127441
5,696,0.8029189109802246,1.1138191223144531
5,697,0.7094428539276123,1.1169333457946777
5,698,0.960955798625946,1.1147346496582031
5,699,0.7565224170684814,1.1060056686401367
5,700,0.7056218385696411,1.1060056686401367
5,701,0.716620922088623,1.1167502403259277
5,702,0.9380210041999817,1.099534511566162
5,703,0.9163838028907776,1.1210236549377441
5,704,0.7291000485420227,1.099534511566162
5,705,0.7567131519317627,1.1207795143127441
5,706,0.8406680822372437,1.1138191223144531
5,707,0.9273743033409119,1.1060056686401367
5,708,0.7001299858093262,1.1140022277832031
5,709,0.684192419052124,1.115464210510254
5,710,0.5973778367042542,1.1169333457946777
5,711,0.8131360411643982,1.1174826622009277
5,712,0.670449435710907,1.1174826622009277
5,713,0.6049448847770691,1.1066770553588867
5,714,0.8460494875907898,1.100755214691162
5,715,0.9939786791801453,1.0980076789855957
5,716,0.7312621474266052,1.1174826622009277
5,717,0.7170439958572388,1.1210236549377441
5,718,0.665012001991272,1.099534511566162
5,719,0.7860837578773499,1.1207795143127441
5,720,0.9128093123435974,1.1060056686401367
5,721,0.7124027013778687,1.1158957481384277
5,722,0.858186662197113,1.1174826622009277
5,723,0.7526698708534241,1.1210236549377441
5,724,0.780283510684967,1.1141242980957031
5,725,0.727059543132782,1.1174826622009277
5,726,0.9271384477615356,1.1138801574707031
5,727,0.8952032327651978,1.1147346496582031
5,728,0.81779944896698,1.1147346496582031
5,729,0.8295245170593262,1.0980076789855957
5,730,0.6261144876480103,1.1174826622009277
5,731,0.7116106152534485,1.1060056686401367
5,732,0.6847728490829468,1.1167502403259277
5,733,0.6717220544815063,1.1168723106384277
5,734,0.9618726372718811,1.1168723106384277
5,735,0.6058972477912903,1.1168723106384277
5,736,0.6715294718742371,1.099534511566162
5,737,0.6917294263839722,1.1146736145019531
5,738,0.6413142681121826,1.1169333457946777
5,739,0.6784148812294006,1.1210236549377441
5,740,0.5848110914230347,1.1174826622009277
5,741,0.8931325078010559,1.1174826622009277
5,742,0.8273698091506958,1.1138801574707031
5,743,0.818114697933197,1.1147346496582031
5,744,0.8607418537139893,1.1207795143127441
5,745,0.7890365123748779,1.1207795143127441
5,746,0.6338878273963928,1.1174826622009277
5,747,0.7852984666824341,1.1210236549377441
5,748,0.715275228023529,1.1210236549377441
5,749,0.8506048917770386,1.1060056686401367
5,750,0.645761251449585,1.1207795143127441
5,751,0.9373310208320618,1.1166281700134277
5,752,0.8243024945259094,1.1166281700134277
5,753,0.9742878079414368,1.1166281700134277
5,754,0.6447368860244751,1.1216950416564941
5,755,0.8039419054985046,1.1066770553588867
5,756,0.7946777939796448,1.1158957481384277
5,757,0.7357633709907532,1.1210236549377441
5,758,0.9303514957427979,1.1138191223144531
5,759,0.8697506189346313,1.1169333457946777
5,760,0.6946271657943726,1.1147346496582031
5,761,0.7335596680641174,1.1147346496582031
5,762,0.6227455735206604,1.1174826622009277
5,763,0.776256799697876,1.1210236549377441
5,764,0.8389734029769897,1.1166281700134277
5,765,0.7651633024215698,1.1166281700134277
5,766,0.8262941241264343,1.1216950416564941
5,767,0.7698078751564026,1.1144905090332031
5,768,0.7705824375152588,1.1212677955627441
5,769,0.6863183975219727,1.1210236549377441
5,770,0.6888185143470764,1.1174826622009277
5,771,0.7936035990715027,1.1147346496582031
5,772,0.6940011382102966,1.100755214691162
5,773,0.7497486472129822,1.1140022277832031
5,774,0.7919729351997375,1.099534511566162
5,775,0.8285611867904663,1.1146736145019531
5,776,0.709869921207428,1.1169333457946777
5,777,0.9072787165641785,1.099534511566162
5,778,0.6134579181671143,1.1146736145019531
5,779,0.7335402965545654,1.1146736145019531
5,780,0.7839871644973755,1.1212677955627441
5,781,0.7536700963973999,1.1138191223144531
5,782,0.722002387046814,1.1138191223144531
5,783,0.809424638748169,1.1169333457946777
5,784,0.7090718150138855,1.1174826622009277
5,785,0.7550848126411438,1.1210236549377441
5,786,0.553397536277771,1.099534511566162
5,787,0.7656372785568237,1.1174826622009277
5,788,0.9430617690086365,1.1174826622009277
5,789,0.6331835985183716,1.1174826622009277
5,790,0.5725972056388855,1.1174826622009277
5,791,0.7782887816429138,1.1210236549377441
5,792,0.7925689220428467,1.1141242980957031
5,793,0.6255561709403992,1.1207795143127441
5,794,0.7503024935722351,1.1207795143127441
5,795,0.802217960357666,1.1060056686401367
5,796,0.7788150906562805,1.1140022277832031
5,797,0.5126157999038696,1.115464210510254
5,798,0.8144436478614807,1.100755214691162
5,799,0.6395532488822937,1.1063079833984375
5,800,0.7765897512435913,1.099534511566162
5,801,0.5299562811851501,1.1146736145019531
5,802,0.875918447971344,1.1146736145019531
5,803,0.7235302329063416,1.1138191223144531
5,804,0.9086165428161621,1.1212677955627441
5,805,0.7252126932144165,1.1138191223144531
5,806,0.7597266435623169,1.1060056686401367
5,807,0.7121395468711853,1.1140022277832031
5,808,0.8891639709472656,1.1169333457946777
5,809,0.7467024922370911,1.1147346496582031
5,810,0.6859544515609741,1.1174826622009277
5,811,0.8478116989135742,1.0980076789855957
5,812,0.6430455446243286,1.1146736145019531
5,813,0.9468255639076233,1.1060056686401367
5,814,0.7357286810874939,1.1158957481384277
5,815,0.7228756546974182,1.1138801574707031
5,816,0.8164632320404053,1.1060056686401367
5,817,0.8489322662353516,1.1140022277832031
5,818,0.6886773705482483,1.1060056686401367
5,819,0.6254667043685913,1.1167502403259277
5,820,0.7053732872009277,1.1138801574707031
5,821,0.8913243412971497,1.1207795143127441
5,822,0.9239007830619812,1.1060056686401367
5,823,0.8299122452735901,1.1140022277832031
5,824,0.8444689512252808,1.1210236549377441
5,825,0.7315689325332642,1.1210236549377441
5,826,0.7746105790138245,1.1174826622009277
5,827,0.7584567666053772,1.099534511566162
5,828,1.0159358978271484,1.1176047325134277
5,829,0.6106308698654175,1.1174826622009277
5,830,0.7677747011184692,1.1174826622009277
5,831,0.7448045015335083,1.1210236549377441
5,832,0.7339925765991211,1.1166281700134277
5,833,1.0376509428024292,1.1058835983276367
5,834,0.6239351034164429,1.1158957481384277
5,835,0.5967022180557251,1.1138801574707031
5,836,0.6503103375434875,1.1147346496582031
5,837,0.9038168787956238,1.1207795143127441
5,838,0.8658605813980103,1.1060056686401367
5,839,0.6486852169036865,1.1060056686401367
5,840,0.6830447912216187,1.1140022277832031
5,841,0.5745267271995544,1.1169333457946777
5,842,0.6287200450897217,1.1174826622009277
5,843,0.7423138618469238,1.1066770553588867
5,844,0.9603031277656555,1.1167502403259277
5,845,0.5696240067481995,1.1138801574707031
5,846,0.6357113718986511,1.1060056686401367
5,847,0.6780428290367126,1.1140022277832031
5,848,0.6327738165855408,1.1060056686401367
5,849,0.6038082242012024,1.1207795143127441
5,850,0.6698697209358215,1.1166281700134277
5,851,0.7552030682563782,1.1166281700134277
5,852,0.7649073600769043,1.1058835983276367
5,853,0.5789327621459961,1.1060056686401367
5,854,0.779423713684082,1.1207795143127441
5,855,0.8429951071739197,1.1140022277832031
5,856,0.7489981055259705,0.9758443832397461
6,1,0.6430503726005554,1.1138191223144531
6,2,0.6469452977180481,1.1138191223144531
6,3,0.7272513508796692,1.1169333457946777
6,4,0.5663334727287292,1.1060056686401367
6,5,0.6583098769187927,1.1167502403259277
6,6,0.6429802775382996,1.099534511566162
6,7,0.5455346703529358,1.1176047325134277
6,8,0.4768747389316559,1.1147346496582031
6,9,0.6467612981796265,1.1060056686401367
6,10,0.5822862982749939,1.1140022277832031
6,11,0.6068098545074463,1.1169333457946777
6,12,0.5965853333473206,1.1174826622009277
6,13,0.6009383797645569,1.099534511566162
6,14,0.6899171471595764,1.1146736145019531
6,15,0.47863146662712097,1.1169333457946777
6,16,0.5793241262435913,1.1147346496582031
6,17,0.617179274559021,1.1174826622009277
6,18,0.6773324012756348,1.1210236549377441
6,19,0.5390902161598206,1.1060056686401367
6,20,0.7171989679336548,1.1158957481384277
6,21,0.5753923654556274,1.1210236549377441
6,22,0.6192060112953186,1.099534511566162
6,23,0.6247262358665466,1.1146736145019531
6,24,0.6556059122085571,1.1212677955627441
6,25,0.5100458264350891,1.1138191223144531
6,26,0.5695303082466125,1.1169333457946777
6,27,0.6536783576011658,1.099534511566162
6,28,0.469748318195343,1.1207795143127441
6,29,0.6594886183738708,1.1174826622009277
6,30,0.5795183777809143,1.1174826622009277
6,31,0.5448338389396667,1.099534511566162
6,32,0.6036983728408813,1.1210236549377441
6,33,0.6846872568130493,1.1138191223144531
6,34,0.7320446372032166,1.1169333457946777
6,35,0.5246666669845581,1.1174826622009277
6,36,0.5279679894447327,1.1174826622009277
6,37,0.5492077469825745,1.1066770553588867
6,38,0.4959709942340851,1.1140022277832031
6,39,0.5026113390922546,1.1210236549377441
6,40,0.6750097870826721,1.1060056686401367
6,41,0.5573867559432983,1.0925102233886719
6,42,0.5117353200912476,1.1060056686401367
6,43,0.5793539881706238,1.1140022277832031
6,44,0.4662492275238037,1.1210236549377441
6,45,0.4857441186904907,1.1060056686401367
6,46,0.5249519944190979,1.1207795143127441
6,47,0.6683871150016785,1.1063079833984375
6,48,0.7614409327507019,1.1207795143127441
6,49,0.673943042755127,1.1056394577026367
6,50,0.6329686045646667,1.1166281700134277
6,51,0.5321706533432007,1.1174826622009277
6,52,0.6974483728408813,1.1174826622009277
6,53,0.49834194779396057,1.1174826622009277
6,54,0.4640029966831207,1.099534511566162
6,55,0.5095161199569702,1.099534511566162
6,56,0.44358447194099426,1.1174826622009277
6,57,0.6817439198493958,1.1210236549377441
6,58,0.8196018934249878,1.1174826622009277
6,59,0.5566630959510803,1.1147346496582031
6,60,0.7465199828147888,1.1174826622009277
6,61,0.5070028901100159,1.1147041320800781
6,62,0.5193387866020203,1.1149482727050781
6,63,0.6384661197662354,1.1149482727050781
6,64,0.6287765502929688,1.1149482727050781
6,65,0.890453040599823,1.1176047325134277
6,66,0.5940811038017273,1.1174826622009277
6,67,0.5078833103179932,1.1174826622009277
6,68,0.520714521408081,1.1138801574707031
6,69,0.6156572699546814,1.1174826622009277
6,70,0.568051815032959,1.1060056686401367
6,71,0.7453779578208923,1.1167502403259277
6,72,0.5041995048522949,1.1138801574707031
6,73,0.6311500668525696,1.1147346496582031
6,74,0.5773051977157593,1.1174826622009277
6,75,0.6020348072052002,1.1210236549377441
6,76,0.7083806395530701,1.1141242980957031
6,77,0.5854541659355164,1.1060056686401367
6,78,0.5672431588172913,1.1207795143127441
6,79,0.7208020091056824,1.1166281700134277
6,80,0.5249696969985962,1.1216950416564941
6,81,0.5959178805351257,1.1144905090332031
6,82,0.6591282486915588,1.1144905090332031
6,83,0.6277667284011841,1.1066770553588867
6,84,0.5746630430221558,1.1140022277832031
6,85,0.6053469777107239,1.099534511566162
6,86,0.6638238430023193,1.1056394577026367
6,87,0.5418450236320496,1.1207795143127441
6,88,0.6942217350006104,1.1207795143127441
6,89,0.8111655116081238,1.1207795143127441
6,90,0.5979161858558655,1.1174826622009277
6,91,0.561140775680542,1.1174826622009277
6,92,0.7266798615455627,1.1210236549377441
6,93,0.5843513011932373,1.1141242980957031
6,94,0.6883885860443115,1.1174826622009277
6,95,0.4899011254310608,1.1174826622009277
6,96,0.671114981174469,1.1210236549377441
6,97,0.5788928866386414,1.1141242980957031
6,98,0.5856241583824158,1.1207795143127441
6,99,0.7975057363510132,1.1060056686401367
6,100,0.5470706820487976,1.1060056686401367
6,101,0.5662294030189514,1.0980076789855957
6,102,0.5820793509483337,1.1174826622009277
6,103,0.5022881627082825,1.1210236549377441
6,104,0.6624565720558167,1.1138191223144531
6,105,0.5861517190933228,1.1060056686401367
6,106,0.7205870747566223,1.1140022277832031
6,107,0.47392508387565613,1.1210236549377441
6,108,0.594994843006134,1.1174826622009277
6,109,0.6909404397010803,1.1147346496582031
6,110,0.7167636156082153,1.1060056686401367
6,111,0.5452103018760681,1.1140022277832031
6,112,0.6273819208145142,1.1210236549377441
6,113,0.7015408277511597,1.099534511566162
6,114,0.6863197088241577,1.1146736145019531
6,115,0.5633688569068909,1.1169333457946777
6,116,0.4454357624053955,1.1174826622009277
6,117,0.6717655062675476,1.1066770553588867
6,118,0.5252005457878113,1.1140022277832031
6,119,0.8076117634773254,1.1060056686401367
6,120,0.593939483165741,1.100755214691162
6,121,0.7139986753463745,1.1140022277832031
6,122,0.6747979521751404,1.1169333457946777
6,123,0.6822187304496765,1.1174826622009277
6,124,0.5766329765319824,1.1138801574707031
6,125,0.7305119633674622,1.1207795143127441
6,126,0.6165506839752197,1.1174826622009277
6,127,0.5003002882003784,1.1174826622009277
6,128,0.4891214966773987,1.1210236549377441
6,129,0.6198350191116333,1.1210236549377441
6,130,0.6058806777000427,1.1141242980957031
6,131,0.6169480085372925,1.1174826622009277
6,132,0.5408805012702942,1.1174826622009277
6,133,0.6990941762924194,1.1138801574707031
6,134,0.4949684739112854,1.1174826622009277
6,135,0.586357831954956,1.1168723106384277
6,136,0.6499290466308594,1.1130256652832031
6,137,0.5899223685264587,1.1060056686401367
6,138,0.6767071485519409,1.1140022277832031
6,139,0.8152220845222473,1.115464210510254
6,140,0.5541082620620728,1.1060056686401367
6,141,0.6703770160675049,1.100755214691162
6,142,0.6132215857505798,1.1207795143127441
6,143,0.6593732833862305,1.1060056686401367
6,144,0.510980486869812,1.1140022277832031
6,145,0.7050089836120605,1.115464210510254
6,146,0.5707879662513733,1.0980076789855957
6,147,0.5367506146430969,1.1174826622009277
6,148,0.6486743092536926,1.1174826622009277
6,149,0.7103784084320068,1.1174826622009277
6,150,0.5341362357139587,1.1174826622009277
6,151,0.6584175825119019,1.1174826622009277
6,152,0.5883907079696655,1.1138801574707031
6,153,0.5089799165725708,1.1147346496582031
6,154,0.7313728332519531,1.1174826622009277
6,155,0.5943707227706909,1.1138801574707031
6,156,0.7682547569274902,1.1207795143127441
6,157,0.5622043609619141,1.1207795143127441
6,158,0.5545147657394409,1.1207795143127441
6,159,0.7645896077156067,1.1174826622009277
6,160,0.606514573097229,1.1147346496582031
6,161,0.6659379601478577,1.1174826622009277
6,162,0.6671836972236633,1.0980076789855957
6,163,0.5397950410842896,1.1174826622009277
6,164,0.6632627844810486,1.1060056686401367
6,165,0.5577211976051331,1.1167502403259277
6,166,0.6532646417617798,1.1168723106384277
6,167,0.5376091599464417,1.1168723106384277
6,168,0.7051336765289307,1.1210236549377441
6,169,0.6678889393806458,1.1141242980957031
6,170,0.6113511919975281,1.115464210510254
6,171,0.6228299140930176,1.114609718322754
6,172,0.5798644423484802,1.1060056686401367
6,173,0.6707664728164673,1.1140022277832031
6,174,0.6046943664550781,1.115464210510254
6,175,0.6560029983520508,1.1169333457946777
6,176,0.5924364328384399,1.1210236549377441
6,177,0.7818182110786438,1.1060056686401367
6,178,0.6957165598869324,1.1158957481384277
6,179,0.7421841025352478,1.1066770553588867
6,180,0.590154767036438,1.1167502403259277
6,181,0.5410158634185791,1.1138801574707031
6,182,0.6771759390830994,1.1174826622009277
6,183,0.4695431590080261,1.1174826622009277
6,184,0.5888468623161316,1.1174826622009277
6,185,0.6068198084831238,1.1138801574707031
6,186,0.6295100450515747,1.1207795143127441
6,187,0.8536660671234131,1.1174826622009277
6,188,0.862585186958313,1.1174826622009277
6,189,0.7725829482078552,1.1138801574707031
6,190,0.4894855320453644,1.1207795143127441
6,191,0.551122784614563,1.1138191223144531
6,192,0.49149876832962036,1.1060056686401367
6,193,0.5772328972816467,1.1167502403259277
6,194,0.5727503299713135,1.1210236549377441
6,195,0.6893159747123718,1.1141242980957031
6,196,0.5325577855110168,1.1174826622009277
6,197,0.6249047517776489,1.1210236549377441
6,198,0.5626233816146851,1.1210236549377441
6,199,0.5791001915931702,1.1141242980957031
6,200,0.6886288523674011,1.1174826622009277
6,201,0.6178462505340576,1.1138801574707031
6,202,0.7018840909004211,1.1207795143127441
6,203,0.8057931661605835,1.0925102233886719
6,204,0.6440351009368896,1.1207795143127441
6,205,0.5793128609657288,1.1174826622009277
6,206,0.614719808101654,1.1174826622009277
6,207,0.495108425617218,1.1060056686401367
6,208,0.5890679359436035,1.1207795143127441
6,209,0.485927015542984,1.1207795143127441
6,210,0.632226288318634,1.1138191223144531
6,211,0.5551067590713501,1.1169333457946777
6,212,0.5826343894004822,1.1174826622009277
6,213,0.6111053824424744,1.1138801574707031
6,214,0.5250961184501648,1.1174826622009277
6,215,0.6093996167182922,1.1168723106384277
6,216,0.7457864284515381,1.1066770553588867
6,217,0.6531854867935181,1.1140022277832031
6,218,0.7649976015090942,1.115464210510254
6,219,0.6185656189918518,1.1212677955627441
6,220,0.5408470630645752,1.1174826622009277
6,221,0.4761551320552826,1.1138801574707031
6,222,0.6608878374099731,1.1174826622009277
6,223,0.5163520574569702,1.1210236549377441
6,224,0.582158625125885,1.1210236549377441
6,225,0.6972249746322632,1.1141242980957031
6,226,0.9395890235900879,1.115464210510254
6,227,0.5280665755271912,1.1212677955627441
6,228,0.753858745098114,1.1174826622009277
6,229,0.6160789132118225,1.1210236549377441
6,230,0.4070091247558594,1.1060056686401367
6,231,0.7162819504737854,1.1140022277832031
6,232,0.46060463786125183,1.1060056686401367
6,233,0.5932946801185608,1.1060056686401367
6,234,0.5669707655906677,1.100755214691162
6,235,0.5712026357650757,1.1207795143127441
6,236,0.5531899929046631,1.1207795143127441
6,237,0.6984735727310181,1.1174826622009277
6,238,0.5838220715522766,1.099534511566162
6,239,0.6205167174339294,1.1210236549377441
6,240,0.6303836107254028,1.1174826622009277
6,241,0.45808106660842896,1.1210236549377441
6,242,0.4641376733779907,1.1210236549377441
6,243,0.48526817560195923,1.1138191223144531
6,244,0.5665839314460754,1.1212677955627441
6,245,0.6354326009750366,1.1210236549377441
6,246,0.45269250869750977,1.1210236549377441
6,247,0.7809430956840515,1.099534511566162
6,248,0.584349513053894,1.1207795143127441
6,249,0.7392306327819824,1.1138191223144531
6,250,0.5567898154258728,1.1212677955627441
6,251,0.7539834380149841,1.1138191223144531
6,252,0.5841888785362244,1.1169333457946777
6,253,0.5169379115104675,1.1060056686401367
6,254,0.46929916739463806,1.1167502403259277
6,255,0.5625918507575989,1.1138801574707031
6,256,0.7247320413589478,1.1060056686401367
6,257,0.5912620425224304,1.100755214691162
6,258,0.598677933216095,1.1174826622009277
6,259,0.6080645322799683,1.1174826622009277
6,260,0.5416611433029175,1.1210236549377441
6,261,0.5877169370651245,1.1060056686401367
6,262,0.6918545365333557,1.1158957481384277
6,263,0.6761419177055359,1.1210236549377441
6,264,0.7027710676193237,1.1138191223144531
6,265,0.7141847014427185,1.1138191223144531
6,266,0.7252324819564819,1.1138191223144531
6,267,0.838241457939148,1.1060056686401367
6,268,0.47425612807273865,1.1060056686401367
6,269,0.603277325630188,1.1207795143127441
6,270,0.672627329826355,1.1207795143127441
6,271,0.6644479632377625,1.1166281700134277
6,272,0.6323821544647217,1.1216950416564941
6,273,0.4994411766529083,1.1144905090332031
6,274,0.4674675464630127,1.1144905090332031
6,275,0.6157764196395874,1.1066770553588867
6,276,0.8167878985404968,1.0986790657043457
6,277,0.5309918522834778,1.1146736145019531
6,278,0.7833727598190308,1.1169333457946777
6,279,0.592200517654419,1.099534511566162
6,280,0.6052788496017456,1.1207795143127441
6,281,0.7242771983146667,1.1207795143127441
6,282,0.6053382158279419,1.1138191223144531
6,283,0.737917959690094,1.1169333457946777
6,284,0.6093310713768005,1.1174826622009277
6,285,0.6138719916343689,1.1174826622009277
6,286,0.6124718189239502,1.1066770553588867
6,287,0.5591766238212585,1.1207795143127441
6,288,0.5845569372177124,1.1140022277832031
6,289,0.5273911356925964,1.1169333457946777
6,290,0.5607749223709106,1.1060056686401367
6,291,0.451964795589447,1.100755214691162
6,292,0.446779727935791,1.1174826622009277
6,293,0.5775437355041504,1.1060056686401367
6,294,0.4631308317184448,1.1140022277832031
6,295,0.7103695273399353,1.1169333457946777
6,296,0.7068969011306763,1.1174826622009277
6,297,0.688753068447113,1.1210236549377441
6,298,0.5651662349700928,1.1210236549377441
6,299,0.611099898815155,1.1141242980957031
6,300,0.6586523652076721,1.115464210510254
6,301,0.47426870465278625,1.114609718322754
6,302,0.656360387802124,1.114609718322754
6,303,0.6088127493858337,1.1212677955627441
6,304,0.5299082398414612,1.099534511566162
6,305,0.7381040453910828,1.1207795143127441
6,306,0.8365299105644226,1.100755214691162
6,307,0.6819103956222534,1.1063079833984375
6,308,0.7360751628875732,1.1167502403259277
6,309,0.7087774872779846,1.099534511566162
6,310,0.7055105566978455,1.1146736145019531
6,311,0.6172336935997009,1.1146736145019531
6,312,0.5819200873374939,1.1138191223144531
6,313,0.5364452600479126,1.1169333457946777
6,314,0.559290885925293,1.1060056686401367
6,315,0.6244990825653076,1.1167502403259277
6,316,0.5394757986068726,1.1174826622009277
6,317,0.42994555830955505,1.1210236549377441
6,318,0.6773658394813538,1.099534511566162
6,319,0.6933894157409668,1.1060056686401367
6,320,0.7150413393974304,1.1158957481384277
6,321,0.4432535469532013,1.1174826622009277
6,322,0.6231432557106018,1.1138801574707031
6,323,0.7385456562042236,1.1147346496582031
6,324,0.9031857848167419,1.1174826622009277
6,325,0.5131417512893677,1.1210236549377441
6,326,0.6351401209831238,1.1210236549377441
6,327,0.5393403768539429,1.1210236549377441
6,328,0.7885423302650452,1.1141242980957031
6,329,0.6189504265785217,1.1174826622009277
6,330,0.7062240242958069,1.1174826622009277
6,331,0.5861987471580505,1.1138801574707031
6,332,0.6321592926979065,1.1174826622009277
6,333,0.5527772307395935,1.1168723106384277
6,334,0.496793657541275,1.1210236549377441
6,335,0.5043798089027405,1.1060056686401367
6,336,0.6936957240104675,1.1207795143127441
6,337,0.5305918455123901,1.1140022277832031
6,338,0.5713016986846924,1.115464210510254
6,339,0.5236934423446655,1.114609718322754
6,340,0.7480933666229248,1.114609718322754
6,341,0.5442551374435425,1.1169333457946777
6,342,0.6629573702812195,1.1210236549377441
6,343,0.6856737732887268,1.1138191223144531
6,344,0.506577730178833,1.1138191223144531
6,345,0.7216973900794983,1.1060056686401367
6,346,0.39594802260398865,1.1167502403259277
6,347,0.6674507260322571,1.1138801574707031
6,348,0.6188943386077881,1.1174826622009277
6,349,0.5352598428726196,1.1210236549377441
6,350,0.5485984086990356,1.1141242980957031
6,351,0.663785457611084,1.1060056686401367
6,352,0.5864691734313965,1.1167502403259277
6,353,0.755023181438446,1.0980076789855957
6,354,0.5506874322891235,1.1174826622009277
6,355,0.5974295139312744,1.1210236549377441
6,356,0.35354629158973694,1.1174826622009277
6,357,0.45275571942329407,1.1174826622009277
6,358,0.5393257141113281,1.1210236549377441
6,359,0.8388068675994873,1.1141242980957031
6,360,0.48895275592803955,1.115464210510254
6,361,0.6492324471473694,1.1212677955627441
6,362,0.6102666258811951,1.099534511566162
6,363,0.821506142616272,1.1146736145019531
6,364,0.756811797618866,1.1212677955627441
6,365,0.5628634095191956,1.1174826622009277
6,366,0.6532825827598572,1.1174826622009277
6,367,0.8005132079124451,1.1174826622009277
6,368,0.670570433139801,1.1060056686401367
6,369,0.7665569186210632,1.1167502403259277
6,370,0.6319173574447632,1.1174826622009277
6,371,0.6233518123626709,1.0980076789855957
6,372,0.6737593412399292,1.1174826622009277
6,373,0.6774357557296753,1.1210236549377441
6,374,0.5029601454734802,1.1210236549377441
6,375,0.5697129368782043,1.1138191223144531
6,376,0.8094004988670349,1.1138191223144531
6,377,0.6962148547172546,1.1212677955627441
6,378,0.5196714401245117,1.1210236549377441
6,379,0.7833392024040222,1.1138191223144531
6,380,0.534695029258728,1.0925102233886719
6,381,0.7053005695343018,1.1138191223144531
6,382,0.7859472036361694,1.1155281066894531
6,383,0.5872223377227783,1.0980076789855957
6,384,0.5227325558662415,1.1207795143127441
6,385,0.564034104347229,1.1207795143127441
6,386,0.5114006400108337,1.1207795143127441
6,387,0.5156670212745667,1.1060056686401367
6,388,0.5440240502357483,1.1207795143127441
6,389,0.8251225352287292,1.1166281700134277
6,390,0.6684741377830505,1.1166281700134277
6,391,0.5796233415603638,1.1216950416564941
6,392,0.6126369833946228,1.1181540489196777
6,393,0.6301515102386475,1.1181540489196777
6,394,0.5751054286956787,1.1154060363769531
6,395,0.4822133183479309,1.1066770553588867
6,396,0.7980858087539673,1.1140022277832031
6,397,0.6167197227478027,1.1169333457946777
6,398,0.6765555739402771,1.1210236549377441
6,399,0.5672900080680847,1.1138191223144531
6,400,0.7535406351089478,1.1169333457946777
6,401,0.5710428953170776,1.1174826622009277
6,402,0.49478012323379517,1.1174826622009277
6,403,0.6160505414009094,1.1066770553588867
6,404,0.6577802896499634,1.1140022277832031
6,405,0.5103422403335571,1.115464210510254
6,406,0.8573951721191406,1.1060056686401367
6,407,0.6950151920318604,1.1207795143127441
6,408,0.6230043768882751,1.1166281700134277
6,409,0.575851559638977,1.1058835983276367
6,410,0.587124228477478,1.1207795143127441
6,411,0.6843637824058533,1.0867443084716797
6,412,0.5838065147399902,1.1174826622009277
6,413,0.6028742790222168,1.1060056686401367
6,414,0.4839513599872589,1.1167502403259277
6,415,0.7019652128219604,1.1174826622009277
6,416,0.6372807025909424,1.1210236549377441
6,417,0.4647073447704315,1.1210236549377441
6,418,0.5144051313400269,1.1060056686401367
6,419,0.6181640625,1.1140022277832031
6,420,0.515716552734375,1.1169333457946777
6,421,0.5224088430404663,1.1210236549377441
6,422,0.6168084740638733,1.1210236549377441
6,423,0.5133923888206482,1.1174826622009277
6,424,0.5418519377708435,1.1147346496582031
6,425,0.9118769764900208,1.1207795143127441
6,426,0.6742841005325317,1.1207795143127441
6,427,0.8705992698669434,1.1138191223144531
6,428,0.6374043226242065,1.1212677955627441
6,429,0.5872802138328552,1.1174826622009277
6,430,0.5910561084747314,1.1174826622009277
6,431,0.7317540645599365,1.1138801574707031
6,432,0.8723475933074951,1.1147346496582031
6,433,0.6565262675285339,1.1174826622009277
6,434,0.5433713793754578,1.1168723106384277
6,435,0.5525879263877869,1.1210236549377441
6,436,0.6169102787971497,1.1141242980957031
6,437,0.5693849325180054,1.115464210510254
6,438,0.6533414721488953,1.1169333457946777
6,439,0.5582978129386902,1.1174826622009277
6,440,0.616422712802887,1.1174826622009277
6,441,0.7605308890342712,1.1138801574707031
6,442,0.6286383867263794,1.1174826622009277
6,443,0.5357124209403992,1.1168723106384277
6,444,0.7097172737121582,1.1168723106384277
6,445,0.600281834602356,1.1066770553588867
6,446,0.5780054926872253,1.1167502403259277
6,447,0.35266631841659546,1.1138801574707031
6,448,0.8771761059761047,1.1147346496582031
6,449,0.5520820617675781,1.1174826622009277
6,450,0.5067950487136841,1.1210236549377441
6,451,0.575312077999115,1.1141242980957031
6,452,0.6827396750450134,1.1207795143127441
6,453,0.6123365759849548,1.1060056686401367
6,454,0.44057783484458923,1.1140022277832031
6,455,0.7582631707191467,1.115464210510254
6,456,0.8944366574287415,1.114609718322754
6,457,0.6415927410125732,1.114609718322754
6,458,0.6764312982559204,1.1212677955627441
6,459,0.535415530204773,1.1060056686401367
6,460,0.5193023681640625,1.1158957481384277
6,461,0.5275789499282837,1.1174826622009277
6,462,0.8167742490768433,1.0980076789855957
6,463,0.512785017490387,1.1146736145019531
6,464,0.654256284236908,1.1169333457946777
6,465,0.6141940951347351,1.1174826622009277
6,466,0.5276908874511719,1.1210236549377441
6,467,0.568042516708374,1.1141242980957031
6,468,0.7623181939125061,1.1174826622009277
6,469,0.6715491414070129,1.1174826622009277
6,470,0.7402334809303284,1.1138801574707031
6,471,0.4887928068637848,1.100755214691162
6,472,0.5068468451499939,1.1140022277832031
6,473,0.5673494935035706,1.1060056686401367
6,474,0.677795946598053,1.1167502403259277
6,475,0.6172683238983154,1.1210236549377441
6,476,0.7917326092720032,1.1210236549377441
6,477,0.7505327463150024,1.1141242980957031
6,478,0.8545376658439636,1.115464210510254
6,479,0.5847808122634888,1.1060056686401367
6,480,0.67633455991745,1.1207795143127441
6,481,0.4949730634689331,1.1063079833984375
6,482,0.5621822476387024,1.1167502403259277
6,483,0.62075275182724,1.1174826622009277
6,484,0.7803421020507812,1.1174826622009277
6,485,0.7198344469070435,1.1210236549377441
6,486,0.7163791060447693,1.1141242980957031
6,487,0.737047553062439,1.1060056686401367
6,488,0.6265614032745361,1.1167502403259277
6,489,0.5023754239082336,1.1174826622009277
6,490,0.7320559620857239,1.1066770553588867
6,491,0.5891059637069702,1.100755214691162
6,492,0.60035240650177,1.1140022277832031
6,493,0.649979293346405,1.0980076789855957
6,494,0.7171425223350525,1.0980076789855957
6,495,0.5151659846305847,1.1174826622009277
6,496,0.5835485458374023,1.1060056686401367
6,497,0.7815700769424438,1.1140022277832031
6,498,0.6805529594421387,1.1169333457946777
6,499,0.5266095995903015,1.1174826622009277
6,500,0.6180315017700195,1.1174826622009277
6,501,0.5897397398948669,1.1174826622009277
6,502,0.5302101373672485,1.1138801574707031
6,503,0.8297228217124939,1.1147346496582031
6,504,0.6267600059509277,1.1174826622009277
6,505,0.5808125734329224,1.1168723106384277
6,506,0.8105381727218628,1.1130256652832031
6,507,0.6692084074020386,1.1147346496582031
6,508,0.6735502481460571,1.1207795143127441
6,509,0.697063684463501,1.1207795143127441
6,510,0.5005159378051758,1.1060056686401367
6,511,0.7027590274810791,1.1158957481384277
6,512,0.6119286417961121,1.1138801574707031
6,513,0.622800886631012,1.1207795143127441
6,514,0.5945350527763367,1.1174826622009277
6,515,0.7574784755706787,1.1174826622009277
6,516,0.6149693727493286,1.1138801574707031
6,517,0.6624398827552795,1.1147346496582031
6,518,0.7703990340232849,1.1174826622009277
6,519,0.5092659592628479,1.1168723106384277
6,520,0.5570429563522339,1.1168723106384277
6,521,0.42018967866897583,1.1210236549377441
6,522,0.467623770236969,1.1166281700134277
6,523,0.7054517269134521,1.1216950416564941
6,524,0.8190498352050781,1.1181540489196777
6,525,0.7290794253349304,1.1181540489196777
6,526,0.4395104646682739,1.1181540489196777
6,527,0.6024604439735413,1.1181540489196777
6,528,0.6989132761955261,1.100205898284912
6,529,0.5456166863441467,1.1210236549377441
6,530,0.593590497970581,1.1138191223144531
6,531,0.6174578666687012,1.1060056686401367
6,532,0.5312852263450623,1.1167502403259277
6,533,0.6610122919082642,1.1174826622009277
6,534,0.5971901416778564,1.1138801574707031
6,535,0.5192089676856995,1.1060056686401367
6,536,0.6394965648651123,1.1060056686401367
6,537,0.6235169768333435,1.1060056686401367
6,538,0.8446520566940308,1.1207795143127441
6,539,0.6338182091712952,1.1140022277832031
6,540,0.5554690957069397,1.115464210510254
6,541,0.5201373100280762,1.114609718322754
6,542,0.6748849153518677,1.1169333457946777
6,543,0.6093277931213379,1.1060056686401367
6,544,0.4555400013923645,1.1140022277832031
6,545,0.4896910488605499,1.1210236549377441
6,546,0.5399742126464844,1.1060056686401367
6,547,0.5914565920829773,1.1140022277832031
6,548,0.7466087937355042,1.1060056686401367
6,549,0.5452373623847961,1.1140022277832031
6,550,0.6864521503448486,1.115464210510254
6,551,0.5701431632041931,1.1169333457946777
6,552,0.6294101476669312,1.1174826622009277
6,553,0.6854767799377441,1.1174826622009277
6,554,0.5557043552398682,1.1138801574707031
6,555,0.6934241056442261,1.1147346496582031
6,556,0.5726305842399597,1.1207795143127441
6,557,0.5562000870704651,1.1207795143127441
6,558,0.631831705570221,1.1138191223144531
6,559,0.6026036739349365,1.1138191223144531
6,560,0.5096898078918457,1.1138191223144531
6,561,0.4497516453266144,1.1169333457946777
6,562,0.5708260536193848,1.1174826622009277
6,563,0.5801615118980408,1.1210236549377441
6,564,0.587039589881897,1.1060056686401367
6,565,0.5881705284118652,1.1060056686401367
6,566,0.6393716335296631,1.1060056686401367
6,567,0.5770652294158936,1.1140022277832031
6,568,0.7422807216644287,1.1169333457946777
6,569,0.7569838762283325,1.1210236549377441
6,570,0.6786419153213501,1.1138191223144531
6,571,0.6971290111541748,1.1138191223144531
6,572,0.7292885780334473,1.1169333457946777
6,573,0.585719883441925,1.1147346496582031
6,574,0.7513487339019775,1.1147346496582031
6,575,0.6775999665260315,1.1174826622009277
6,576,0.849356472492218,1.1210236549377441
6,577,0.41965028643608093,1.1166281700134277
6,578,0.4986836612224579,1.099534511566162
6,579,0.6321203708648682,1.1176047325134277
6,580,0.6056857109069824,1.1174826622009277
6,581,0.5534475445747375,1.1174826622009277
6,582,0.7305838465690613,1.1174826622009277
6,583,0.7777580618858337,1.1060056686401367
6,584,0.5884804725646973,1.1140022277832031
6,585,0.6433634757995605,1.1210236549377441
6,586,0.6039959192276001,1.1174826622009277
6,587,0.6206136345863342,1.1210236549377441
6,588,0.6963340044021606,1.1174826622009277
6,589,0.5550517439842224,1.1174826622009277
6,590,0.6742671132087708,1.1138801574707031
6,591,0.8160617351531982,1.1147346496582031
6,592,0.6406047344207764,1.100755214691162
6,593,0.6000034213066101,1.1174826622009277
6,594,0.4930649995803833,1.1174826622009277
6,595,0.7161832451820374,1.1060056686401367
6,596,0.6235767006874084,1.1167502403259277
6,597,0.863865852355957,1.1174826622009277
6,598,0.7662228941917419,1.1174826622009277
6,599,0.5864018797874451,1.1174826622009277
6,600,0.5768877863883972,1.1066770553588867
6,601,0.5406960844993591,1.1207795143127441
6,602,0.6658189296722412,1.1207795143127441
6,603,0.589559018611908,1.1166281700134277
6,604,0.5602609515190125,1.1166281700134277
6,605,0.7411507964134216,1.1166281700134277
6,606,0.5965973138809204,1.1166281700134277
6,607,0.46474847197532654,1.1216950416564941
6,608,0.5013726949691772,1.1066770553588867
6,609,0.6871668100357056,1.1158957481384277
6,610,0.7396153807640076,1.1066770553588867
6,611,0.8722214698791504,1.1207795143127441
6,612,0.4903317987918854,1.1166281700134277
6,613,0.6707741618156433,1.1146125793457031
6,614,0.6833930015563965,1.1210236549377441
6,615,0.5436786413192749,1.1210236549377441
6,616,0.8243566155433655,1.1174826622009277
6,617,0.4988192319869995,1.1210236549377441
6,618,0.676598072052002,1.1060056686401367
6,619,0.7447458505630493,1.0925102233886719
6,620,0.6367905139923096,1.1138191223144531
6,621,0.6563861966133118,1.1212677955627441
6,622,0.46973052620887756,1.1174826622009277
6,623,0.563211977481842,1.1174826622009277
6,624,0.7033952474594116,1.1174826622009277
6,625,0.5435360670089722,1.1174826622009277
6,626,0.5034340023994446,1.0925102233886719
6,627,0.5695618391036987,1.1207795143127441
6,628,0.7802720069885254,1.1174826622009277
6,629,0.7465986609458923,1.099534511566162
6,630,0.7271784543991089,1.1210236549377441
6,631,0.5139650702476501,1.1174826622009277
6,632,0.5928875207901001,1.1174826622009277
6,633,0.6414198875427246,1.1060056686401367
6,634,0.7364252209663391,1.1207795143127441
6,635,0.44223344326019287,1.1140022277832031
6,636,0.5763569474220276,1.115464210510254
6,637,0.6216435432434082,1.1169333457946777
6,638,0.6059747338294983,1.1174826622009277
6,639,0.6059384942054749,1.1210236549377441
6,640,0.6752461194992065,1.1166281700134277
6,641,0.5259841084480286,1.1166281700134277
6,642,0.685657799243927,1.1146125793457031
6,643,0.7197685241699219,1.1210236549377441
6,644,0.5194621086120605,1.1174826622009277
6,645,0.8516109585762024,1.1147346496582031
6,646,0.5387300252914429,1.1147346496582031
6,647,0.7804886102676392,1.100755214691162
6,648,0.51351398229599,1.1063079833984375
6,649,0.8710927963256836,1.1207795143127441
6,650,0.739890992641449,1.1056394577026367
6,651,0.7419487833976746,1.1166281700134277
6,652,0.6790174245834351,1.0980076789855957
6,653,0.5460267066955566,1.1207795143127441
6,654,0.5335367321968079,1.1138191223144531
6,655,0.6188918948173523,1.1212677955627441
6,656,0.5952863693237305,1.1174826622009277
6,657,0.7803905606269836,1.0925102233886719
6,658,0.4955838918685913,1.1060056686401367
6,659,0.6392625570297241,1.1060056686401367
6,660,0.7221798896789551,1.1207795143127441
6,661,0.7175715565681458,1.1166281700134277
6,662,0.47604864835739136,1.1166281700134277
6,663,0.7104213833808899,1.1146125793457031
6,664,0.6422234773635864,1.1148262023925781
6,665,0.6206179857254028,1.1148262023925781
6,666,0.5100976228713989,1.1148262023925781
6,667,0.5300287008285522,1.1058835983276367
6,668,0.5445888042449951,1.1158957481384277
6,669,0.5604941844940186,1.1174826622009277
6,670,0.5315630435943604,1.099534511566162
6,671,0.6330941915512085,1.099534511566162
6,672,0.8884528279304504,1.1174826622009277
6,673,0.5704492330551147,1.1174826622009277
6,674,0.6770409941673279,1.1210236549377441
6,675,0.5536665916442871,1.1210236549377441
6,676,0.6896233558654785,1.1141242980957031
6,677,0.5006428360939026,1.1060056686401367
6,678,0.591579020023346,1.1207795143127441
6,679,0.4934394359588623,1.1166281700134277
6,680,0.5682336688041687,1.1146125793457031
6,681,0.7350553274154663,1.1058835983276367
6,682,0.9409820437431335,1.1146736145019531
6,683,0.5922898054122925,1.1060056686401367
6,684,0.5982617735862732,1.1167502403259277
6,685,0.6095934510231018,1.1138801574707031
6,686,0.5123205780982971,1.1207795143127441
6,687,0.6225377917289734,1.1174826622009277
6,688,0.6530095338821411,1.1174826622009277
6,689,0.6476036310195923,1.1210236549377441
6,690,0.9528024196624756,1.1210236549377441
6,691,0.6994131207466125,1.1141242980957031
6,692,0.6260620355606079,1.1207795143127441
6,693,0.7097411751747131,1.1138191223144531
6,694,0.5156881809234619,1.1138191223144531
6,695,0.4732933044433594,1.1212677955627441
6,696,0.5969896912574768,1.1174826622009277
6,697,0.646789014339447,1.1174826622009277
6,698,0.7327013611793518,1.1210236549377441
6,699,0.5051453709602356,1.1141242980957031
6,700,0.5870087146759033,1.1207795143127441
6,701,0.6186116337776184,1.1174826622009277
6,702,0.5334334969520569,1.1174826622009277
6,703,0.49801328778266907,1.099534511566162
6,704,0.6597328186035156,1.1146736145019531
6,705,0.5785625576972961,1.1146736145019531
6,706,0.3698785901069641,1.1060056686401367
6,707,0.5558090806007385,1.100755214691162
6,708,0.7041273713111877,1.1174826622009277
6,709,0.5410961508750916,1.1210236549377441
6,710,0.48657798767089844,1.1138191223144531
6,711,0.561866283416748,1.1212677955627441
6,712,0.6971701383590698,1.1174826622009277
6,713,0.5986642837524414,1.1060056686401367
6,714,0.772531270980835,1.1207795143127441
6,715,0.5334408283233643,1.1166281700134277
6,716,0.659916341304779,1.1146125793457031
6,717,0.8479526042938232,1.1058835983276367
6,718,0.7371888160705566,1.1146736145019531
6,719,0.5456975698471069,1.100755214691162
6,720,0.7677580714225769,1.1174826622009277
6,721,0.5693587064743042,1.1174826622009277
6,722,0.6729404330253601,1.1174826622009277
6,723,0.6266941428184509,1.1210236549377441
6,724,0.7216319441795349,1.1141242980957031
6,725,0.8801851272583008,1.1060056686401367
6,726,0.6905752420425415,1.1167502403259277
6,727,0.6736283302307129,1.1138801574707031
6,728,0.7937647104263306,1.1147346496582031
6,729,0.7346134781837463,1.100755214691162
6,730,0.7361517548561096,1.1063079833984375
6,731,0.7041341662406921,1.1207795143127441
6,732,0.6625070571899414,1.099534511566162
6,733,0.6002766489982605,1.1207795143127441
6,734,0.618843674659729,1.1138191223144531
6,735,0.6060980558395386,1.1169333457946777
6,736,0.7633986473083496,1.0980076789855957
6,737,0.6629503965377808,1.1060056686401367
6,738,0.6778133511543274,1.1140022277832031
6,739,0.5470662713050842,1.114609718322754
6,740,0.46337080001831055,1.1169333457946777
6,741,0.6280253529548645,1.1174826622009277
6,742,0.6815251111984253,1.1138801574707031
6,743,0.6312767267227173,1.1174826622009277
6,744,0.5513783097267151,1.1060056686401367
6,745,0.7291375994682312,1.1140022277832031
6,746,0.4766116440296173,1.1169333457946777
6,747,0.5611575245857239,1.1147346496582031
6,748,0.46035921573638916,1.1174826622009277
6,749,0.6287723183631897,1.1147041320800781
6,750,0.7256841063499451,1.1149482727050781
6,751,0.5295526385307312,1.1149482727050781
6,752,0.6873885989189148,1.1149482727050781
6,753,0.7605332732200623,1.1176047325134277
6,754,0.5565827488899231,1.1138801574707031
6,755,0.621972382068634,1.1207795143127441
6,756,0.6334316730499268,1.1174826622009277
6,757,0.8120344877243042,1.1210236549377441
6,758,0.8271501064300537,1.1138191223144531
6,759,0.5969281196594238,1.1212677955627441
6,760,0.6081982254981995,1.1060056686401367
6,761,0.6585516929626465,1.1158957481384277
6,762,0.7179856896400452,1.1210236549377441
6,763,0.6408107280731201,1.1174826622009277
6,764,0.6851150989532471,1.1174826622009277
6,765,0.8080112934112549,1.1174826622009277
6,766,0.4539893567562103,1.1174826622009277
6,767,0.6800804138183594,1.0980076789855957
6,768,0.5678197145462036,1.099534511566162
6,769,0.6798406839370728,1.1174826622009277
6,770,0.45609545707702637,1.1210236549377441
6,771,0.4619870185852051,1.1060056686401367
6,772,0.6136542558670044,1.100755214691162
6,773,0.4817664921283722,1.1207795143127441
6,774,0.5376132130622864,1.1060056686401367
6,775,0.6766301989555359,1.1140022277832031
6,776,0.532497763633728,1.1169333457946777
6,777,0.6404066681861877,1.1147346496582031
6,778,0.5804446339607239,1.1174826622009277
6,779,0.6334827542304993,1.1210236549377441
6,780,0.6440218091011047,1.1141242980957031
6,781,0.690831184387207,1.1174826622009277
6,782,0.6633220911026001,1.1174826622009277
6,783,0.604972243309021,1.1060056686401367
6,784,0.6887853741645813,1.1140022277832031
6,785,0.6184823513031006,1.099534511566162
6,786,0.4869365990161896,1.1176047325134277
6,787,0.5986922383308411,1.1174826622009277
6,788,0.8238776922225952,1.1174826622009277
6,789,0.6573500633239746,1.1174826622009277
6,790,0.7210081815719604,1.099534511566162
6,791,0.6261106729507446,1.1176047325134277
6,792,0.5828820466995239,1.1210236549377441
6,793,0.4749095141887665,1.1138191223144531
6,794,0.6504385471343994,1.1060056686401367
6,795,0.7005661725997925,1.1207795143127441
6,796,0.7844362854957581,1.099534511566162
6,797,0.6844760179519653,1.1146736145019531
6,798,0.6501079201698303,1.1169333457946777
6,799,0.7566114664077759,1.1147346496582031
6,800,0.4977065920829773,1.1060056686401367
6,801,0.8550502061843872,1.1207795143127441
6,802,0.6285902261734009,1.1207795143127441
6,803,0.8455743193626404,1.1166281700134277
6,804,0.7496078014373779,1.1058835983276367
6,805,0.6965399980545044,1.1158957481384277
6,806,0.6104111075401306,1.1210236549377441
6,807,0.7226884365081787,1.1138191223144531
6,808,0.6550005078315735,1.1212677955627441
6,809,0.6655394434928894,1.1138191223144531
6,810,0.836254894733429,1.1212677955627441
6,811,0.5968568325042725,1.0980076789855957
6,812,0.5325507521629333,1.1174826622009277
6,813,0.6072595715522766,1.1147346496582031
6,814,0.5397307872772217,1.1174826622009277
6,815,0.5968255996704102,1.1210236549377441
6,816,0.5575209259986877,1.099534511566162
6,817,0.6437370777130127,1.1174826622009277
6,818,0.6056973934173584,1.1147346496582031
6,819,0.656373918056488,1.0980076789855957
6,820,0.6627330183982849,1.1207795143127441
6,821,0.6108249425888062,1.099534511566162
6,822,0.5533982515335083,1.1174826622009277
6,823,0.7316402792930603,1.1060056686401367
6,824,0.6360512971878052,1.1060056686401367
6,825,0.4901581406593323,1.1207795143127441
6,826,0.6611147522926331,1.1207795143127441
6,827,0.6026667356491089,1.1138191223144531
6,828,0.6886088848114014,1.1169333457946777
6,829,0.4629543423652649,1.1174826622009277
6,830,0.7639482617378235,1.099534511566162
6,831,0.7369493246078491,1.1210236549377441
6,832,0.7878952026367188,1.0980076789855957
6,833,0.723386824131012,1.1060056686401367
6,834,0.6677373051643372,1.1140022277832031
6,835,0.715542733669281,1.114609718322754
6,836,0.6870542168617249,1.1169333457946777
6,837,0.6637238264083862,1.1174826622009277
6,838,0.6727121472358704,1.1210236549377441
6,839,0.5330440402030945,1.1166281700134277
6,840,0.6539193987846375,1.1146125793457031
6,841,0.5802915692329407,1.1210236549377441
6,842,0.9071134328842163,1.1138191223144531
6,843,0.5170579552650452,1.1169333457946777
6,844,0.39401865005493164,1.0980076789855957
6,845,0.6081708669662476,1.1207795143127441
6,846,0.6987369656562805,1.1174826622009277
6,847,0.5381397604942322,1.1210236549377441
6,848,0.6227221488952637,1.1210236549377441
6,849,0.6895188093185425,1.1210236549377441
6,850,0.6488988399505615,1.1210236549377441
6,851,0.6687994003295898,1.1210236549377441
6,852,0.7156896591186523,1.1174826622009277
6,853,0.653700590133667,1.1210236549377441
6,854,0.6148990988731384,1.1210236549377441
6,855,0.8338368535041809,1.1210236549377441
6,856,0.46930110454559326,0.9807891845703125
7,1,0.5429856181144714,1.1174826622009277
7,2,0.4867976903915405,1.1174826622009277
7,3,0.4686710238456726,1.1174826622009277
7,4,0.4573937654495239,1.0980076789855957
7,5,0.4132603704929352,1.1207795143127441
7,6,0.4665853679180145,1.1174826622009277
7,7,0.4749675691127777,1.1147346496582031
7,8,0.46017053723335266,1.1060056686401367
7,9,0.4009902775287628,1.1167502403259277
7,10,0.3833519518375397,1.1138801574707031
7,11,0.40016981959342957,1.1147346496582031
7,12,0.38005417585372925,1.1207795143127441
7,13,0.4515439569950104,1.1174826622009277
7,14,0.3850938081741333,1.1147346496582031
7,15,0.3526577055454254,1.100755214691162
7,16,0.4775533080101013,1.1207795143127441
7,17,0.572456955909729,1.1138191223144531
7,18,0.3426719605922699,1.1169333457946777
7,19,0.4123728275299072,1.1147346496582031
7,20,0.33738312125205994,1.1207795143127441
7,21,0.3588978052139282,1.1207795143127441
7,22,0.42757272720336914,1.1174826622009277
7,23,0.5043787956237793,1.1210236549377441
7,24,0.5049523115158081,1.1174826622009277
7,25,0.47840389609336853,1.099534511566162
7,26,0.40181195735931396,1.1056394577026367
7,27,0.4374108910560608,1.1140022277832031
7,28,0.30659669637680054,1.1169333457946777
7,29,0.34427353739738464,1.1060056686401367
7,30,0.3544353246688843,1.1207795143127441
7,31,0.39701858162879944,1.1166281700134277
7,32,0.34067463874816895,1.1166281700134277
7,33,0.48485928773880005,1.1146125793457031
7,34,0.3339165449142456,1.1160788536071777
7,35,0.2914298176765442,1.1210236549377441
7,36,0.47430405020713806,1.1060056686401367
7,37,0.48707327246665955,1.1060056686401367
7,38,0.2792747914791107,1.100755214691162
7,39,0.37707653641700745,1.1174826622009277
7,40,0.4343652129173279,1.1060056686401367
7,41,0.3216363191604614,1.1167502403259277
7,42,0.3807471692562103,1.1168723106384277
7,43,0.2721385955810547,1.1168723106384277
7,44,0.3384762704372406,1.1168723106384277
7,45,0.4889674484729767,1.1168723106384277
7,46,0.37097638845443726,1.1138801574707031
7,47,0.37888801097869873,1.1060056686401367
7,48,0.3472878336906433,1.1167502403259277
7,49,0.38058343529701233,1.1138801574707031
7,50,0.5056785345077515,1.1147346496582031
7,51,0.3513495922088623,1.1174826622009277
7,52,0.3898059129714966,1.1210236549377441
7,53,0.4504590630531311,1.1166281700134277
7,54,0.31763818860054016,1.1216950416564941
7,55,0.2858749032020569,1.1144905090332031
7,56,0.5197826027870178,1.1169333457946777
7,57,0.4243549108505249,1.1147346496582031
7,58,0.454691082239151,1.1060056686401367
7,59,0.34881776571273804,1.1207795143127441
7,60,0.2984977066516876,1.1140022277832031
7,61,0.31899240612983704,1.1210236549377441
7,62,0.3852252662181854,1.1174826622009277
7,63,0.4716563820838928,1.1147346496582031
7,64,0.44169825315475464,1.1207795143127441
7,65,0.4349628984928131,1.1174826622009277
7,66,0.4739459156990051,1.1210236549377441
7,67,0.35983335971832275,1.1174826622009277
7,68,0.3476082682609558,1.1060056686401367
7,69,0.34057846665382385,1.1140022277832031
7,70,0.3902515172958374,1.1210236549377441
7,71,0.3931855261325836,1.1174826622009277
7,72,0.5376942157745361,1.1147346496582031
7,73,0.36594635248184204,1.1147346496582031
7,74,0.48763197660446167,1.1174826622009277
7,75,0.3387896716594696,1.1168723106384277
7,76,0.4292513132095337,1.1066770553588867
7,77,0.40826359391212463,1.1167502403259277
7,78,0.30693739652633667,1.1210236549377441
7,79,0.5011152625083923,1.1060056686401367
7,80,0.1923302412033081,1.1140022277832031
7,81,0.458011656999588,1.099534511566162
7,82,0.440168559551239,1.1146736145019531
7,83,0.33590224385261536,1.1146736145019531
7,84,0.23622053861618042,1.1060056686401367
7,85,0.445851594209671,1.1167502403259277
7,86,0.39099112153053284,1.1138801574707031
7,87,0.37297025322914124,1.1147346496582031
7,88,0.3335617184638977,1.1147346496582031
7,89,0.3901260197162628,1.1060056686401367
7,90,0.4041544198989868,1.1060056686401367
7,91,0.3619194030761719,1.100755214691162
7,92,0.3089728057384491,1.1174826622009277
7,93,0.43983224034309387,1.1174826622009277
7,94,0.3948526382446289,1.099534511566162
7,95,0.44424358010292053,1.1176047325134277
7,96,0.33650901913642883,1.1174826622009277
7,97,0.3892800807952881,1.1210236549377441
7,98,0.44226452708244324,1.1210236549377441
7,99,0.30826306343078613,1.1166281700134277
7,100,0.4464304447174072,1.1216950416564941
7,101,0.37686920166015625,1.1181540489196777
7,102,0.2633524239063263,1.1154060363769531
7,103,0.43344834446907043,1.1154060363769531
7,104,0.4299101233482361,1.1174826622009277
7,105,0.3381520211696625,1.1168723106384277
7,106,0.42905092239379883,1.1168723106384277
7,107,0.5197712182998657,1.1066770553588867
7,108,0.3477099537849426,1.1167502403259277
7,109,0.3740134835243225,1.1168723106384277
7,110,0.424028605222702,1.1138801574707031
7,111,0.4011743366718292,1.1174826622009277
7,112,0.34710994362831116,1.099534511566162
7,113,0.3842650055885315,1.1210236549377441
7,114,0.3505706489086151,1.1174826622009277
7,115,0.3043997585773468,1.1174826622009277
7,116,0.4287663400173187,1.1174826622009277
7,117,0.4294321537017822,1.1174826622009277
7,118,0.3956301808357239,1.1210236549377441
7,119,0.5916181206703186,1.1141242980957031
7,120,0.3556743264198303,1.1174826622009277
7,121,0.4048803448677063,1.1210236549377441
7,122,0.6304152607917786,1.1141242980957031
7,123,0.42228764295578003,1.1174826622009277
7,124,0.4460009038448334,1.1138801574707031
7,125,0.3674021065235138,1.1174826622009277
7,126,0.28645068407058716,1.1168723106384277
7,127,0.3280189633369446,1.1066770553588867
7,128,0.41725197434425354,1.1140022277832031
7,129,0.42507171630859375,1.1060056686401367
7,130,0.41884422302246094,1.1167502403259277
7,131,0.5906260013580322,1.1174826622009277
7,132,0.34131234884262085,1.1066770553588867
7,133,0.37914878129959106,1.1167502403259277
7,134,0.4545961022377014,1.1168723106384277
7,135,0.426852822303772,1.1168723106384277
7,136,0.45590174198150635,1.1168723106384277
7,137,0.4096720218658447,1.1168723106384277
7,138,0.40385007858276367,1.1066770553588867
7,139,0.5363327264785767,1.1140022277832031
7,140,0.552396833896637,1.1060056686401367
7,141,0.38101184368133545,1.1207795143127441
7,142,0.6243025064468384,1.1140022277832031
7,143,0.3361984193325043,1.1060056686401367
7,144,0.3550199866294861,1.100755214691162
7,145,0.4098644256591797,1.1174826622009277
7,146,0.4773918688297272,1.1147346496582031
7,147,0.3316284716129303,1.1147346496582031
7,148,0.3422151505947113,1.1060056686401367
7,149,0.3466862142086029,1.1207795143127441
7,150,0.46882596611976624,1.1207795143127441
7,151,0.2693566679954529,1.1056394577026367
7,152,0.21808402240276337,1.1060056686401367
7,153,0.3238511085510254,1.1158957481384277
7,154,0.5448735356330872,1.1174826622009277
7,155,0.3227429986000061,1.1210236549377441
7,156,0.4842226207256317,1.099534511566162
7,157,0.35303130745887756,1.1146736145019531
7,158,0.4464755356311798,1.1146736145019531
7,159,0.3334396779537201,1.1169333457946777
7,160,0.31961163878440857,1.1210236549377441
7,161,0.46816104650497437,1.1210236549377441
7,162,0.4578532576560974,1.1060056686401367
7,163,0.3483135402202606,1.1158957481384277
7,164,0.364493191242218,1.1210236549377441
7,165,0.4336952865123749,1.1174826622009277
7,166,0.464713454246521,1.1174826622009277
7,167,0.5387513637542725,1.1174826622009277
7,168,0.3712356686592102,1.1174826622009277
7,169,0.38419055938720703,1.1138801574707031
7,170,0.26007968187332153,1.1147346496582031
7,171,0.43950435519218445,1.1174826622009277
7,172,0.443206787109375,1.1168723106384277
7,173,0.3446040749549866,1.1168723106384277
7,174,0.35786306858062744,1.1168723106384277
7,175,0.3415141701698303,1.1168723106384277
7,176,0.34575986862182617,1.1168723106384277
7,177,0.5196517109870911,1.1066770553588867
7,178,0.4874306917190552,1.1167502403259277
7,179,0.5167860984802246,1.1138801574707031
7,180,0.4802941679954529,1.1147346496582031
7,181,0.46464604139328003,1.1147346496582031
7,182,0.6151610612869263,1.1060056686401367
7,183,0.4701479375362396,1.1167502403259277
7,184,0.42850804328918457,1.1174826622009277
7,185,0.3418579697608948,1.1210236549377441
7,186,0.33520716428756714,1.1060056686401367
7,187,0.5121505856513977,1.1158957481384277
7,188,0.4532713294029236,1.1174826622009277
7,189,0.500998318195343,1.1174826622009277
7,190,0.507249653339386,1.1066770553588867
7,191,0.40031301975250244,1.1167502403259277
7,192,0.33046820759773254,1.1138801574707031
7,193,0.3696378469467163,1.1174826622009277
7,194,0.5300049185752869,1.1174826622009277
7,195,0.4153246581554413,1.1174826622009277
7,196,0.3954121470451355,1.1174826622009277
7,197,0.3104546070098877,1.1138801574707031
7,198,0.40858298540115356,1.1207795143127441
7,199,0.4704897999763489,1.1174826622009277
7,200,0.3691168427467346,1.1147346496582031
7,201,0.464492529630661,1.1174826622009277
7,202,0.4173031151294708,1.1147041320800781
7,203,0.4214170277118683,1.1149482727050781
7,204,0.4587940275669098,1.1176047325134277
7,205,0.3076755106449127,1.1138801574707031
7,206,0.32071584463119507,1.1174826622009277
7,207,0.5561023950576782,1.1060056686401367
7,208,0.4968505799770355,1.1140022277832031
7,209,0.566876232624054,1.115464210510254
7,210,0.4820031523704529,1.1212677955627441
7,211,0.36928218603134155,1.1138191223144531
7,212,0.35094335675239563,1.1169333457946777
7,213,0.3823370933532715,1.1174826622009277
7,214,0.46111780405044556,1.1210236549377441
7,215,0.4652191996574402,1.1166281700134277
7,216,0.3974680006504059,1.1166281700134277
7,217,0.38101470470428467,1.1166281700134277
7,218,0.32099050283432007,1.1166281700134277
7,219,0.3714880049228668,1.1166281700134277
7,220,0.3366588354110718,1.1146125793457031
7,221,0.5045728087425232,1.1160788536071777
7,222,0.38386285305023193,1.1168723106384277
7,223,0.4124264121055603,1.1130256652832031
7,224,0.4250669479370117,1.1207795143127441
7,225,0.43312355875968933,1.1138191223144531
7,226,0.4112493395805359,1.1060056686401367
7,227,0.5508419275283813,1.1140022277832031
7,228,0.44140633940696716,1.099534511566162
7,229,0.5902442336082458,1.1056394577026367
7,230,0.308617502450943,1.1207795143127441
7,231,0.23923265933990479,1.1207795143127441
7,232,0.35048460960388184,1.1138191223144531
7,233,0.4746796190738678,1.1212677955627441
7,234,0.39528119564056396,1.1174826622009277
7,235,0.30577072501182556,1.1174826622009277
7,236,0.31211891770362854,1.1174826622009277
7,237,0.5447646975517273,1.1174826622009277
7,238,0.3128107786178589,1.1210236549377441
7,239,0.4077982008457184,1.1060056686401367
7,240,0.6018674969673157,1.1158957481384277
7,241,0.4486936926841736,1.099534511566162
7,242,0.6358891725540161,1.1176047325134277
7,243,0.43165045976638794,1.1147346496582031
7,244,0.4603332579135895,1.1174826622009277
7,245,0.6272791624069214,1.1168723106384277
7,246,0.3082689940929413,1.1168723106384277
7,247,0.3862372934818268,1.1130256652832031
7,248,0.5034285187721252,1.1207795143127441
7,249,0.3089304566383362,1.1138191223144531
7,250,0.626216471195221,1.1169333457946777
7,251,0.3594464659690857,1.1147346496582031
7,252,0.6176189184188843,1.1174826622009277
7,253,0.508803129196167,1.1168723106384277
7,254,0.4487249553203583,1.1168723106384277
7,255,0.3041386306285858,1.1130256652832031
7,256,0.4198147654533386,1.1174826622009277
7,257,0.6061786413192749,1.1210236549377441
7,258,0.493326872587204,1.1210236549377441
7,259,0.5236774682998657,1.1166281700134277
7,260,0.3741815388202667,1.1058835983276367
7,261,0.28359413146972656,1.1207795143127441
7,262,0.49682745337486267,1.1166281700134277
7,263,0.3954002261161804,1.1146125793457031
7,264,0.4086911976337433,1.1148262023925781
7,265,0.22967572510242462,1.1162009239196777
7,266,0.5951985120773315,1.1174826622009277
7,267,0.3705650568008423,1.1066770553588867
7,268,0.36338624358177185,1.1167502403259277
7,269,0.3860644996166229,1.1066770553588867
7,270,0.3908384144306183,1.1060056686401367
7,271,0.44031935930252075,1.1167502403259277
7,272,0.5980844497680664,1.1174826622009277
7,273,0.45551830530166626,1.1066770553588867
7,274,0.4642704129219055,1.1207795143127441
7,275,0.3837807774543762,1.1063079833984375
7,276,0.3732772767543793,1.1167502403259277
7,277,0.39534881711006165,1.1174826622009277
7,278,0.49267086386680603,1.1066770553588867
7,279,0.47925835847854614,1.1140022277832031
7,280,0.5123571753501892,1.1169333457946777
7,281,0.5659355521202087,1.1147346496582031
7,282,0.33030709624290466,1.1147346496582031
7,283,0.4297941029071808,1.100755214691162
7,284,0.4655354619026184,1.1207795143127441
7,285,0.4408377707004547,1.1174826622009277
7,286,0.45342499017715454,1.1174826622009277
7,287,0.3178999423980713,1.1210236549377441
7,288,0.39800333976745605,1.1210236549377441
7,289,0.6652902960777283,1.1141242980957031
7,290,0.4544222354888916,1.1174826622009277
7,291,0.4816303849220276,1.1174826622009277
7,292,0.45612648129463196,1.1138801574707031
7,293,0.4055476486682892,1.1147346496582031
7,294,0.31852662563323975,1.1147346496582031
7,295,0.39779895544052124,1.1207795143127441
7,296,0.3167411983013153,1.1060056686401367
7,297,0.3815303444862366,1.1060056686401367
7,298,0.6397574543952942,1.1140022277832031
7,299,0.3789922297000885,1.1060056686401367
7,300,0.43716204166412354,1.1140022277832031
7,301,0.41879329085350037,1.1169333457946777
7,302,0.4576067328453064,1.1174826622009277
7,303,0.419915109872818,1.1138801574707031
7,304,0.401159405708313,1.1174826622009277
7,305,0.3810623288154602,1.1168723106384277
7,306,0.3851507902145386,1.1210236549377441
7,307,0.5234037637710571,1.1141242980957031
7,308,0.5123583078384399,1.100755214691162
7,309,0.35371002554893494,1.1174826622009277
7,310,0.5268738865852356,1.099534511566162
7,311,0.3126702606678009,1.099534511566162
7,312,0.4213847219944,1.1146736145019531
7,313,0.31057101488113403,1.1169333457946777
7,314,0.6522548198699951,1.1174826622009277
7,315,0.5396281480789185,1.1138801574707031
7,316,0.4101790487766266,1.1174826622009277
7,317,0.4188026487827301,1.1060056686401367
7,318,0.4433896839618683,1.1140022277832031
7,319,0.5398111343383789,1.1169333457946777
7,320,0.48058605194091797,1.1210236549377441
7,321,0.5491790771484375,1.1174826622009277
7,322,0.3855401277542114,1.1210236549377441
7,323,0.3641524314880371,1.1174826622009277
7,324,0.3929218649864197,1.1147346496582031
7,325,0.4325302839279175,1.1174826622009277
7,326,0.4703630208969116,1.1210236549377441
7,327,0.36033177375793457,1.1166281700134277
7,328,0.49409475922584534,1.1058835983276367
7,329,0.4703204333782196,1.1060056686401367
7,330,0.30538439750671387,1.1207795143127441
7,331,0.44564032554626465,1.1140022277832031
7,332,0.4107648730278015,1.1160788536071777
7,333,0.5857843160629272,1.1210236549377441
7,334,0.37283262610435486,1.1174826622009277
7,335,0.5042160153388977,1.1210236549377441
7,336,0.3976166844367981,1.1138191223144531
7,337,0.440275639295578,1.1138191223144531
7,338,0.385720819234848,1.1060056686401367
7,339,0.42335280776023865,1.1167502403259277
7,340,0.22410449385643005,1.1210236549377441
7,341,0.4149901270866394,1.1166281700134277
7,342,0.42064961791038513,1.1146125793457031
7,343,0.42053866386413574,1.1210236549377441
7,344,0.43996962904930115,1.1060056686401367
7,345,0.425353080034256,1.1140022277832031
7,346,0.4284912049770355,1.115464210510254
7,347,0.4262721538543701,1.114609718322754
7,348,0.5908786654472351,1.1060056686401367
7,349,0.40384745597839355,1.1140022277832031
7,350,0.32552003860473633,1.1210236549377441
7,351,0.47215536236763,1.1138191223144531
7,352,0.3351985514163971,1.100755214691162
7,353,0.47990989685058594,1.1207795143127441
7,354,0.3774751126766205,1.0980076789855957
7,355,0.29296568036079407,1.1174826622009277
7,356,0.5916622281074524,1.1210236549377441
7,357,0.4486199915409088,1.099534511566162
7,358,0.4803427755832672,1.1174826622009277
7,359,0.31981155276298523,1.1147346496582031
7,360,0.4133427143096924,1.1147346496582031
7,361,0.4149274230003357,1.1147346496582031
7,362,0.37916192412376404,1.1174826622009277
7,363,0.6996018886566162,1.1168723106384277
7,364,0.3648262023925781,1.1210236549377441
7,365,0.46376675367355347,1.1210236549377441
7,366,0.4233939051628113,1.1141242980957031
7,367,0.31091180443763733,1.1060056686401367
7,368,0.42887356877326965,1.1140022277832031
7,369,0.4960848391056061,1.1210236549377441
7,370,0.359404981136322,1.099534511566162
7,371,0.531158447265625,1.1174826622009277
7,372,0.48856279253959656,1.1147346496582031
7,373,0.4225848317146301,1.1147346496582031
7,374,0.35118815302848816,1.1147346496582031
7,375,0.41383299231529236,1.1174826622009277
7,376,0.44563648104667664,1.099534511566162
7,377,0.37025129795074463,1.1176047325134277
7,378,0.36020272970199585,1.1210236549377441
7,379,0.49889057874679565,1.1174826622009277
7,380,0.5227042436599731,1.1210236549377441
7,381,0.32603392004966736,1.1138191223144531
7,382,0.4563424587249756,1.1138191223144531
7,383,0.4505780339241028,1.1138191223144531
7,384,0.27753493189811707,1.1138191223144531
7,385,0.3793049454689026,1.1212677955627441
7,386,0.4559537470340729,1.1138191223144531
7,387,0.5150700807571411,1.1138191223144531
7,388,0.5434472560882568,1.1212677955627441
7,389,0.3598844110965729,1.1174826622009277
7,390,0.4385097026824951,1.1210236549377441
7,391,0.5427554845809937,1.1141242980957031
7,392,0.4413529336452484,1.1174826622009277
7,393,0.4498513638973236,1.1174826622009277
7,394,0.461246520280838,1.1174826622009277
7,395,0.3440324366092682,1.1174826622009277
7,396,0.43968144059181213,1.1210236549377441
7,397,0.46150946617126465,1.1210236549377441
7,398,0.4581676721572876,1.1166281700134277
7,399,0.36138424277305603,1.1166281700134277
7,400,0.49227720499038696,1.1216950416564941
7,401,0.31882789731025696,1.1181540489196777
7,402,0.27755698561668396,1.100205898284912
7,403,0.6010766625404358,1.1056394577026367
7,404,0.43602511286735535,1.1166281700134277
7,405,0.35878893733024597,1.1138801574707031
7,406,0.4088904857635498,1.1060056686401367
7,407,0.35792410373687744,1.1140022277832031
7,408,0.5461448431015015,1.1169333457946777
7,409,0.4869832396507263,1.1060056686401367
7,410,0.31950485706329346,1.1140022277832031
7,411,0.4725306034088135,1.1060056686401367
7,412,0.3772968053817749,1.1167502403259277
7,413,0.43680405616760254,1.1138801574707031
7,414,0.3872886002063751,1.1207795143127441
7,415,0.41490045189857483,1.1138191223144531
7,416,0.36868470907211304,1.1060056686401367
7,417,0.43926745653152466,1.1140022277832031
7,418,0.38075709342956543,1.1210236549377441
7,419,0.3237590491771698,1.099534511566162
7,420,0.46969282627105713,1.1174826622009277
7,421,0.2785722017288208,1.1210236549377441
7,422,0.3858555555343628,1.1138191223144531
7,423,0.43636563420295715,1.1138191223144531
7,424,0.3267606198787689,1.1212677955627441
7,425,0.41771045327186584,1.1138191223144531
7,426,0.4402010142803192,1.1212677955627441
7,427,0.35688453912734985,1.1138191223144531
7,428,0.4136548638343811,1.1169333457946777
7,429,0.5137211680412292,1.1174826622009277
7,430,0.40305429697036743,1.1174826622009277
7,431,0.4551295340061188,1.1138801574707031
7,432,0.676520586013794,1.1174826622009277
7,433,0.44907838106155396,1.099534511566162
7,434,0.37545889616012573,1.1176047325134277
7,435,0.36990582942962646,1.1060056686401367
7,436,0.4086391031742096,1.1167502403259277
7,437,0.5311264991760254,1.1138801574707031
7,438,0.4356268644332886,1.100755214691162
7,439,0.45292121171951294,1.1140022277832031
7,440,0.5903856754302979,1.114609718322754
7,441,0.3884974718093872,1.1169333457946777
7,442,0.4983099400997162,1.1147346496582031
7,443,0.4121527373790741,1.100755214691162
7,444,0.4572127163410187,1.1207795143127441
7,445,0.3553297519683838,1.1174826622009277
7,446,0.41456839442253113,1.1174826622009277
7,447,0.41057324409484863,1.1138801574707031
7,448,0.4160613417625427,1.1060056686401367
7,449,0.4970909655094147,1.1167502403259277
7,450,0.4056619703769684,1.1210236549377441
7,451,0.4086438715457916,1.1141242980957031
7,452,0.3709982633590698,1.115464210510254
7,453,0.4262693226337433,1.1169333457946777
7,454,0.5413783192634583,1.1210236549377441
7,455,0.4498468041419983,1.1138191223144531
7,456,0.3509838283061981,1.1138191223144531
7,457,0.48195767402648926,1.1138191223144531
7,458,0.6480025053024292,1.100755214691162
7,459,0.37772831320762634,1.100755214691162
7,460,0.5073305368423462,1.1140022277832031
7,461,0.4314253032207489,1.1060056686401367
7,462,0.42335283756256104,1.1207795143127441
7,463,0.4271969199180603,1.1166281700134277
7,464,0.38754802942276,1.1216950416564941
7,465,0.4997478127479553,1.1144905090332031
7,466,0.4754141569137573,1.1169333457946777
7,467,0.57292240858078,1.1174826622009277
7,468,0.4348977208137512,1.1138801574707031
7,469,0.4586564600467682,1.1060056686401367
7,470,0.5774215459823608,1.1140022277832031
7,471,0.4629821181297302,1.115464210510254
7,472,0.3981771767139435,1.114609718322754
7,473,0.40165460109710693,1.1212677955627441
7,474,0.34869226813316345,1.1210236549377441
7,475,0.8219882845878601,1.1138191223144531
7,476,0.48614493012428284,1.1138191223144531
7,477,0.4966678321361542,1.1212677955627441
7,478,0.5676335096359253,1.1174826622009277
7,479,0.47058117389678955,1.1174826622009277
7,480,0.528247058391571,1.0925102233886719
7,481,0.514614999294281,1.1207795143127441
7,482,0.48014602065086365,1.1138191223144531
7,483,0.34644368290901184,1.1138191223144531
7,484,0.44125398993492126,1.1169333457946777
7,485,0.3950997292995453,1.1210236549377441
7,486,0.5555775165557861,1.1210236549377441
7,487,0.5506508350372314,1.1210236549377441
7,488,0.48667797446250916,1.1210236549377441
7,489,0.415122926235199,1.1210236549377441
7,490,0.47640201449394226,1.1174826622009277
7,491,0.612588107585907,1.1174826622009277
7,492,0.4705526530742645,1.1138801574707031
7,493,0.41056880354881287,1.100755214691162
7,494,0.4116750657558441,1.1174826622009277
7,495,0.4345749616622925,1.1147346496582031
7,496,0.346686452627182,1.1147346496582031
7,497,0.22711768746376038,1.1174826622009277
7,498,0.5064881443977356,1.1210236549377441
7,499,0.286361962556839,1.1166281700134277
7,500,0.5865352749824524,1.1216950416564941
7,501,0.3785777986049652,1.1144905090332031
7,502,0.30044928193092346,1.1144905090332031
7,503,0.4009723961353302,1.1144905090332031
7,504,0.3877350986003876,1.1169333457946777
7,505,0.4274718761444092,1.1147346496582031
7,506,0.34331604838371277,1.1174826622009277
7,507,0.5047037601470947,1.1168723106384277
7,508,0.3887624144554138,1.1130256652832031
7,509,0.4790160059928894,1.1174826622009277
7,510,0.3146194815635681,1.1147041320800781
7,511,0.5770837664604187,1.1060056686401367
7,512,0.5864163041114807,1.1140022277832031
7,513,0.43793782591819763,1.1060056686401367
7,514,0.4463416635990143,1.1060056686401367
7,515,0.29343536496162415,1.1167502403259277
7,516,0.47465255856513977,1.1066770553588867
7,517,0.36958539485931396,1.1167502403259277
7,518,0.5930965542793274,1.1210236549377441
7,519,0.37481215596199036,1.1210236549377441
7,520,0.5239017605781555,1.1166281700134277
7,521,0.4292585849761963,1.1216950416564941
7,522,0.4650430977344513,1.1144905090332031
7,523,0.5046783089637756,1.1144905090332031
7,524,0.381925493478775,1.1212677955627441
7,525,0.465705543756485,1.1174826622009277
7,526,0.4558652639389038,1.1138801574707031
7,527,0.32387086749076843,1.1174826622009277
7,528,0.5499374270439148,1.1210236549377441
7,529,0.4545716643333435,1.1210236549377441
7,530,0.37185120582580566,1.1060056686401367
7,531,0.36208558082580566,1.1140022277832031
7,532,0.5096228122711182,1.115464210510254
7,533,0.6285204887390137,1.1212677955627441
7,534,0.45580634474754333,1.1138191223144531
7,535,0.39234408736228943,1.1138191223144531
7,536,0.4101529121398926,1.100755214691162
7,537,0.5004264116287231,1.1207795143127441
7,538,0.40915647149086,1.1174826622009277
7,539,0.45633041858673096,1.1210236549377441
7,540,0.5380411744117737,1.1210236549377441
7,541,0.3966178894042969,1.1210236549377441
7,542,0.5569669604301453,1.1210236549377441
7,543,0.5417250394821167,1.1138191223144531
7,544,0.4385713040828705,1.1169333457946777
7,545,0.48196977376937866,1.1210236549377441
7,546,0.6170371770858765,1.1060056686401367
7,547,0.5235123634338379,1.1140022277832031
7,548,0.43894416093826294,1.1169333457946777
7,549,0.30392318964004517,1.1210236549377441
7,550,0.5078690052032471,1.1138191223144531
7,551,0.4483468234539032,1.1169333457946777
7,552,0.4845896363258362,1.1147346496582031
7,553,0.4543616771697998,1.1207795143127441
7,554,0.297954261302948,1.1174826622009277
7,555,0.49148017168045044,1.1147346496582031
7,556,0.30621644854545593,1.1174826622009277
7,557,0.4403640627861023,1.1147041320800781
7,558,0.42311739921569824,1.1174826622009277
7,559,0.5105265378952026,1.1138801574707031
7,560,0.6473503112792969,1.1174826622009277
7,561,0.5840321779251099,1.1210236549377441
7,562,0.6257283091545105,1.1166281700134277
7,563,0.5201923251152039,1.1166281700134277
7,564,0.4211120903491974,1.1166281700134277
7,565,0.4320012032985687,1.1166281700134277
7,566,0.528855562210083,1.1166281700134277
7,567,0.35912787914276123,1.1216950416564941
7,568,0.376449853181839,1.1066770553588867
7,569,0.43313491344451904,1.1066770553588867
7,570,0.4469635784626007,1.1158957481384277
7,571,0.42311811447143555,1.099534511566162
7,572,0.4219185709953308,1.1210236549377441
7,573,0.4865584373474121,1.1210236549377441
7,574,0.346574991941452,1.1174826622009277
7,575,0.35783615708351135,1.1060056686401367
7,576,0.39440077543258667,1.1207795143127441
7,577,0.49192678928375244,1.1166281700134277
7,578,0.4409450590610504,1.1216950416564941
7,579,0.5516711473464966,1.1181540489196777
7,580,0.5685478448867798,1.1066770553588867
7,581,0.3323119878768921,1.1140022277832031
7,582,0.43903863430023193,1.114609718322754
7,583,0.6206934452056885,1.1169333457946777
7,584,0.35042107105255127,1.1147346496582031
7,585,0.40921545028686523,1.1207795143127441
7,586,0.5898239612579346,1.1138191223144531
7,587,0.4535549581050873,1.1169333457946777
7,588,0.49190711975097656,1.099534511566162
7,589,0.5403644442558289,1.0980076789855957
7,590,0.402925044298172,1.1174826622009277
7,591,0.5567660927772522,1.1174826622009277
7,592,0.5489194989204407,1.1174826622009277
7,593,0.4492424726486206,1.1174826622009277
7,594,0.5211960077285767,1.1210236549377441
7,595,0.3880394399166107,1.1210236549377441
7,596,0.5171493887901306,1.1166281700134277
7,597,0.3959959149360657,1.1216950416564941
7,598,0.49607643485069275,1.1181540489196777
7,599,0.43396851420402527,1.1181540489196777
7,600,0.48471322655677795,1.1066770553588867
7,601,0.572716236114502,1.1167502403259277
7,602,0.39570853114128113,1.1138801574707031
7,603,0.2713010311126709,1.0980076789855957
7,604,0.5244635343551636,1.1207795143127441
7,605,0.37875714898109436,1.1138191223144531
7,606,0.3798629343509674,1.1212677955627441
7,607,0.42794865369796753,1.1174826622009277
7,608,0.5582448840141296,1.1174826622009277
7,609,0.42129406332969666,1.1138801574707031
7,610,0.4003402292728424,1.0980076789855957
7,611,0.32285189628601074,1.1060056686401367
7,612,0.41727393865585327,1.1140022277832031
7,613,0.5243709683418274,1.114609718322754
7,614,0.8441298604011536,1.0980076789855957
7,615,0.40619778633117676,1.1207795143127441
7,616,0.4395657479763031,1.1060056686401367
7,617,0.4471341669559479,1.1140022277832031
7,618,0.34977561235427856,1.1169333457946777
7,619,0.3914681673049927,1.1147346496582031
7,620,0.4870758056640625,1.1174826622009277
7,621,0.48967787623405457,1.1147041320800781
7,622,0.5266405344009399,1.1149482727050781
7,623,0.3706149458885193,1.100755214691162
7,624,0.5418802499771118,1.1174826622009277
7,625,0.40053609013557434,1.1174826622009277
7,626,0.3459628224372864,1.1174826622009277
7,627,0.6075243353843689,1.1210236549377441
7,628,0.3769384026527405,1.1166281700134277
7,629,0.560195803642273,1.1146125793457031
7,630,0.3815000653266907,1.1160788536071777
7,631,0.4708041548728943,1.1168723106384277
7,632,0.3935946226119995,1.1168723106384277
7,633,0.32407623529434204,1.1168723106384277
7,634,0.41161298751831055,1.1168723106384277
7,635,0.3243228495121002,1.099534511566162
7,636,0.3880045413970947,1.1146736145019531
7,637,0.3685270845890045,1.1146736145019531
7,638,0.5312734246253967,1.1169333457946777
7,639,0.47062304615974426,1.1147346496582031
7,640,0.46086379885673523,1.1174826622009277
7,641,0.4226924479007721,1.1147041320800781
7,642,0.4926207363605499,1.1207795143127441
7,643,0.37773677706718445,1.1138191223144531
7,644,0.3856286108493805,1.1212677955627441
7,645,0.5637625455856323,1.1174826622009277
7,646,0.44679898023605347,1.1138801574707031
7,647,0.4314301908016205,1.1147346496582031
7,648,0.5520027279853821,1.1174826622009277
7,649,0.44335389137268066,1.1138801574707031
7,650,0.4470703899860382,1.1174826622009277
7,651,0.5438780784606934,1.1138801574707031
7,652,0.3765118420124054,1.1147346496582031
7,653,0.3925252854824066,1.1207795143127441
7,654,0.4840819239616394,1.1174826622009277
7,655,0.5112446546554565,1.1060056686401367
7,656,0.47812098264694214,1.1140022277832031
7,657,0.45355498790740967,1.1169333457946777
7,658,0.380840927362442,1.1210236549377441
7,659,0.6326533555984497,1.1174826622009277
7,660,0.4413563907146454,1.1060056686401367
7,661,0.5363166332244873,1.1167502403259277
7,662,0.5989927649497986,1.1168723106384277
7,663,0.5817209482192993,1.1066770553588867
7,664,0.5055978894233704,1.0980076789855957
7,665,0.42425966262817383,1.1060056686401367
7,666,0.5023501515388489,1.100755214691162
7,667,0.5396362543106079,1.1140022277832031
7,668,0.5622348189353943,1.1169333457946777
7,669,0.5132954120635986,1.1060056686401367
7,670,0.3712003529071808,1.1167502403259277
7,671,0.3852241635322571,1.1210236549377441
7,672,0.4135149419307709,1.1141242980957031
7,673,0.465912789106369,1.1207795143127441
7,674,0.4377073347568512,1.1174826622009277
7,675,0.41766318678855896,1.1174826622009277
7,676,0.5264551043510437,1.1060056686401367
7,677,0.5165558457374573,1.1140022277832031
7,678,0.4364773631095886,1.115464210510254
7,679,0.26716336607933044,1.1212677955627441
7,680,0.5058460235595703,1.099534511566162
7,681,0.5837478637695312,1.1174826622009277
7,682,0.35875770449638367,1.1147346496582031
7,683,0.539313554763794,1.1060056686401367
7,684,0.47063592076301575,1.1140022277832031
7,685,0.42355287075042725,1.099534511566162
7,686,0.4107150137424469,1.1176047325134277
7,687,0.32555311918258667,1.1210236549377441
7,688,0.3767281174659729,1.1138191223144531
7,689,0.4808209538459778,1.100755214691162
7,690,0.4833751320838928,1.1063079833984375
7,691,0.45823585987091064,1.1167502403259277
7,692,0.3196030557155609,1.1174826622009277
7,693,0.34548917412757874,1.1138801574707031
7,694,0.46859320998191833,1.0925102233886719
7,695,0.32214343547821045,1.0980076789855957
7,696,0.4202994406223297,1.1174826622009277
7,697,0.33340829610824585,1.1174826622009277
7,698,0.4479694068431854,1.1138801574707031
7,699,0.5658060908317566,1.1147346496582031
7,700,0.6426944732666016,1.1207795143127441
7,701,0.47281867265701294,1.1174826622009277
7,702,0.5315129160881042,1.1147346496582031
7,703,0.339732825756073,1.1174826622009277
7,704,0.5269599556922913,1.1168723106384277
7,705,0.36947759985923767,1.1210236549377441
7,706,0.38743722438812256,1.1166281700134277
7,707,0.39223164319992065,1.1166281700134277
7,708,0.44182658195495605,1.1146125793457031
7,709,0.5515195727348328,1.1160788536071777
7,710,0.35067102313041687,1.1168723106384277
7,711,0.39372026920318604,1.1168723106384277
7,712,0.4901982247829437,1.1130256652832031
7,713,0.5311477780342102,1.1207795143127441
7,714,0.4383092224597931,1.1174826622009277
7,715,0.4649466276168823,1.1210236549377441
7,716,0.3878898024559021,1.1210236549377441
7,717,0.49078479409217834,1.1210236549377441
7,718,0.6293929219245911,1.1060056686401367
7,719,0.43379145860671997,1.1207795143127441
7,720,0.5616168975830078,1.1207795143127441
7,721,0.4633205533027649,1.1166281700134277
7,722,0.44582560658454895,1.1058835983276367
7,723,0.511616051197052,1.1146736145019531
7,724,0.594437837600708,1.1146736145019531
7,725,0.44378426671028137,1.100755214691162
7,726,0.5883005857467651,1.1174826622009277
7,727,0.3754330575466156,1.1210236549377441
7,728,0.4804690480232239,1.1060056686401367
7,729,0.2991151809692383,1.1140022277832031
7,730,0.505508303642273,1.115464210510254
7,731,0.33649590611457825,1.114609718322754
7,732,0.4336020052433014,1.114609718322754
7,733,0.43911778926849365,1.100755214691162
7,734,0.5462809205055237,1.1140022277832031
7,735,0.5322872400283813,1.1060056686401367
7,736,0.4496403932571411,1.1140022277832031
7,737,0.644042432308197,1.0980076789855957
7,738,0.49119386076927185,1.1060056686401367
7,739,0.5019009709358215,1.1060056686401367
7,740,0.42572957277297974,1.1158957481384277
7,741,0.3779766261577606,1.1138801574707031
7,742,0.4015266001224518,1.1174826622009277
7,743,0.5041331052780151,1.1147041320800781
7,744,0.46356651186943054,1.1060056686401367
7,745,0.4025898873806,1.1167502403259277
7,746,0.6060422658920288,1.1138801574707031
7,747,0.36528465151786804,1.1147346496582031
7,748,0.4960750639438629,1.1174826622009277
7,749,0.4809761941432953,1.1066770553588867
7,750,0.4599546790122986,1.1207795143127441
7,751,0.3068881034851074,1.1166281700134277
7,752,0.4418450593948364,1.1166281700134277
7,753,0.43095341324806213,1.1166281700134277
7,754,0.46341386437416077,1.1216950416564941
7,755,0.5294856429100037,1.1216950416564941
7,756,0.6025967001914978,1.1066770553588867
7,757,0.5473882555961609,1.1066770553588867
7,758,0.44750890135765076,1.1140022277832031
7,759,0.4806972146034241,1.1210236549377441
7,760,0.4161303639411926,1.1210236549377441
7,761,0.4783400297164917,1.1210236549377441
7,762,0.32685235142707825,1.0980076789855957
7,763,0.4929637610912323,1.1174826622009277
7,764,0.3889211416244507,1.1060056686401367
7,765,0.5301644206047058,1.1060056686401367
7,766,0.3104321360588074,1.1158957481384277
7,767,0.39025741815567017,1.1066770553588867
7,768,0.368988573551178,1.100755214691162
7,769,0.4333978295326233,1.1140022277832031
7,770,0.41896989941596985,1.114609718322754
7,771,0.5655463337898254,1.1212677955627441
7,772,0.5103245973587036,1.1174826622009277
7,773,0.3390750288963318,1.099534511566162
7,774,0.6852266788482666,1.1146736145019531
7,775,0.49419301748275757,1.1212677955627441
7,776,0.47102639079093933,1.1174826622009277
7,777,0.2724533975124359,1.1174826622009277
7,778,0.41427934169769287,1.1138801574707031
7,779,0.40086084604263306,1.1207795143127441
7,780,0.4067394733428955,1.1138191223144531
7,781,0.4630165100097656,1.1169333457946777
7,782,0.49629878997802734,1.099534511566162
7,783,0.39755451679229736,1.1174826622009277
7,784,0.46721354126930237,1.1147346496582031
7,785,0.42636924982070923,1.1174826622009277
7,786,0.3435371518135071,1.1147041320800781
7,787,0.5539826154708862,1.1174826622009277
7,788,0.5321887731552124,1.1174826622009277
7,789,0.3959176242351532,1.1210236549377441
7,790,0.3840123414993286,1.1141242980957031
7,791,0.37861934304237366,1.1174826622009277
7,792,0.4682452976703644,1.1060056686401367
7,793,0.49369707703590393,1.1140022277832031
7,794,0.4107910990715027,1.115464210510254
7,795,0.4201391339302063,1.1060056686401367
7,796,0.3876480460166931,1.1140022277832031
7,797,0.2876400053501129,1.1169333457946777
7,798,0.45991021394729614,1.1060056686401367
7,799,0.4177512228488922,1.1167502403259277
7,800,0.43794915080070496,1.1138801574707031
7,801,0.37949156761169434,1.1147346496582031
7,802,0.4664876163005829,1.1174826622009277
7,803,0.4563452899456024,1.1066770553588867
7,804,0.2877097725868225,1.1167502403259277
7,805,0.4206649363040924,1.1210236549377441
7,806,0.4658224284648895,1.1060056686401367
7,807,0.49484649300575256,1.1207795143127441
7,808,0.3403852880001068,1.1140022277832031
7,809,0.4594357907772064,1.115464210510254
7,810,0.38951432704925537,1.100755214691162
7,811,0.5204722881317139,1.1174826622009277
7,812,0.5048674941062927,1.1210236549377441
7,813,0.49268901348114014,1.1210236549377441
7,814,0.5575979351997375,1.099534511566162
7,815,0.5345537662506104,1.1146736145019531
7,816,0.40206587314605713,1.1169333457946777
7,817,0.4224850833415985,1.1147346496582031
7,818,0.6047828197479248,1.1174826622009277
7,819,0.3656578063964844,1.1168723106384277
7,820,0.41939833760261536,1.1168723106384277
7,821,0.45984864234924316,1.1210236549377441
7,822,0.4892383813858032,1.099534511566162
7,823,0.3442055284976959,1.1146736145019531
7,824,0.32558533549308777,1.1212677955627441
7,825,0.49001961946487427,1.1210236549377441
7,826,0.39690491557121277,1.1060056686401367
7,827,0.518104612827301,1.1158957481384277
7,828,0.5279647707939148,1.1174826622009277
7,829,0.48024600744247437,1.1138801574707031
7,830,0.5183514952659607,1.1174826622009277
7,831,0.3511762320995331,1.1168723106384277
7,832,0.6398661136627197,1.1168723106384277
7,833,0.375949889421463,1.1168723106384277
7,834,0.5473865270614624,1.1066770553588867
7,835,0.5723114609718323,1.1060056686401367
7,836,0.5105171799659729,1.1207795143127441
7,837,0.3332999050617218,1.1166281700134277
7,838,0.30297622084617615,1.099534511566162
7,839,0.44854938983917236,1.1146736145019531
7,840,0.38008782267570496,1.1060056686401367
7,841,0.7268848419189453,1.1140022277832031
7,842,0.4315252900123596,1.1210236549377441
7,843,0.6751660108566284,1.1138191223144531
7,844,0.7204541563987732,1.0980076789855957
7,845,0.38004663586616516,1.0980076789855957
7,846,0.39462536573410034,1.1174826622009277
7,847,0.5891140103340149,1.1147346496582031
7,848,0.5164237022399902,1.1174826622009277
7,849,0.5381965041160583,1.1147041320800781
7,850,0.7443662285804749,1.1174826622009277
7,851,0.34362858533859253,1.1138801574707031
7,852,0.40524253249168396,1.0925102233886719
7,853,0.6478169560432434,1.1060056686401367
7,854,0.34184908866882324,1.1158957481384277
7,855,0.4604113698005676,1.1138801574707031
7,856,0.4982924163341522,0.9758443832397461
8,1,0.23703111708164215,1.1174826622009277
8,2,0.28344234824180603,1.1174826622009277
8,3,0.247690349817276,1.099534511566162
8,4,0.29148828983306885,1.1176047325134277
8,5,0.22603943943977356,1.1210236549377441
8,6,0.269547700881958,1.1174826622009277
8,7,0.17988720536231995,1.1210236549377441
8,8,0.2605994641780853,1.1174826622009277
8,9,0.1859217882156372,1.1210236549377441
8,10,0.21573913097381592,1.1174826622009277
8,11,0.14297054708003998,1.1147346496582031
8,12,0.21637600660324097,1.1147346496582031
8,13,0.18802128732204437,1.1174826622009277
8,14,0.25912052392959595,1.099534511566162
8,15,0.27556031942367554,1.1176047325134277
8,16,0.22682511806488037,1.1210236549377441
8,17,0.2608882188796997,1.1138191223144531
8,18,0.14259323477745056,1.1060056686401367
8,19,0.14633692800998688,1.1140022277832031
8,20,0.13093316555023193,1.1060056686401367
8,21,0.30945730209350586,1.1207795143127441
8,22,0.22119013965129852,1.1063079833984375
8,23,0.306065171957016,1.1146736145019531
8,24,0.18460242450237274,1.1169333457946777
8,25,0.25458329916000366,1.1147346496582031
8,26,0.32158151268959045,1.1174826622009277
8,27,0.23559093475341797,1.1168723106384277
8,28,0.18394896388053894,1.1210236549377441
8,29,0.22946137189865112,1.1166281700134277
8,30,0.24062466621398926,1.1166281700134277
8,31,0.27663958072662354,1.1216950416564941
8,32,0.24404625594615936,1.1216950416564941
8,33,0.18324872851371765,1.1181540489196777
8,34,0.21350722014904022,1.1181540489196777
8,35,0.2456171214580536,1.1154060363769531
8,36,0.23105204105377197,1.1174826622009277
8,37,0.35343870520591736,1.1210236549377441
8,38,0.2639404535293579,1.1166281700134277
8,39,0.22015167772769928,1.1166281700134277
8,40,0.19420665502548218,1.1166281700134277
8,41,0.23255036771297455,1.099534511566162
8,42,0.23493634164333344,1.1146736145019531
8,43,0.20155926048755646,1.100755214691162
8,44,0.18735575675964355,1.1174826622009277
8,45,0.19084548950195312,1.1147346496582031
8,46,0.29872700572013855,1.100755214691162
8,47,0.24369929730892181,1.1174826622009277
8,48,0.14693234860897064,1.1147346496582031
8,49,0.22165951132774353,1.1147346496582031
8,50,0.2314956784248352,1.1147346496582031
8,51,0.25133344531059265,1.1207795143127441
8,52,0.3264886140823364,1.1174826622009277
8,53,0.17662109434604645,1.0980076789855957
8,54,0.1434362530708313,1.099534511566162
8,55,0.2891504168510437,1.1146736145019531
8,56,0.21393778920173645,1.1146736145019531
8,57,0.14210769534111023,1.1138191223144531
8,58,0.24800819158554077,1.1138191223144531
8,59,0.13581989705562592,1.1169333457946777
8,60,0.27218976616859436,1.099534511566162
8,61,0.12553873658180237,1.1146736145019531
8,62,0.2955944538116455,1.1169333457946777
8,63,0.17844770848751068,1.1147346496582031
8,64,0.2750098407268524,1.1174826622009277
8,65,0.14437039196491241,1.1058225631713867
8,66,0.22888343036174774,1.0980076789855957
8,67,0.20088309049606323,1.1060056686401367
8,68,0.42832043766975403,1.1140022277832031
8,69,0.17481108009815216,1.114609718322754
8,70,0.13138408958911896,1.1169333457946777
8,71,0.36518216133117676,1.1210236549377441
8,72,0.24271619319915771,1.1138191223144531
8,73,0.30029064416885376,1.1138191223144531
8,74,0.2966635823249817,1.1169333457946777
8,75,0.1428225040435791,1.1174826622009277
8,76,0.13874207437038422,1.1174826622009277
8,77,0.1700339913368225,1.1138801574707031
8,78,0.26785507798194885,1.1174826622009277
8,79,0.21540012955665588,1.1168723106384277
8,80,0.18107286095619202,1.1168723106384277
8,81,0.3329775035381317,1.1168723106384277
8,82,0.17875279486179352,1.1210236549377441
8,83,0.20368161797523499,1.1141242980957031
8,84,0.2578187882900238,1.1207795143127441
8,85,0.21754445135593414,1.1138191223144531
8,86,0.18266187608242035,1.1169333457946777
8,87,0.2041468620300293,1.099534511566162
8,88,0.21019679307937622,1.1146736145019531
8,89,0.21071070432662964,1.1146736145019531
8,90,0.20813404023647308,1.1212677955627441
8,91,0.1869627833366394,1.1174826622009277
8,92,0.22167660295963287,1.1210236549377441
8,93,0.13570761680603027,1.1060056686401367
8,94,0.20754502713680267,1.1158957481384277
8,95,0.17680670320987701,1.1174826622009277
8,96,0.15866558253765106,1.1174826622009277
8,97,0.24451598525047302,1.1138801574707031
8,98,0.2607819437980652,1.1174826622009277
8,99,0.22680073976516724,1.1168723106384277
8,100,0.21304132044315338,1.1168723106384277
8,101,0.1922564059495926,1.1066770553588867
8,102,0.1473751813173294,1.1060056686401367
8,103,0.1611204892396927,1.1140022277832031
8,104,0.1519899219274521,1.1060056686401367
8,105,0.2771851122379303,1.1207795143127441
8,106,0.1806255728006363,1.1166281700134277
8,107,0.18553444743156433,1.1216950416564941
8,108,0.2218938171863556,1.1066770553588867
8,109,0.2375475913286209,1.1140022277832031
8,110,0.1595250517129898,1.115464210510254
8,111,0.2618931829929352,1.114609718322754
8,112,0.2117622196674347,1.1212677955627441
8,113,0.25493866205215454,1.1174826622009277
8,114,0.11355577409267426,1.1174826622009277
8,115,0.17364603281021118,1.1060056686401367
8,116,0.16674408316612244,1.1207795143127441
8,117,0.2211841493844986,1.1140022277832031
8,118,0.19025249779224396,1.115464210510254
8,119,0.26502764225006104,1.1060056686401367
8,120,0.28656089305877686,1.1060056686401367
8,121,0.12221550941467285,1.1140022277832031
8,122,0.16570818424224854,1.1169333457946777
8,123,0.2013377547264099,1.1174826622009277
8,124,0.179514542222023,1.1138801574707031
8,125,0.4172804057598114,1.1207795143127441
8,126,0.14690518379211426,1.1174826622009277
8,127,0.20806871354579926,1.1210236549377441
8,128,0.33920595049858093,1.1174826622009277
8,129,0.208970844745636,1.1174826622009277
8,130,0.3300919234752655,1.1138801574707031
8,131,0.26865342259407043,1.100755214691162
8,132,0.23420406877994537,1.1140022277832031
8,133,0.24646663665771484,1.114609718322754
8,134,0.21209003031253815,1.1169333457946777
8,135,0.14690855145454407,1.1174826622009277
8,136,0.19188492000102997,1.1066770553588867
8,137,0.20925568044185638,1.1140022277832031
8,138,0.18940135836601257,1.1169333457946777
8,139,0.19421806931495667,1.1174826622009277
8,140,0.25143876671791077,1.1210236549377441
8,141,0.3172413408756256,1.1166281700134277
8,142,0.17662180960178375,1.1146125793457031
8,143,0.1815544217824936,1.1160788536071777
8,144,0.311724990606308,1.099534511566162
8,145,0.11725638806819916,1.1207795143127441
8,146,0.23354144394397736,1.1207795143127441
8,147,0.19825804233551025,1.1060056686401367
8,148,0.1037205159664154,1.1140022277832031
8,149,0.2519855797290802,1.1169333457946777
8,150,0.2381589561700821,1.1174826622009277
8,151,0.18608030676841736,1.1138801574707031
8,152,0.1854211390018463,1.1207795143127441
8,153,0.2958872318267822,1.1060056686401367
8,154,0.14816872775554657,1.1158957481384277
8,155,0.25993406772613525,1.1138801574707031
8,156,0.19398003816604614,1.1207795143127441
8,157,0.21358130872249603,1.1174826622009277
8,158,0.292985737323761,1.1147346496582031
8,159,0.21192623674869537,1.1174826622009277
8,160,0.24450556933879852,1.1058225631713867
8,161,0.14067146182060242,1.100755214691162
8,162,0.16657432913780212,1.1063079833984375
8,163,0.15063771605491638,1.099534511566162
8,164,0.2129194587469101,1.1174826622009277
8,165,0.20206782221794128,1.1210236549377441
8,166,0.37985116243362427,1.1060056686401367
8,167,0.26943087577819824,1.1140022277832031
8,168,0.16329526901245117,1.1210236549377441
8,169,0.3001940846443176,1.1174826622009277
8,170,0.22706669569015503,1.1210236549377441
8,171,0.17619679868221283,1.0857982635498047
8,172,0.2836315929889679,1.1207795143127441
8,173,0.21562132239341736,1.1060056686401367
8,174,0.2490055412054062,1.1140022277832031
8,175,0.26274803280830383,1.099534511566162
8,176,0.2273595929145813,1.1210236549377441
8,177,0.299538254737854,1.1138191223144531
8,178,0.33477699756622314,1.1169333457946777
8,179,0.1407088339328766,1.1210236549377441
8,180,0.3529510498046875,1.1060056686401367
8,181,0.15944455564022064,1.1140022277832031
8,182,0.2386837601661682,1.1210236549377441
8,183,0.17304931581020355,1.1174826622009277
8,184,0.19915130734443665,1.1174826622009277
8,185,0.16082820296287537,1.1174826622009277
8,186,0.24826166033744812,1.1138801574707031
8,187,0.2027672678232193,1.1207795143127441
8,188,0.36108407378196716,1.1060056686401367
8,189,0.144082710146904,1.1158957481384277
8,190,0.23569218814373016,1.1210236549377441
8,191,0.19885709881782532,1.1174826622009277
8,192,0.1966763585805893,1.1060056686401367
8,193,0.21231739223003387,1.1167502403259277
8,194,0.15477681159973145,1.1168723106384277
8,195,0.23640921711921692,1.1168723106384277
8,196,0.15613515675067902,1.099534511566162
8,197,0.18664123117923737,1.1146736145019531
8,198,0.31346094608306885,1.1212677955627441
8,199,0.21191562712192535,1.0980076789855957
8,200,0.26268142461776733,1.1174826622009277
8,201,0.23841816186904907,1.1174826622009277
8,202,0.17410700023174286,1.1174826622009277
8,203,0.3359515368938446,1.1060056686401367
8,204,0.20605133473873138,1.0925102233886719
8,205,0.2022053748369217,1.1138191223144531
8,206,0.2129828780889511,1.1169333457946777
8,207,0.22928787767887115,1.1060056686401367
8,208,0.38564005494117737,1.1207795143127441
8,209,0.25946304202079773,1.1140022277832031
8,210,0.1399039924144745,1.1060056686401367
8,211,0.2851347029209137,1.100755214691162
8,212,0.16671915352344513,1.1174826622009277
8,213,0.25051894783973694,1.1060056686401367
8,214,0.28891581296920776,1.1207795143127441
8,215,0.3857690691947937,1.1140022277832031
8,216,0.25975728034973145,1.1210236549377441
8,217,0.1953812688589096,1.1138191223144531
8,218,0.16771453619003296,1.1138191223144531
8,219,0.19460783898830414,1.1138191223144531
8,220,0.24770231544971466,1.1060056686401367
8,221,0.3019927144050598,1.1060056686401367
8,222,0.16066738963127136,1.100755214691162
8,223,0.2769745886325836,1.1174826622009277
8,224,0.21635669469833374,1.1147346496582031
8,225,0.274023175239563,1.1060056686401367
8,226,0.18136633932590485,1.1207795143127441
8,227,0.2427881956100464,1.1166281700134277
8,228,0.3135565221309662,1.1166281700134277
8,229,0.3452320992946625,1.1166281700134277
8,230,0.1179862916469574,1.1146125793457031
8,231,0.16258414089679718,1.1160788536071777
8,232,0.20965327322483063,1.1149482727050781
8,233,0.377072811126709,1.1174826622009277
8,234,0.1892320215702057,1.1174826622009277
8,235,0.26232630014419556,1.1210236549377441
8,236,0.18491381406784058,1.1166281700134277
8,237,0.36635223031044006,1.1146125793457031
8,238,0.17859181761741638,1.1058835983276367
8,239,0.1829620748758316,1.1207795143127441
8,240,0.2558929920196533,1.100755214691162
8,241,0.305765837430954,1.1207795143127441
8,242,0.28409889340400696,1.099534511566162
8,243,0.2757382094860077,1.1174826622009277
8,244,0.1843767911195755,1.1174826622009277
8,245,0.17800293862819672,1.1138801574707031
8,246,0.2322620302438736,1.1060056686401367
8,247,0.18123409152030945,1.1140022277832031
8,248,0.2558217942714691,1.1169333457946777
8,249,0.2265855222940445,1.0925102233886719
8,250,0.2673424780368805,1.1138191223144531
8,251,0.17207367718219757,1.1060056686401367
8,252,0.33606573939323425,1.1140022277832031
8,253,0.28668147325515747,1.1060056686401367
8,254,0.32168811559677124,1.1140022277832031
8,255,0.26674965023994446,1.1169333457946777
8,256,0.2318941205739975,1.1060056686401367
8,257,0.22008097171783447,1.1167502403259277
8,258,0.27872800827026367,1.1174826622009277
8,259,0.22297590970993042,1.1138801574707031
8,260,0.19384872913360596,1.1147346496582031
8,261,0.10779014229774475,1.100755214691162
8,262,0.27768534421920776,1.1063079833984375
8,263,0.20223937928676605,1.1060056686401367
8,264,0.28476372361183167,1.1158957481384277
8,265,0.4189158082008362,1.1066770553588867
8,266,0.38037770986557007,1.1167502403259277
8,267,0.261429101228714,1.1138801574707031
8,268,0.1759139597415924,1.1174826622009277
8,269,0.3236161172389984,1.1210236549377441
8,270,0.24762624502182007,1.1060056686401367
8,271,0.22447213530540466,1.1140022277832031
8,272,0.2624853551387787,1.115464210510254
8,273,0.2337452918291092,1.1169333457946777
8,274,0.14870582520961761,1.1147346496582031
8,275,0.23983676731586456,1.1147346496582031
8,276,0.23330551385879517,1.1207795143127441
8,277,0.12969279289245605,1.1060056686401367
8,278,0.21853920817375183,1.1158957481384277
8,279,0.2627527117729187,1.1210236549377441
8,280,0.18906986713409424,1.1138191223144531
8,281,0.29819896817207336,1.100755214691162
8,282,0.26810184121131897,1.1174826622009277
8,283,0.12854179739952087,1.1174826622009277
8,284,0.29242411255836487,1.099534511566162
8,285,0.21016298234462738,1.099534511566162
8,286,0.22986356914043427,1.1060056686401367
8,287,0.18253746628761292,1.1140022277832031
8,288,0.1409662961959839,1.1210236549377441
8,289,0.3059070110321045,1.1138191223144531
8,290,0.3688003718852997,1.1169333457946777
8,291,0.12600712478160858,1.1147346496582031
8,292,0.26454252004623413,1.1174826622009277
8,293,0.34987205266952515,1.1147041320800781
8,294,0.2546941936016083,1.1207795143127441
8,295,0.20075386762619019,1.1138191223144531
8,296,0.2553592026233673,1.1060056686401367
8,297,0.28068262338638306,1.100755214691162
8,298,0.24826927483081818,1.1063079833984375
8,299,0.17363876104354858,1.1060056686401367
8,300,0.1524621844291687,1.1207795143127441
8,301,0.2927110493183136,1.1140022277832031
8,302,0.16051971912384033,1.115464210510254
8,303,0.33702996373176575,1.114609718322754
8,304,0.139968603849411,1.100755214691162
8,305,0.15518850088119507,1.1063079833984375
8,306,0.1990468055009842,1.1167502403259277
8,307,0.26425260305404663,1.1210236549377441
8,308,0.15707211196422577,1.1210236549377441
8,309,0.20363058149814606,1.1166281700134277
8,310,0.2608524262905121,1.1166281700134277
8,311,0.1517125368118286,1.1216950416564941
8,312,0.16433078050613403,1.100205898284912
8,313,0.22445125877857208,1.1207795143127441
8,314,0.15126556158065796,1.1174826622009277
8,315,0.21497853100299835,1.1174826622009277
8,316,0.23375245928764343,1.1138801574707031
8,317,0.3532828390598297,1.1174826622009277
8,318,0.20429393649101257,1.1210236549377441
8,319,0.1474631130695343,1.1141242980957031
8,320,0.2585168480873108,1.1174826622009277
8,321,0.11872032284736633,1.1174826622009277
8,322,0.08232542127370834,1.1138801574707031
8,323,0.18120011687278748,1.1174826622009277
8,324,0.2576119303703308,1.1168723106384277
8,325,0.17132481932640076,1.1066770553588867
8,326,0.22091107070446014,1.1140022277832031
8,327,0.1834854930639267,1.1169333457946777
8,328,0.24049147963523865,1.1147346496582031
8,329,0.19032423198223114,1.1174826622009277
8,330,0.2628670930862427,1.1147041320800781
8,331,0.2915511131286621,1.1207795143127441
8,332,0.3691512942314148,1.1207795143127441
8,333,0.24676990509033203,1.1207795143127441
8,334,0.27412149310112,1.1174826622009277
8,335,0.26495325565338135,1.1147346496582031
8,336,0.21070344746112823,1.1147346496582031
8,337,0.18748882412910461,1.1174826622009277
8,338,0.27518919110298157,1.1168723106384277
8,339,0.15504154562950134,1.1066770553588867
8,340,0.3526185154914856,1.1207795143127441
8,341,0.2319895476102829,1.1140022277832031
8,342,0.29119402170181274,1.115464210510254
8,343,0.2257917821407318,1.1060056686401367
8,344,0.15495043992996216,1.1167502403259277
8,345,0.1698325276374817,1.1210236549377441
8,346,0.1742771714925766,1.099534511566162
8,347,0.20520657300949097,1.1174826622009277
8,348,0.19532029330730438,1.1210236549377441
8,349,0.2723078727722168,1.1210236549377441
8,350,0.22157973051071167,1.1138191223144531
8,351,0.40058720111846924,1.1212677955627441
8,352,0.14446012675762177,1.1138191223144531
8,353,0.28552916646003723,1.1138191223144531
8,354,0.2976383864879608,1.1169333457946777
8,355,0.21413204073905945,1.099534511566162
8,356,0.30937087535858154,1.1207795143127441
8,357,0.1487257331609726,1.1174826622009277
8,358,0.27726349234580994,1.1210236549377441
8,359,0.2876727283000946,1.1174826622009277
8,360,0.18192680180072784,1.1174826622009277
8,361,0.19248181581497192,1.1138801574707031
8,362,0.30894458293914795,1.1207795143127441
8,363,0.2188234180212021,1.1060056686401367
8,364,0.14359869062900543,1.100755214691162
8,365,0.24806326627731323,1.1207795143127441
8,366,0.2595711052417755,1.1138191223144531
8,367,0.3081710934638977,1.1138191223144531
8,368,0.188190758228302,1.1138191223144531
8,369,0.4095451533794403,1.1212677955627441
8,370,0.3297921419143677,1.1174826622009277
8,371,0.23310907185077667,1.1210236549377441
8,372,0.21489720046520233,1.1141242980957031
8,373,0.22347575426101685,1.115464210510254
8,374,0.15133212506771088,1.1169333457946777
8,375,0.3019528388977051,1.1060056686401367
8,376,0.19755819439888,1.1140022277832031
8,377,0.26238134503364563,1.1169333457946777
8,378,0.1848444640636444,1.1174826622009277
8,379,0.1703948676586151,1.1066770553588867
8,380,0.20541924238204956,1.1060056686401367
8,381,0.1914438009262085,1.1207795143127441
8,382,0.2282954901456833,1.1140022277832031
8,383,0.33089005947113037,1.1169333457946777
8,384,0.13044129312038422,1.1210236549377441
8,385,0.18815693259239197,1.1174826622009277
8,386,0.30397212505340576,1.1060056686401367
8,387,0.16969051957130432,1.1167502403259277
8,388,0.169430673122406,1.1210236549377441
8,389,0.19013842940330505,1.1210236549377441
8,390,0.2139986753463745,1.1141242980957031
8,391,0.19403977692127228,1.1207795143127441
8,392,0.15885378420352936,1.1207795143127441
8,393,0.2936660647392273,1.1174826622009277
8,394,0.16304846107959747,1.1174826622009277
8,395,0.1766299456357956,1.1138801574707031
8,396,0.3976278007030487,1.1207795143127441
8,397,0.36754220724105835,1.1138191223144531
8,398,0.24051740765571594,1.1169333457946777
8,399,0.24027138948440552,1.1060056686401367
8,400,0.2180967628955841,1.1140022277832031
8,401,0.22893956303596497,1.1169333457946777
8,402,0.21470484137535095,1.1174826622009277
8,403,0.30082008242607117,1.1066770553588867
8,404,0.10091479867696762,1.1167502403259277
8,405,0.40390050411224365,1.1168723106384277
8,406,0.26591452956199646,1.1168723106384277
8,407,0.30563870072364807,1.1168723106384277
8,408,0.27679234743118286,1.099534511566162
8,409,0.32922664284706116,1.1176047325134277
8,410,0.22364671528339386,1.1147346496582031
8,411,0.23664751648902893,1.1174826622009277
8,412,0.19006521999835968,1.1210236549377441
8,413,0.19352015852928162,1.1141242980957031
8,414,0.1302846521139145,1.1174826622009277
8,415,0.2959009110927582,1.099534511566162
8,416,0.1890886276960373,1.1056394577026367
8,417,0.21833167970180511,1.1166281700134277
8,418,0.2385728359222412,1.1174826622009277
8,419,0.27527084946632385,1.1174826622009277
8,420,0.23681069910526276,1.1174826622009277
8,421,0.2637211084365845,1.1066770553588867
8,422,0.29132917523384094,1.1060056686401367
8,423,0.24420727789402008,1.1207795143127441
8,424,0.4801524579524994,1.1166281700134277
8,425,0.2478724867105484,1.1058835983276367
8,426,0.12972819805145264,1.1146736145019531
8,427,0.1862223744392395,1.1169333457946777
8,428,0.26906222105026245,1.1210236549377441
8,429,0.2417496293783188,1.1210236549377441
8,430,0.16492556035518646,1.1138191223144531
8,431,0.230815127491951,1.1169333457946777
8,432,0.2519757151603699,1.1147346496582031
8,433,0.25765421986579895,1.1060056686401367
8,434,0.3194703459739685,1.1140022277832031
8,435,0.2794125974178314,1.115464210510254
8,436,0.25893059372901917,1.114609718322754
8,437,0.26922866702079773,1.1169333457946777
8,438,0.22995200753211975,1.1147346496582031
8,439,0.18925736844539642,1.1174826622009277
8,440,0.31539151072502136,1.1058225631713867
8,441,0.24904967844486237,1.1140022277832031
8,442,0.223515123128891,1.1169333457946777
8,443,0.2483101487159729,1.1210236549377441
8,444,0.22930079698562622,1.1174826622009277
8,445,0.2009093016386032,1.1210236549377441
8,446,0.22248142957687378,1.099534511566162
8,447,0.21491578221321106,1.1146736145019531
8,448,0.39758044481277466,1.1060056686401367
8,449,0.2749914228916168,1.1167502403259277
8,450,0.17044951021671295,1.1138801574707031
8,451,0.2975553572177887,1.1174826622009277
8,452,0.2822478711605072,1.1168723106384277
8,453,0.1975828856229782,1.099534511566162
8,454,0.331339031457901,1.1056394577026367
8,455,0.26644232869148254,1.1140022277832031
8,456,0.1479482501745224,1.114609718322754
8,457,0.1608508676290512,1.114609718322754
8,458,0.31222018599510193,1.1212677955627441
8,459,0.27750062942504883,1.1060056686401367
8,460,0.19327308237552643,1.1060056686401367
8,461,0.2647550404071808,1.1207795143127441
8,462,0.4594610333442688,1.1140022277832031
8,463,0.5059424638748169,1.115464210510254
8,464,0.3069566786289215,1.1169333457946777
8,465,0.3513055443763733,1.0980076789855957
8,466,0.2578953504562378,1.099534511566162
8,467,0.2749948799610138,1.1060056686401367
8,468,0.21082879602909088,1.1207795143127441
8,469,0.1915549784898758,1.1166281700134277
8,470,0.18574529886245728,1.1166281700134277
8,471,0.2459617406129837,1.1166281700134277
8,472,0.26529660820961,1.1146125793457031
8,473,0.27038341760635376,1.1058835983276367
8,474,0.2185809165239334,1.1207795143127441
8,475,0.14440388977527618,1.1207795143127441
8,476,0.32303300499916077,1.1138191223144531
8,477,0.3243236541748047,1.1169333457946777
8,478,0.4306279420852661,1.1174826622009277
8,479,0.2993764579296112,1.1210236549377441
8,480,0.2913028299808502,1.1166281700134277
8,481,0.16694901883602142,1.1216950416564941
8,482,0.3401361107826233,1.1144905090332031
8,483,0.22184628248214722,1.1169333457946777
8,484,0.22818121314048767,1.1147346496582031
8,485,0.16914674639701843,1.1174826622009277
8,486,0.356108695268631,1.1168723106384277
8,487,0.22882525622844696,1.1130256652832031
8,488,0.16411593556404114,1.1174826622009277
8,489,0.2547657787799835,1.1168723106384277
8,490,0.2462552934885025,1.1130256652832031
8,491,0.24247726798057556,1.1207795143127441
8,492,0.32820603251457214,1.1174826622009277
8,493,0.2606162428855896,1.1210236549377441
8,494,0.1569809764623642,1.1210236549377441
8,495,0.23110231757164001,1.1174826622009277
8,496,0.43517839908599854,1.099534511566162
8,497,0.1862243115901947,1.1210236549377441
8,498,0.3910854756832123,1.1138191223144531
8,499,0.3489287793636322,1.1169333457946777
8,500,0.14717069268226624,1.1210236549377441
8,501,0.2004881054162979,1.099534511566162
8,502,0.16645702719688416,1.1207795143127441
8,503,0.26180794835090637,1.1138191223144531
8,504,0.2381172627210617,1.1169333457946777
8,505,0.20719079673290253,1.1174826622009277
8,506,0.3458652198314667,1.1174826622009277
8,507,0.2924613952636719,1.1174826622009277
8,508,0.2689649760723114,1.1174826622009277
8,509,0.28679966926574707,1.1138801574707031
8,510,0.21370047330856323,1.1174826622009277
8,511,0.10693899542093277,1.1147041320800781
8,512,0.22413566708564758,1.1174826622009277
8,513,0.16099488735198975,1.1174826622009277
8,514,0.2627597153186798,1.1138801574707031
8,515,0.2686949670314789,1.1060056686401367
8,516,0.16230379045009613,1.1140022277832031
8,517,0.1503968983888626,1.1210236549377441
8,518,0.25758516788482666,1.1210236549377441
8,519,0.135973259806633,1.1174826622009277
8,520,0.15227599442005157,1.1147346496582031
8,521,0.2075345665216446,1.1060056686401367
8,522,0.2698230743408203,1.1140022277832031
8,523,0.1730143427848816,1.1169333457946777
8,524,0.3268236815929413,1.1060056686401367
8,525,0.2065516859292984,1.1167502403259277
8,526,0.1618274301290512,1.1174826622009277
8,527,0.15704332292079926,1.1138801574707031
8,528,0.14407867193222046,1.1174826622009277
8,529,0.16839143633842468,1.1210236549377441
8,530,0.22306936979293823,1.1166281700134277
8,531,0.3057842254638672,1.0980076789855957
8,532,0.33969029784202576,1.1174826622009277
8,533,0.17797710001468658,1.1174826622009277
8,534,0.28964129090309143,1.1174826622009277
8,535,0.20090559124946594,1.099534511566162
8,536,0.27681130170822144,1.1146736145019531
8,537,0.24504896998405457,1.1146736145019531
8,538,0.25369295477867126,1.1169333457946777
8,539,0.19761787354946136,1.1174826622009277
8,540,0.23286281526088715,1.1138801574707031
8,541,0.16069714725017548,1.1174826622009277
8,542,0.2822519838809967,1.1147041320800781
8,543,0.18825320899486542,1.1174826622009277
8,544,0.15887965261936188,1.1138801574707031
8,545,0.4493967890739441,1.1207795143127441
8,546,0.3407486379146576,1.1207795143127441
8,547,0.2499016672372818,1.1138191223144531
8,548,0.23053112626075745,1.1169333457946777
8,549,0.42827141284942627,1.1147346496582031
8,550,0.19058963656425476,1.1147346496582031
8,551,0.3205547332763672,1.1207795143127441
8,552,0.16861073672771454,1.1174826622009277
8,553,0.1973898857831955,1.1210236549377441
8,554,0.2056269496679306,1.1174826622009277
8,555,0.23907703161239624,1.1147346496582031
8,556,0.32306230068206787,1.1147346496582031
8,557,0.32677146792411804,1.1174826622009277
8,558,0.19883881509304047,1.1210236549377441
8,559,0.17902010679244995,1.1210236549377441
8,560,0.24225232005119324,1.1141242980957031
8,561,0.3515360653400421,1.115464210510254
8,562,0.18785080313682556,1.1212677955627441
8,563,0.33653369545936584,1.1174826622009277
8,564,0.26749375462532043,1.1174826622009277
8,565,0.295563668012619,1.1210236549377441
8,566,0.3184888958930969,1.1141242980957031
8,567,0.4104122519493103,1.100755214691162
8,568,0.3174164891242981,1.1140022277832031
8,569,0.23253268003463745,1.099534511566162
8,570,0.28716927766799927,1.1146736145019531
8,571,0.24359653890132904,1.0980076789855957
8,572,0.16837915778160095,1.1207795143127441
8,573,0.265514612197876,1.1138191223144531
8,574,0.11700902879238129,1.0980076789855957
8,575,0.1541597545146942,1.1060056686401367
8,576,0.14539937674999237,1.1060056686401367
8,577,0.2472722828388214,1.1207795143127441
8,578,0.3174879550933838,1.1166281700134277
8,579,0.2311708778142929,1.1216950416564941
8,580,0.3002069592475891,1.1216950416564941
8,581,0.29434695839881897,1.1216950416564941
8,582,0.3306119740009308,1.1144905090332031
8,583,0.24356688559055328,1.1144905090332031
8,584,0.28569191694259644,1.1169333457946777
8,585,0.25734370946884155,1.1174826622009277
8,586,0.17632614076137543,1.1174826622009277
8,587,0.22191429138183594,1.1066770553588867
8,588,0.2556684613227844,1.1140022277832031
8,589,0.4058162271976471,1.1169333457946777
8,590,0.2888928949832916,1.1210236549377441
8,591,0.15530328452587128,1.1138191223144531
8,592,0.17257486283779144,1.1138191223144531
8,593,0.3864715099334717,1.1138191223144531
8,594,0.2104252725839615,1.1212677955627441
8,595,0.3164561986923218,1.1174826622009277
8,596,0.36187779903411865,1.1174826622009277
8,597,0.16772271692752838,1.1174826622009277
8,598,0.14439746737480164,1.1174826622009277
8,599,0.2893745005130768,1.1174826622009277
8,600,0.3269606828689575,1.1060056686401367
8,601,0.15849721431732178,1.1167502403259277
8,602,0.2670874297618866,1.1138801574707031
8,603,0.13459435105323792,1.1174826622009277
8,604,0.16715732216835022,1.1147041320800781
8,605,0.20266886055469513,1.1060056686401367
8,606,0.16887535154819489,1.1060056686401367
8,607,0.2645114064216614,1.1167502403259277
8,608,0.40885165333747864,1.1138801574707031
8,609,0.2279922366142273,1.1207795143127441
8,610,0.2512751817703247,1.1174826622009277
8,611,0.3127891421318054,1.1060056686401367
8,612,0.24171645939350128,1.1167502403259277
8,613,0.26398736238479614,1.1168723106384277
8,614,0.18477579951286316,1.1168723106384277
8,615,0.3309060335159302,1.1138801574707031
8,616,0.23497383296489716,1.1060056686401367
8,617,0.2740134596824646,1.0980076789855957
8,618,0.14165709912776947,1.0980076789855957
8,619,0.35026222467422485,1.1174826622009277
8,620,0.4210558235645294,1.1174826622009277
8,621,0.2798132300376892,1.1174826622009277
8,622,0.2606029510498047,1.1174826622009277
8,623,0.15369214117527008,1.1138801574707031
8,624,0.2949925363063812,1.1207795143127441
8,625,0.36229589581489563,1.1174826622009277
8,626,0.3319742679595947,1.1174826622009277
8,627,0.3289423882961273,1.1138801574707031
8,628,0.2649247646331787,1.1060056686401367
8,629,0.227172389626503,1.0925102233886719
8,630,0.3116009533405304,1.1174826622009277
8,631,0.231609046459198,1.1174826622009277
8,632,0.27817705273628235,1.1138801574707031
8,633,0.1861461102962494,1.1174826622009277
8,634,0.2651466727256775,1.1147041320800781
8,635,0.16932526230812073,1.1174826622009277
8,636,0.36886993050575256,1.1174826622009277
8,637,0.3070864975452423,1.1174826622009277
8,638,0.23867376148700714,1.1210236549377441
8,639,0.38560011982917786,1.1141242980957031
8,640,0.17852145433425903,1.1060056686401367
8,641,0.3263693153858185,1.1140022277832031
8,642,0.10797236114740372,1.1169333457946777
8,643,0.21820983290672302,1.1174826622009277
8,644,0.2599935829639435,1.1060056686401367
8,645,0.25832515954971313,1.100755214691162
8,646,0.2527800500392914,1.1140022277832031
8,647,0.22563640773296356,1.1169333457946777
8,648,0.21241804957389832,1.1174826622009277
8,649,0.3322024941444397,1.099534511566162
8,650,0.32092753052711487,1.1210236549377441
8,651,0.19986267387866974,1.1174826622009277
8,652,0.16379421949386597,1.1174826622009277
8,653,0.16785947978496552,1.1138801574707031
8,654,0.20306353271007538,1.1174826622009277
8,655,0.19927860796451569,1.1210236549377441
8,656,0.24069426953792572,1.1141242980957031
8,657,0.2402353733778,1.115464210510254
8,658,0.34346479177474976,1.0980076789855957
8,659,0.1582021266222,1.1174826622009277
8,660,0.23646937310695648,1.1060056686401367
8,661,0.1657644510269165,1.1140022277832031
8,662,0.1895623356103897,1.1169333457946777
8,663,0.20378048717975616,1.1210236549377441
8,664,0.37999963760375977,1.1174826622009277
8,665,0.3187207281589508,1.1147346496582031
8,666,0.29922249913215637,1.1207795143127441
8,667,0.3671218454837799,1.1174826622009277
8,668,0.2555955946445465,1.1147346496582031
8,669,0.4110579192638397,1.1147346496582031
8,670,0.3225550353527069,1.1147346496582031
8,671,0.3719744086265564,1.0925102233886719
8,672,0.40349480509757996,1.1174826622009277
8,673,0.21873284876346588,1.1174826622009277
8,674,0.18130837380886078,1.1138801574707031
8,675,0.12735053896903992,1.1147346496582031
8,676,0.19018419086933136,1.1207795143127441
8,677,0.26246538758277893,1.1174826622009277
8,678,0.2472679316997528,1.1147346496582031
8,679,0.34730657935142517,1.1147346496582031
8,680,0.18980540335178375,1.1207795143127441
8,681,0.32984688878059387,1.0980076789855957
8,682,0.44278484582901,1.1146736145019531
8,683,0.477474570274353,1.1169333457946777
8,684,0.31513354182243347,1.1147346496582031
8,685,0.21817897260189056,1.1207795143127441
8,686,0.3522399365901947,1.1174826622009277
8,687,0.5274304151535034,1.1147346496582031
8,688,0.28719592094421387,1.1174826622009277
8,689,0.293969064950943,1.1147041320800781
8,690,0.22606971859931946,1.1060056686401367
8,691,0.29124942421913147,1.1207795143127441
8,692,0.3704211413860321,1.1140022277832031
8,693,0.17518791556358337,1.1169333457946777
8,694,0.44048261642456055,1.1174826622009277
8,695,0.31129828095436096,1.1060056686401367
8,696,0.21092510223388672,1.1060056686401367
8,697,0.2159474641084671,1.1060056686401367
8,698,0.3689590096473694,1.1060056686401367
8,699,0.35628989338874817,1.1207795143127441
8,700,0.34347769618034363,1.1166281700134277
8,701,0.40156129002571106,1.1216950416564941
8,702,0.26147300004959106,1.1181540489196777
8,703,0.2838742136955261,1.1216950416564941
8,704,0.11527688056230545,1.1216950416564941
8,705,0.19460894167423248,1.1144905090332031
8,706,0.23817309737205505,1.1212677955627441
8,707,0.222897469997406,1.0925102233886719
8,708,0.25519701838493347,1.1174826622009277
8,709,0.3700947165489197,1.1174826622009277
8,710,0.2661726474761963,1.099534511566162
8,711,0.2157670259475708,1.1146736145019531
8,712,0.2999647557735443,1.1146736145019531
8,713,0.22809970378875732,1.1138191223144531
8,714,0.2821648120880127,1.1169333457946777
8,715,0.320056676864624,1.1210236549377441
8,716,0.0789082944393158,1.1210236549377441
8,717,0.24548327922821045,1.1138191223144531
8,718,0.26493510603904724,1.1138191223144531
8,719,0.2925780713558197,1.1169333457946777
8,720,0.20245099067687988,1.1060056686401367
8,721,0.311908096075058,1.1207795143127441
8,722,0.22171244025230408,1.1166281700134277
8,723,0.2927870452404022,1.1146125793457031
8,724,0.1690966635942459,1.1210236549377441
8,725,0.32332926988601685,1.1210236549377441
8,726,0.2848462462425232,1.1174826622009277
8,727,0.329777330160141,1.1060056686401367
8,728,0.2716241776943207,1.1207795143127441
8,729,0.207351952791214,1.1166281700134277
8,730,0.1812671720981598,1.1146125793457031
8,731,0.2886750102043152,1.1160788536071777
8,732,0.22309069335460663,1.1168723106384277
8,733,0.23348434269428253,1.1130256652832031
8,734,0.23141483962535858,1.1060056686401367
8,735,0.2060333788394928,1.1140022277832031
8,736,0.29626622796058655,1.1210236549377441
8,737,0.20612174272537231,1.1210236549377441
8,738,0.2286202609539032,1.1060056686401367
8,739,0.2113867551088333,1.1158957481384277
8,740,0.24143283069133759,1.1066770553588867
8,741,0.2678343951702118,1.1060056686401367
8,742,0.16924668848514557,1.1140022277832031
8,743,0.20790526270866394,1.115464210510254
8,744,0.206599622964859,1.1060056686401367
8,745,0.24640920758247375,1.1140022277832031
8,746,0.24472762644290924,1.1169333457946777
8,747,0.30297282338142395,1.1174826622009277
8,748,0.2872355878353119,1.1174826622009277
8,749,0.25156980752944946,1.1060056686401367
8,750,0.2477000653743744,1.1167502403259277
8,751,0.14305783808231354,1.1138801574707031
8,752,0.30910658836364746,1.1207795143127441
8,753,0.2276431769132614,1.1174826622009277
8,754,0.44001731276512146,1.1174826622009277
8,755,0.2635572552680969,1.1138801574707031
8,756,0.16069296002388,1.1147346496582031
8,757,0.18835221230983734,1.1174826622009277
8,758,0.1671987920999527,1.099534511566162
8,759,0.3233240842819214,1.1146736145019531
8,760,0.2705264985561371,1.1169333457946777
8,761,0.16712136566638947,1.1174826622009277
8,762,0.18158820271492004,1.1210236549377441
8,763,0.2558029592037201,1.1141242980957031
8,764,0.2742367386817932,1.1207795143127441
8,765,0.32860511541366577,1.1138191223144531
8,766,0.377029687166214,1.1138191223144531
8,767,0.20692044496536255,1.1169333457946777
8,768,0.2805003523826599,1.1174826622009277
8,769,0.24764426052570343,1.1174826622009277
8,770,0.25766757130622864,1.1138801574707031
8,771,0.3510458469390869,1.1174826622009277
8,772,0.2156369984149933,1.1168723106384277
8,773,0.19282951951026917,1.1168723106384277
8,774,0.31695157289505005,1.1168723106384277
8,775,0.34636160731315613,1.1130256652832031
8,776,0.3235812783241272,1.1207795143127441
8,777,0.2711144983768463,1.1207795143127441
8,778,0.4059370160102844,1.1207795143127441
8,779,0.3314133584499359,1.1060056686401367
8,780,0.2941555082798004,1.1158957481384277
8,781,0.1334758847951889,1.1174826622009277
8,782,0.3854786157608032,1.1174826622009277
8,783,0.21821163594722748,1.1174826622009277
8,784,0.3281288146972656,1.1210236549377441
8,785,0.2700236439704895,1.1141242980957031
8,786,0.3028791844844818,1.115464210510254
8,787,0.1715453416109085,1.1169333457946777
8,788,0.23393169045448303,1.1210236549377441
8,789,0.2042735368013382,1.1060056686401367
8,790,0.2936784029006958,1.1140022277832031
8,791,0.24767062067985535,1.115464210510254
8,792,0.20043043792247772,1.1060056686401367
8,793,0.25448164343833923,1.1140022277832031
8,794,0.14257360994815826,1.1169333457946777
8,795,0.22163572907447815,1.1147346496582031
8,796,0.30279436707496643,1.1147346496582031
8,797,0.17042024433612823,1.1147346496582031
8,798,0.3683367371559143,1.1147346496582031
8,799,0.3822278380393982,1.1207795143127441
8,800,0.3957543671131134,1.1174826622009277
8,801,0.25617972016334534,1.1060056686401367
8,802,0.24822789430618286,1.1207795143127441
8,803,0.1682407408952713,1.1207795143127441
8,804,0.28785470128059387,1.1207795143127441
8,805,0.2604646384716034,1.1207795143127441
8,806,0.39133840799331665,1.1138191223144531
8,807,0.1773766577243805,1.1212677955627441
8,808,0.2276720255613327,1.1138191223144531
8,809,0.36689919233322144,1.1212677955627441
8,810,0.21517808735370636,1.1174826622009277
8,811,0.17823639512062073,1.1174826622009277
8,812,0.23973219096660614,1.1174826622009277
8,813,0.3732079863548279,1.1174826622009277
8,814,0.28141066431999207,1.1138801574707031
8,815,0.20127132534980774,1.1174826622009277
8,816,0.348543643951416,1.1168723106384277
8,817,0.2693397104740143,1.1210236549377441
8,818,0.36277687549591064,1.1210236549377441
8,819,0.3264235854148865,1.1141242980957031
8,820,0.2542259395122528,1.1174826622009277
8,821,0.2620597183704376,1.1210236549377441
8,822,0.2373315840959549,1.1166281700134277
8,823,0.32293421030044556,1.1146125793457031
8,824,0.26627761125564575,1.1148262023925781
8,825,0.22452306747436523,1.1148262023925781
8,826,0.30235859751701355,1.099534511566162
8,827,0.2106710970401764,1.1176047325134277
8,828,0.2805100083351135,1.1147346496582031
8,829,0.3130539059638977,1.1174826622009277
8,830,0.19552449882030487,1.1147041320800781
8,831,0.33537232875823975,1.1174826622009277
8,832,0.2154003083705902,1.1210236549377441
8,833,0.3536619246006012,1.1210236549377441
8,834,0.2962905168533325,1.1210236549377441
8,835,0.1945754587650299,1.1141242980957031
8,836,0.4358918070793152,1.1060056686401367
8,837,0.4602040946483612,1.1167502403259277
8,838,0.3614251911640167,1.1174826622009277
8,839,0.22609642148017883,1.1138801574707031
8,840,0.409354031085968,1.1147346496582031
8,841,0.20363685488700867,1.1174826622009277
8,842,0.1954333633184433,1.1168723106384277
8,843,0.40430206060409546,1.1168723106384277
8,844,0.13163644075393677,1.1130256652832031
8,845,0.3515954911708832,1.1207795143127441
8,846,0.29785698652267456,1.1207795143127441
8,847,0.17311972379684448,1.099534511566162
8,848,0.21853911876678467,1.1207795143127441
8,849,0.25001809000968933,1.1174826622009277
8,850,0.15370461344718933,1.1147346496582031
8,851,0.44874924421310425,1.1147346496582031
8,852,0.21562594175338745,1.1174826622009277
8,853,0.28053635358810425,1.1210236549377441
8,854,0.5406374931335449,1.1141242980957031
8,855,0.1598149836063385,1.115464210510254
8,856,0.5607210397720337,0.9825592041015625
9,1,0.17912042140960693,1.1216950416564941
9,2,0.0849040150642395,1.1144905090332031
9,3,0.09890308976173401,1.1212677955627441
9,4,0.11848464608192444,1.1174826622009277
9,5,0.075472891330719,1.1210236549377441
9,6,0.13731533288955688,1.1210236549377441
9,7,0.09829685091972351,1.1060056686401367
9,8,0.12942756712436676,1.1140022277832031
9,9,0.08221769332885742,1.0980076789855957
9,10,0.11500074714422226,1.1174826622009277
9,11,0.12159665673971176,1.1060056686401367
9,12,0.07566767185926437,1.1207795143127441
9,13,0.19086763262748718,1.1166281700134277
9,14,0.14103703200817108,1.1146125793457031
9,15,0.14670413732528687,1.1148262023925781
9,16,0.13389980792999268,1.1148262023925781
9,17,0.08858399093151093,1.1058835983276367
9,18,0.09592413157224655,1.1146736145019531
9,19,0.1354217678308487,1.1212677955627441
9,20,0.10377161204814911,1.1138191223144531
9,21,0.1366543471813202,1.1212677955627441
9,22,0.07463592290878296,1.1174826622009277
9,23,0.12593290209770203,1.1210236549377441
9,24,0.07885051518678665,1.1141242980957031
9,25,0.15993860363960266,1.1207795143127441
9,26,0.10128713399171829,1.1060056686401367
9,27,0.11452793329954147,1.1060056686401367
9,28,0.10417916625738144,1.1060056686401367
9,29,0.15187470614910126,1.1140022277832031
9,30,0.10147444903850555,1.1210236549377441
9,31,0.15105441212654114,1.1174826622009277
9,32,0.12144732475280762,1.1147346496582031
9,33,0.11059471219778061,1.1147346496582031
9,34,0.15035931766033173,1.1207795143127441
9,35,0.13741753995418549,1.1174826622009277
9,36,0.257332980632782,1.1060056686401367
9,37,0.13926421105861664,1.1167502403259277
9,38,0.12120767682790756,1.1168723106384277
9,39,0.10014505684375763,1.1138801574707031
9,40,0.10378526896238327,1.0925102233886719
9,41,0.11481184512376785,1.1174826622009277
9,42,0.09025789052248001,1.1210236549377441
9,43,0.1378510445356369,1.1210236549377441
9,44,0.06519042700529099,1.1138191223144531
9,45,0.1648174524307251,1.1169333457946777
9,46,0.08520577847957611,1.1174826622009277
9,47,0.07270876318216324,1.1210236549377441
9,48,0.16804355382919312,1.1141242980957031
9,49,0.12456725537776947,1.1060056686401367
9,50,0.10692577064037323,1.1207795143127441
9,51,0.06659621745347977,1.1166281700134277
9,52,0.08906128257513046,1.1166281700134277
9,53,0.1547582745552063,1.1216950416564941
9,54,0.13621072471141815,1.1216950416564941
9,55,0.17915469408035278,1.1144905090332031
9,56,0.07535699754953384,1.1212677955627441
9,57,0.08707676827907562,1.1060056686401367
9,58,0.1272919923067093,1.1158957481384277
9,59,0.08558838814496994,1.1174826622009277
9,60,0.12239231914281845,1.1174826622009277
9,61,0.06325971335172653,1.0980076789855957
9,62,0.14576031267642975,1.1146736145019531
9,63,0.14999137818813324,1.1146736145019531
9,64,0.16251161694526672,1.1138191223144531
9,65,0.11471289396286011,1.1060056686401367
9,66,0.11044984310865402,1.100755214691162
9,67,0.09944772720336914,1.1174826622009277
9,68,0.11483386904001236,1.1060056686401367
9,69,0.170450821518898,1.1060056686401367
9,70,0.06311609596014023,1.1158957481384277
9,71,0.07201432436704636,1.1174826622009277
9,72,0.08811639994382858,1.1174826622009277
9,73,0.029606886208057404,1.1138801574707031
9,74,0.057545825839042664,1.1147346496582031
9,75,0.05142256245017052,1.1147346496582031
9,76,0.09788916260004044,1.1207795143127441
9,77,0.096533864736557,1.1060056686401367
9,78,0.08592456579208374,1.1158957481384277
9,79,0.15058830380439758,1.1174826622009277
9,80,0.23591049015522003,1.1174826622009277
9,81,0.09294922649860382,1.1174826622009277
9,82,0.1299784779548645,1.1138801574707031
9,83,0.17112283408641815,1.1147346496582031
9,84,0.13748542964458466,1.1207795143127441
9,85,0.11695551127195358,1.099534511566162
9,86,0.11523400247097015,1.1146736145019531
9,87,0.1304277926683426,1.1169333457946777
9,88,0.1317148059606552,1.1147346496582031
9,89,0.08127159625291824,1.1174826622009277
9,90,0.11984968185424805,1.1168723106384277
9,91,0.12918277084827423,1.1066770553588867
9,92,0.10015308856964111,1.1167502403259277
9,93,0.09077053517103195,1.1138801574707031
9,94,0.09657981246709824,1.1207795143127441
9,95,0.10989397019147873,1.1063079833984375
9,96,0.06968600302934647,1.1146736145019531
9,97,0.10962884873151779,1.1169333457946777
9,98,0.09343278408050537,1.1210236549377441
9,99,0.1341290920972824,1.1138191223144531
9,100,0.13678531348705292,1.1212677955627441
9,101,0.1723548024892807,1.1174826622009277
9,102,0.1457022726535797,1.1210236549377441
9,103,0.17163866758346558,1.1060056686401367
9,104,0.1934645175933838,1.1207795143127441
9,105,0.14135070145130157,1.1166281700134277
9,106,0.11774341762065887,1.1146125793457031
9,107,0.06514441967010498,1.1210236549377441
9,108,0.11950495839118958,1.1060056686401367
9,109,0.06154074892401695,1.1140022277832031
9,110,0.1435146927833557,1.1169333457946777
9,111,0.09946601092815399,1.1174826622009277
9,112,0.12468839436769485,1.099534511566162
9,113,0.07185018807649612,1.1176047325134277
9,114,0.10472734272480011,1.1174826622009277
9,115,0.04940332844853401,1.1138801574707031
9,116,0.08179057389497757,1.1174826622009277
9,117,0.12377668172121048,1.1210236549377441
9,118,0.05367502570152283,1.1210236549377441
9,119,0.07626517862081528,1.1141242980957031
9,120,0.10518565773963928,1.1207795143127441
9,121,0.07157423347234726,1.1138191223144531
9,122,0.0703190416097641,1.100755214691162
9,123,0.18131579458713531,1.1140022277832031
9,124,0.17015692591667175,1.114609718322754
9,125,0.16240602731704712,1.114609718322754
9,126,0.11247068643569946,1.1212677955627441
9,127,0.047892335802316666,1.1174826622009277
9,128,0.06801451742649078,1.1174826622009277
9,129,0.14353421330451965,1.099534511566162
9,130,0.11567601561546326,1.1176047325134277
9,131,0.11180093884468079,1.1210236549377441
9,132,0.07721978425979614,1.1138191223144531
9,133,0.05017708241939545,1.1138191223144531
9,134,0.10333584994077682,1.1138191223144531
9,135,0.10051867365837097,1.1138191223144531
9,136,0.2518696188926697,1.1169333457946777
9,137,0.08361732959747314,1.1060056686401367
9,138,0.08056794106960297,1.1140022277832031
9,139,0.04466595873236656,1.115464210510254
9,140,0.15044736862182617,1.114609718322754
9,141,0.12896834313869476,1.1169333457946777
9,142,0.11694756895303726,1.1174826622009277
9,143,0.10636554658412933,1.1138801574707031
9,144,0.11941802501678467,1.1174826622009277
9,145,0.12239212542772293,1.1060056686401367
9,146,0.12926752865314484,1.1140022277832031
9,147,0.08066336065530777,1.1210236549377441
9,148,0.10330476611852646,1.1138191223144531
9,149,0.15225014090538025,1.1212677955627441
9,150,0.11504513025283813,1.1138191223144531
9,151,0.09031272679567337,1.1212677955627441
9,152,0.0849902480840683,1.099534511566162
9,153,0.04977055639028549,1.1174826622009277
9,154,0.09360822290182114,1.1174826622009277
9,155,0.07050943374633789,1.1174826622009277
9,156,0.07822100073099136,1.1138801574707031
9,157,0.2113402783870697,1.100755214691162
9,158,0.13860668241977692,1.1140022277832031
9,159,0.17179487645626068,1.1169333457946777
9,160,0.14115269482135773,1.1060056686401367
9,161,0.16244496405124664,1.1167502403259277
9,162,0.13532717525959015,1.1174826622009277
9,163,0.1826099455356598,1.1174826622009277
9,164,0.1519107073545456,1.1210236549377441
9,165,0.11270898580551147,1.1060056686401367
9,166,0.14840376377105713,1.1158957481384277
9,167,0.19843631982803345,1.1174826622009277
9,168,0.16805650293827057,1.1210236549377441
9,169,0.12464302033185959,1.1210236549377441
9,170,0.05963859707117081,1.1141242980957031
9,171,0.12635022401809692,1.1207795143127441
9,172,0.09816537797451019,1.1174826622009277
9,173,0.1153324544429779,1.1147346496582031
9,174,0.10318414866924286,1.1207795143127441
9,175,0.11621210724115372,1.1174826622009277
9,176,0.07349935173988342,1.1060056686401367
9,177,0.1321772336959839,1.1207795143127441
9,178,0.12946292757987976,1.1063079833984375
9,179,0.13746917247772217,1.1207795143127441
9,180,0.15725797414779663,1.1166281700134277
9,181,0.11512435227632523,1.1216950416564941
9,182,0.09432413429021835,1.1216950416564941
9,183,0.15321233868598938,1.1216950416564941
9,184,0.14044493436813354,1.1066770553588867
9,185,0.14788903295993805,1.1207795143127441
9,186,0.05242319405078888,1.1207795143127441
9,187,0.15061579644680023,1.1138191223144531
9,188,0.13697978854179382,1.100755214691162
9,189,0.1400206834077835,1.1063079833984375
9,190,0.058520395308732986,1.1167502403259277
9,191,0.12118381261825562,1.1138801574707031
9,192,0.06495866179466248,1.1174826622009277
9,193,0.08582483232021332,1.1147041320800781
9,194,0.20185743272304535,1.1174826622009277
9,195,0.16751235723495483,1.1210236549377441
9,196,0.09168779104948044,1.1141242980957031
9,197,0.07325218617916107,1.1060056686401367
9,198,0.14489538967609406,1.1140022277832031
9,199,0.17355351150035858,1.115464210510254
9,200,0.05933113768696785,1.1212677955627441
9,201,0.10086946189403534,1.1174826622009277
9,202,0.14415404200553894,1.1138801574707031
9,203,0.16843771934509277,1.1174826622009277
9,204,0.07678680121898651,1.1147041320800781
9,205,0.05976538732647896,1.1174826622009277
9,206,0.11960409581661224,1.1174826622009277
9,207,0.14289337396621704,1.099534511566162
9,208,0.18209701776504517,1.1176047325134277
9,209,0.16959594190120697,1.099534511566162
9,210,0.05173226445913315,1.1210236549377441
9,211,0.07188960909843445,1.1138191223144531
9,212,0.097056545317173,1.1169333457946777
9,213,0.22126656770706177,1.1060056686401367
9,214,0.16295172274112701,1.1140022277832031
9,215,0.20705443620681763,1.1210236549377441
9,216,0.11744281649589539,1.099534511566162
9,217,0.09676937758922577,1.1174826622009277
9,218,0.1209258958697319,1.1060056686401367
9,219,0.12008333206176758,1.1060056686401367
9,220,0.062299393117427826,1.1158957481384277
9,221,0.09019848704338074,1.1210236549377441
9,222,0.07961492985486984,1.1174826622009277
9,223,0.09424954652786255,1.1174826622009277
9,224,0.22320786118507385,1.1138801574707031
9,225,0.1186998188495636,1.1060056686401367
9,226,0.05658933147788048,1.1060056686401367
9,227,0.056396979838609695,1.1140022277832031
9,228,0.0810803472995758,1.1210236549377441
9,229,0.171342670917511,1.1138191223144531
9,230,0.2822760343551636,1.1169333457946777
9,231,0.10170435160398483,1.1060056686401367
9,232,0.16598397493362427,1.100755214691162
9,233,0.060567706823349,1.1140022277832031
9,234,0.04344022646546364,1.114609718322754
9,235,0.18031248450279236,1.114609718322754
9,236,0.10017834603786469,1.1212677955627441
9,237,0.13747292757034302,1.1138191223144531
9,238,0.10416067391633987,1.1169333457946777
9,239,0.15533111989498138,1.1060056686401367
9,240,0.13830089569091797,1.1140022277832031
9,241,0.054328467696905136,1.1060056686401367
9,242,0.15602460503578186,1.1060056686401367
9,243,0.07915838062763214,1.1167502403259277
9,244,0.2241884469985962,1.1174826622009277
9,245,0.07995868474245071,1.1138801574707031
9,246,0.04994044452905655,1.1174826622009277
9,247,0.09749887138605118,1.1168723106384277
9,248,0.10958452522754669,1.0980076789855957
9,249,0.18369771540164948,1.1146736145019531
9,250,0.10699489712715149,1.1169333457946777
9,251,0.032936736941337585,1.1174826622009277
9,252,0.1061885729432106,1.0853710174560547
9,253,0.11171069741249084,1.1060056686401367
9,254,0.1282549351453781,1.1158957481384277
9,255,0.20875488221645355,1.1210236549377441
9,256,0.18092459440231323,1.1060056686401367
9,257,0.10047203302383423,1.1060056686401367
9,258,0.15876354277133942,1.1207795143127441
9,259,0.08808457851409912,1.1207795143127441
9,260,0.15675190091133118,1.1056394577026367
9,261,0.0575619712471962,1.1140022277832031
9,262,0.17775458097457886,1.1169333457946777
9,263,0.0681142657995224,1.1147346496582031
9,264,0.16473844647407532,1.1207795143127441
9,265,0.13528227806091309,1.1060056686401367
9,266,0.17123757302761078,1.1158957481384277
9,267,0.1149299219250679,1.099534511566162
9,268,0.10988966375589371,1.1056394577026367
9,269,0.06946280598640442,1.1060056686401367
9,270,0.09033682942390442,1.1060056686401367
9,271,0.20759724080562592,1.1207795143127441
9,272,0.13157369196414948,1.1140022277832031
9,273,0.09163489937782288,1.1169333457946777
9,274,0.20747050642967224,1.1210236549377441
9,275,0.16054055094718933,1.1174826622009277
9,276,0.14368516206741333,1.1174826622009277
9,277,0.11544197052717209,1.1138801574707031
9,278,0.08165095746517181,1.1207795143127441
9,279,0.16735254228115082,1.1138191223144531
9,280,0.12462084740400314,1.1138191223144531
9,281,0.15213115513324738,1.1212677955627441
9,282,0.09890083223581314,1.1174826622009277
9,283,0.052835214883089066,1.1174826622009277
9,284,0.09269358962774277,1.1174826622009277
9,285,0.15185052156448364,1.099534511566162
9,286,0.07237803936004639,1.1056394577026367
9,287,0.14801040291786194,1.1166281700134277
9,288,0.1584867686033249,1.1174826622009277
9,289,0.07039196044206619,1.1138801574707031
9,290,0.0836174339056015,1.100755214691162
9,291,0.08808650821447372,1.1174826622009277
9,292,0.10383715480566025,1.1210236549377441
9,293,0.1530589461326599,1.1138191223144531
9,294,0.13051290810108185,1.1169333457946777
9,295,0.10600677877664566,1.1174826622009277
9,296,0.11242758482694626,1.1138801574707031
9,297,0.13523390889167786,1.1174826622009277
9,298,0.07909126579761505,1.1147041320800781
9,299,0.13123401999473572,1.1207795143127441
9,300,0.17966938018798828,1.1207795143127441
9,301,0.16047793626785278,1.1138191223144531
9,302,0.12384751439094543,1.100755214691162
9,303,0.1867305189371109,1.1174826622009277
9,304,0.17748546600341797,1.1147346496582031
9,305,0.06986606866121292,1.1174826622009277
9,306,0.06249542161822319,1.1210236549377441
9,307,0.11629502475261688,1.1166281700134277
9,308,0.1096901074051857,1.1166281700134277
9,309,0.11519255489110947,1.1166281700134277
9,310,0.15393297374248505,1.1146125793457031
9,311,0.14849765598773956,1.1148262023925781
9,312,0.06001097336411476,1.1148262023925781
9,313,0.10398514568805695,1.1210236549377441
9,314,0.1245633140206337,1.1210236549377441
9,315,0.1568157821893692,1.1174826622009277
9,316,0.10764721035957336,1.1174826622009277
9,317,0.0928429439663887,1.1060056686401367
9,318,0.28368327021598816,1.1167502403259277
9,319,0.08321332186460495,1.1138801574707031
9,320,0.28561294078826904,1.1147346496582031
9,321,0.13101106882095337,1.1147346496582031
9,322,0.08890010416507721,1.1147346496582031
9,323,0.1856055110692978,1.1174826622009277
9,324,0.09299138933420181,1.1168723106384277
9,325,0.07434509694576263,1.1168723106384277
9,326,0.2576935291290283,1.1130256652832031
9,327,0.16490884125232697,1.1207795143127441
9,328,0.056296613067388535,1.1207795143127441
9,329,0.11321230232715607,1.1174826622009277
9,330,0.1849384605884552,1.1147346496582031
9,331,0.268902063369751,1.1147346496582031
9,332,0.33631283044815063,1.1207795143127441
9,333,0.10447302460670471,1.1207795143127441
9,334,0.04438691586256027,1.1174826622009277
9,335,0.23749402165412903,1.1147346496582031
9,336,0.038086116313934326,1.100755214691162
9,337,0.17083244025707245,1.1140022277832031
9,338,0.11153830587863922,1.1169333457946777
9,339,0.1514350026845932,1.1147346496582031
9,340,0.11368059366941452,1.1174826622009277
9,341,0.13504989445209503,1.1147041320800781
9,342,0.08989592641592026,1.1060056686401367
9,343,0.09295754134654999,1.1167502403259277
9,344,0.078459233045578,1.1138801574707031
9,345,0.09556208550930023,1.1174826622009277
9,346,0.19664348661899567,1.1168723106384277
9,347,0.08859100937843323,1.1210236549377441
9,348,0.2107236385345459,1.1166281700134277
9,349,0.2281908541917801,1.0980076789855957
9,350,0.17667177319526672,1.1174826622009277
9,351,0.11625206470489502,1.099534511566162
9,352,0.18379268050193787,1.1176047325134277
9,353,0.10793217271566391,1.1147346496582031
9,354,0.09618290513753891,1.1174826622009277
9,355,0.0942344069480896,1.1147041320800781
9,356,0.051785752177238464,1.1149482727050781
9,357,0.15416690707206726,1.1176047325134277
9,358,0.1399969607591629,1.1066770553588867
9,359,0.13471156358718872,1.1140022277832031
9,360,0.12665621936321259,1.115464210510254
9,361,0.1339162290096283,1.1060056686401367
9,362,0.1117701455950737,1.1167502403259277
9,363,0.09111978858709335,1.1174826622009277
9,364,0.15746261179447174,1.1174826622009277
9,365,0.10325310379266739,1.1210236549377441
9,366,0.08537894487380981,1.1141242980957031
9,367,0.21738722920417786,1.1174826622009277
9,368,0.12723709642887115,1.1174826622009277
9,369,0.17393462359905243,1.1138801574707031
9,370,0.05849975347518921,1.1207795143127441
9,371,0.10640755295753479,1.1138191223144531
9,372,0.07946616411209106,1.1060056686401367
9,373,0.1372314989566803,1.100755214691162
9,374,0.15237659215927124,1.1140022277832031
9,375,0.09539349377155304,1.114609718322754
9,376,0.14626222848892212,1.100755214691162
9,377,0.19345444440841675,1.1174826622009277
9,378,0.24695688486099243,1.1210236549377441
9,379,0.24235592782497406,1.1060056686401367
9,380,0.12310054153203964,1.1140022277832031
9,381,0.0754377543926239,1.115464210510254
9,382,0.19391733407974243,1.1169333457946777
9,383,0.11589260399341583,1.1147346496582031
9,384,0.1192556694149971,1.1207795143127441
9,385,0.19368572533130646,1.1138191223144531
9,386,0.21690362691879272,1.0980076789855957
9,387,0.22096852958202362,1.1174826622009277
9,388,0.08254662901163101,1.1174826622009277
9,389,0.34414076805114746,1.1138801574707031
9,390,0.07384201884269714,1.1147346496582031
9,391,0.09994623810052872,1.1060056686401367
9,392,0.10258504003286362,1.1167502403259277
9,393,0.14917564392089844,1.1066770553588867
9,394,0.12621106207370758,1.1167502403259277
9,395,0.09686467796564102,1.1168723106384277
9,396,0.13975854218006134,1.1138801574707031
9,397,0.12265831232070923,1.1174826622009277
9,398,0.17341049015522003,1.1060056686401367
9,399,0.09871155023574829,1.1207795143127441
9,400,0.10404950380325317,1.1166281700134277
9,401,0.11232470721006393,1.1146125793457031
9,402,0.2019151747226715,1.1160788536071777
9,403,0.08978117257356644,1.1168723106384277
9,404,0.20195206999778748,1.099534511566162
9,405,0.08679230511188507,1.1210236549377441
9,406,0.08365768194198608,1.1138191223144531
9,407,0.10204051434993744,1.1169333457946777
9,408,0.16586057841777802,1.1060056686401367
9,409,0.11490263044834137,1.1140022277832031
9,410,0.2233097404241562,1.115464210510254
9,411,0.1703563779592514,1.114609718322754
9,412,0.3207279443740845,1.0980076789855957
9,413,0.06294921785593033,1.1207795143127441
9,414,0.12926152348518372,1.1060056686401367
9,415,0.0895971804857254,1.1158957481384277
9,416,0.12451542913913727,1.1066770553588867
9,417,0.11916618794202805,1.1060056686401367
9,418,0.09639154374599457,1.1060056686401367
9,419,0.12057461589574814,1.1140022277832031
9,420,0.10774990171194077,1.115464210510254
9,421,0.16945645213127136,1.1169333457946777
9,422,0.18388929963111877,1.1174826622009277
9,423,0.22978584468364716,1.1174826622009277
9,424,0.1446285843849182,1.1174826622009277
9,425,0.15757012367248535,1.1174826622009277
9,426,0.13466373085975647,1.1138801574707031
9,427,0.11866496503353119,1.1060056686401367
9,428,0.20604416728019714,1.1207795143127441
9,429,0.07050079107284546,1.1063079833984375
9,430,0.13052605092525482,1.1146736145019531
9,431,0.14817699790000916,1.1146736145019531
9,432,0.20144180953502655,1.1169333457946777
9,433,0.07038573920726776,1.1147346496582031
9,434,0.12540975213050842,1.1174826622009277
9,435,0.23053528368473053,1.1147041320800781
9,436,0.19860978424549103,1.1174826622009277
9,437,0.15409468114376068,1.1174826622009277
9,438,0.15977992117404938,1.1174826622009277
9,439,0.2546454071998596,1.1174826622009277
9,440,0.09623764455318451,1.1138801574707031
9,441,0.1158231571316719,1.1174826622009277
9,442,0.12996983528137207,1.0980076789855957
9,443,0.1269514262676239,1.1174826622009277
9,444,0.21349819004535675,1.1174826622009277
9,445,0.1263595074415207,1.1210236549377441
9,446,0.1839301586151123,1.1166281700134277
9,447,0.1687353551387787,1.099534511566162
9,448,0.2005867213010788,1.1056394577026367
9,449,0.09937651455402374,1.1140022277832031
9,450,0.07895132154226303,1.1169333457946777
9,451,0.09590946137905121,1.1210236549377441
9,452,0.19692178070545197,1.1138191223144531
9,453,0.12018149346113205,1.1060056686401367
9,454,0.1941714882850647,1.1207795143127441
9,455,0.10335558652877808,1.1166281700134277
9,456,0.11814121156930923,1.099534511566162
9,457,0.21703116595745087,1.1210236549377441
9,458,0.14892727136611938,1.1060056686401367
9,459,0.10036168247461319,1.1158957481384277
9,460,0.13104702532291412,1.1210236549377441
9,461,0.12432362139225006,1.1174826622009277
9,462,0.2327832281589508,1.1174826622009277
9,463,0.13742516934871674,1.099534511566162
9,464,0.07257495820522308,1.1056394577026367
9,465,0.07269521057605743,1.1140022277832031
9,466,0.13341045379638672,1.114609718322754
9,467,0.091194748878479,1.1169333457946777
9,468,0.11200202256441116,1.1174826622009277
9,469,0.04296340420842171,1.099534511566162
9,470,0.1271716058254242,1.1210236549377441
9,471,0.2468639463186264,1.1174826622009277
9,472,0.23980243504047394,1.1147346496582031
9,473,0.12378131598234177,1.1207795143127441
9,474,0.06229283660650253,1.1174826622009277
9,475,0.11745356768369675,1.1174826622009277
9,476,0.24054956436157227,1.099534511566162
9,477,0.2420862764120102,1.1056394577026367
9,478,0.06862401217222214,1.100755214691162
9,479,0.12857364118099213,1.1174826622009277
9,480,0.17389486730098724,1.1147346496582031
9,481,0.10881712287664413,1.1207795143127441
9,482,0.10681268572807312,1.1174826622009277
9,483,0.1525181382894516,1.1147346496582031
9,484,0.1769251525402069,1.1060056686401367
9,485,0.21266388893127441,1.1167502403259277
9,486,0.10103799402713776,1.1066770553588867
9,487,0.08885766565799713,1.1207795143127441
9,488,0.18679013848304749,1.1063079833984375
9,489,0.18710026144981384,1.1146736145019531
9,490,0.1840450018644333,1.1212677955627441
9,491,0.07243392616510391,1.1210236549377441
9,492,0.17199866473674774,1.1138191223144531
9,493,0.1400037556886673,1.1212677955627441
9,494,0.09816699475049973,1.1060056686401367
9,495,0.10409314185380936,1.1158957481384277
9,496,0.1354842483997345,1.1066770553588867
9,497,0.24925658106803894,1.1140022277832031
9,498,0.22548836469650269,1.1169333457946777
9,499,0.13272929191589355,1.1210236549377441
9,500,0.1658325046300888,1.1060056686401367
9,501,0.07987425476312637,1.1158957481384277
9,502,0.28106510639190674,1.1138801574707031
9,503,0.06891030818223953,1.100755214691162
9,504,0.11939266324043274,1.1207795143127441
9,505,0.18546149134635925,1.1174826622009277
9,506,0.1162557303905487,1.1174826622009277
9,507,0.12114538252353668,1.1174826622009277
9,508,0.08021709322929382,1.1174826622009277
9,509,0.12280688434839249,1.1174826622009277
9,510,0.17517521977424622,1.1138801574707031
9,511,0.09326434880495071,1.1207795143127441
9,512,0.0733117014169693,1.1138191223144531
9,513,0.22534070909023285,1.1169333457946777
9,514,0.06825598329305649,1.1147346496582031
9,515,0.16183911263942719,1.1147346496582031
9,516,0.1140042319893837,1.1060056686401367
9,517,0.19180268049240112,1.1167502403259277
9,518,0.08274177461862564,1.1210236549377441
9,519,0.15835557878017426,1.0980076789855957
9,520,0.2104663848876953,1.1146736145019531
9,521,0.1239837110042572,1.1212677955627441
9,522,0.1899413764476776,1.1174826622009277
9,523,0.1078927144408226,1.1060056686401367
9,524,0.17937657237052917,1.100755214691162
9,525,0.16263164579868317,1.1063079833984375
9,526,0.14010998606681824,1.1138191223144531
9,527,0.1765652298927307,1.1060056686401367
9,528,0.20743778347969055,1.1207795143127441
9,529,0.1790980100631714,1.1207795143127441
9,530,0.14999966323375702,1.099534511566162
9,531,0.2428293079137802,1.1207795143127441
9,532,0.2087671011686325,1.1138191223144531
9,533,0.04982231929898262,1.0980076789855957
9,534,0.14163757860660553,1.1174826622009277
9,535,0.17045636475086212,1.1147346496582031
9,536,0.17356981337070465,1.1060056686401367
9,537,0.19045497477054596,1.1140022277832031
9,538,0.12096237391233444,1.1169333457946777
9,539,0.1105509102344513,1.1210236549377441
9,540,0.1674637496471405,1.1210236549377441
9,541,0.13742570579051971,1.1138191223144531
9,542,0.13411535322666168,1.1169333457946777
9,543,0.11645323783159256,1.1174826622009277
9,544,0.09194329380989075,1.1210236549377441
9,545,0.213978111743927,1.1166281700134277
9,546,0.12117746472358704,1.1146125793457031
9,547,0.1569150984287262,1.1210236549377441
9,548,0.1266172230243683,1.1174826622009277
9,549,0.1309744268655777,1.1174826622009277
9,550,0.12811852991580963,1.1060056686401367
9,551,0.2069692611694336,1.1140022277832031
9,552,0.08740153908729553,1.115464210510254
9,553,0.33252614736557007,1.1169333457946777
9,554,0.17802180349826813,1.1174826622009277
9,555,0.07623559981584549,1.1210236549377441
9,556,0.22142019867897034,1.1141242980957031
9,557,0.133844256401062,1.115464210510254
9,558,0.11974414438009262,1.114609718322754
9,559,0.13948574662208557,1.1169333457946777
9,560,0.0953092873096466,1.1147346496582031
9,561,0.19270050525665283,1.1174826622009277
9,562,0.08946000784635544,1.1168723106384277
9,563,0.09284558892250061,1.1168723106384277
9,564,0.08927077054977417,1.1130256652832031
9,565,0.15722018480300903,1.1207795143127441
9,566,0.21574082970619202,1.1138191223144531
9,567,0.1622738540172577,1.1169333457946777
9,568,0.039908330887556076,1.1147346496582031
9,569,0.0879412442445755,1.1207795143127441
9,570,0.11828842759132385,1.1207795143127441
9,571,0.19111159443855286,1.1138191223144531
9,572,0.054034892469644547,1.1212677955627441
9,573,0.14719974994659424,1.1174826622009277
9,574,0.299370676279068,1.1174826622009277
9,575,0.2118682861328125,1.1138801574707031
9,576,0.15414588153362274,1.1207795143127441
9,577,0.129413902759552,1.1207795143127441
9,578,0.13930943608283997,1.1060056686401367
9,579,0.196442648768425,1.1158957481384277
9,580,0.13480353355407715,1.1210236549377441
9,581,0.25824350118637085,1.1138191223144531
9,582,0.10028931498527527,1.1212677955627441
9,583,0.15035809576511383,1.1060056686401367
9,584,0.08441443741321564,1.1207795143127441
9,585,0.12665803730487823,1.1166281700134277
9,586,0.20906637609004974,1.1058835983276367
9,587,0.08746455609798431,1.1158957481384277
9,588,0.21234701573848724,1.1174826622009277
9,589,0.08803106844425201,1.1138801574707031
9,590,0.16092078387737274,1.1174826622009277
9,591,0.1098112016916275,1.1060056686401367
9,592,0.09516027569770813,1.1167502403259277
9,593,0.32850590348243713,1.1210236549377441
9,594,0.11467891186475754,1.1166281700134277
9,595,0.1277267336845398,1.1216950416564941
9,596,0.18181106448173523,1.1181540489196777
9,597,0.11616382747888565,1.1066770553588867
9,598,0.1982651799917221,1.1066770553588867
9,599,0.2244730293750763,1.1167502403259277
9,600,0.08369375020265579,1.1138801574707031
9,601,0.1456686109304428,1.1174826622009277
9,602,0.13006363809108734,1.1138801574707031
9,603,0.13446329534053802,1.1207795143127441
9,604,0.1409071683883667,1.1138191223144531
9,605,0.11386092752218246,1.1212677955627441
9,606,0.0877569392323494,1.1060056686401367
9,607,0.1618422120809555,1.1207795143127441
9,608,0.19271980226039886,1.1166281700134277
9,609,0.12221982330083847,1.1058835983276367
9,610,0.21171455085277557,1.1158957481384277
9,611,0.16119003295898438,1.1066770553588867
9,612,0.20016877353191376,1.1167502403259277
9,613,0.08636394143104553,1.1168723106384277
9,614,0.12254985421895981,1.1168723106384277
9,615,0.26829037070274353,1.1130256652832031
9,616,0.20879249274730682,1.1147346496582031
9,617,0.13288237154483795,1.1174826622009277
9,618,0.0896843746304512,1.1210236549377441
9,619,0.17336465418338776,1.1210236549377441
9,620,0.2259756475687027,1.1166281700134277
9,621,0.11758586019277573,1.1146125793457031
9,622,0.1721961498260498,1.1210236549377441
9,623,0.13149358332157135,1.1210236549377441
9,624,0.14882223308086395,1.1060056686401367
9,625,0.131151020526886,1.1207795143127441
9,626,0.218139186501503,1.1166281700134277
9,627,0.0613090917468071,1.1166281700134277
9,628,0.09188234061002731,1.1166281700134277
9,629,0.11066490411758423,1.1216950416564941
9,630,0.14469417929649353,1.1144905090332031
9,631,0.17156943678855896,1.1169333457946777
9,632,0.3090747892856598,1.1147346496582031
9,633,0.15217812359333038,1.1147346496582031
9,634,0.08153809607028961,1.1060056686401367
9,635,0.1327359527349472,1.1207795143127441
9,636,0.3416239321231842,1.1207795143127441
9,637,0.07873827964067459,1.1138191223144531
9,638,0.07743780314922333,1.1169333457946777
9,639,0.20242413878440857,1.1210236549377441
9,640,0.09548202902078629,1.1174826622009277
9,641,0.08110275119543076,1.1174826622009277
9,642,0.08126065135002136,1.1210236549377441
9,643,0.10734272003173828,1.1166281700134277
9,644,0.2557448446750641,1.0980076789855957
9,645,0.19795802235603333,1.1060056686401367
9,646,0.08684108406305313,1.1158957481384277
9,647,0.1485075056552887,1.1066770553588867
9,648,0.2480432540178299,1.1060056686401367
9,649,0.2181858867406845,1.1140022277832031
9,650,0.07101181149482727,1.099534511566162
9,651,0.16573050618171692,1.1210236549377441
9,652,0.13303107023239136,1.1174826622009277
9,653,0.047770820558071136,1.1147346496582031
9,654,0.23603394627571106,1.1207795143127441
9,655,0.14844810962677002,1.1174826622009277
9,656,0.18038628995418549,1.1174826622009277
9,657,0.18512672185897827,1.1174826622009277
9,658,0.1418214738368988,1.0980076789855957
9,659,0.08172241598367691,1.1174826622009277
9,660,0.2179330438375473,1.1060056686401367
9,661,0.07900243997573853,1.1167502403259277
9,662,0.14485527575016022,1.1138801574707031
9,663,0.09948009997606277,1.1176047325134277
9,664,0.08152027428150177,1.1210236549377441
9,665,0.1857871562242508,1.1210236549377441
9,666,0.16550441086292267,1.1138191223144531
9,667,0.17727775871753693,1.1212677955627441
9,668,0.22182568907737732,1.1210236549377441
9,669,0.15248814225196838,1.1138191223144531
9,670,0.1823585331439972,1.100755214691162
9,671,0.1998143494129181,1.1174826622009277
9,672,0.22150827944278717,1.1210236549377441
9,673,0.3443361818790436,1.1210236549377441
9,674,0.07968897372484207,1.1138191223144531
9,675,0.10609613358974457,1.1060056686401367
9,676,0.14795733988285065,1.1140022277832031
9,677,0.07446611672639847,1.115464210510254
9,678,0.10533451288938522,1.0980076789855957
9,679,0.11375328153371811,1.1174826622009277
9,680,0.09239495545625687,1.1210236549377441
9,681,0.09264218062162399,1.1174826622009277
9,682,0.10961021482944489,1.1174826622009277
9,683,0.19210822880268097,1.1138801574707031
9,684,0.20191282033920288,1.1207795143127441
9,685,0.24789629876613617,1.1207795143127441
9,686,0.11107644438743591,1.1060056686401367
9,687,0.12552250921726227,1.1207795143127441
9,688,0.17542745172977448,1.099534511566162
9,689,0.2796837091445923,1.1060056686401367
9,690,0.07839750498533249,1.1140022277832031
9,691,0.06460576504468918,1.115464210510254
9,692,0.145757257938385,1.114609718322754
9,693,0.22039833664894104,1.1212677955627441
9,694,0.17622213065624237,1.1138191223144531
9,695,0.1171235740184784,1.1169333457946777
9,696,0.0848311111330986,1.1174826622009277
9,697,0.13913145661354065,1.1174826622009277
9,698,0.1076686829328537,1.1138801574707031
9,699,0.2469119280576706,1.1060056686401367
9,700,0.1251991093158722,1.1167502403259277
9,701,0.20642708241939545,1.1174826622009277
9,702,0.154608815908432,1.099534511566162
9,703,0.2277713268995285,1.1210236549377441
9,704,0.2663581073284149,1.1138191223144531
9,705,0.1943969428539276,1.1169333457946777
9,706,0.04913368076086044,1.1210236549377441
9,707,0.3327657878398895,1.1060056686401367
9,708,0.11808106303215027,1.1158957481384277
9,709,0.1559615582227707,1.099534511566162
9,710,0.1767636090517044,1.1056394577026367
9,711,0.19356516003608704,1.1166281700134277
9,712,0.21679869294166565,1.1174826622009277
9,713,0.18591442704200745,1.1138801574707031
9,714,0.14623986184597015,1.1174826622009277
9,715,0.062383804470300674,1.1060056686401367
9,716,0.13059388101100922,1.1167502403259277
9,717,0.1983133852481842,1.1066770553588867
9,718,0.22419925034046173,1.1060056686401367
9,719,0.12546241283416748,1.1140022277832031
9,720,0.211057648062706,1.099534511566162
9,721,0.12534679472446442,1.1056394577026367
9,722,0.07774831354618073,1.1140022277832031
9,723,0.03764255717396736,1.1210236549377441
9,724,0.0915297344326973,1.1174826622009277
9,725,0.14426417648792267,1.1210236549377441
9,726,0.14324951171875,1.1174826622009277
9,727,0.14480672776699066,1.1174826622009277
9,728,0.22055254876613617,1.1060056686401367
9,729,0.07201112806797028,1.1207795143127441
9,730,0.060870446264743805,1.1140022277832031
9,731,0.11672843992710114,1.1169333457946777
9,732,0.17889349162578583,1.1210236549377441
9,733,0.17272596061229706,1.1174826622009277
9,734,0.16605372726917267,1.1210236549377441
9,735,0.2920503616333008,1.1210236549377441
9,736,0.042522132396698,1.1174826622009277
9,737,0.054501574486494064,1.1210236549377441
9,738,0.12038259953260422,1.1210236549377441
9,739,0.15081769227981567,1.1210236549377441
9,740,0.10302917659282684,1.1210236549377441
9,741,0.13961681723594666,1.1210236549377441
9,742,0.13757959008216858,1.1138191223144531
9,743,0.1810714155435562,1.1169333457946777
9,744,0.15278260409832,1.1174826622009277
9,745,0.11555089801549911,1.1174826622009277
9,746,0.0662427693605423,1.1138801574707031
9,747,0.1437315195798874,1.1174826622009277
9,748,0.10076882690191269,1.1147041320800781
9,749,0.167469784617424,1.1207795143127441
9,750,0.2008993923664093,1.1174826622009277
9,751,0.09602728486061096,1.1147346496582031
9,752,0.11014010012149811,1.1147346496582031
9,753,0.23062680661678314,1.1174826622009277
9,754,0.1371954381465912,1.1168723106384277
9,755,0.13139557838439941,1.1168723106384277
9,756,0.14250028133392334,1.1130256652832031
9,757,0.10327273607254028,1.1060056686401367
9,758,0.09591950476169586,1.1140022277832031
9,759,0.1390155702829361,1.099534511566162
9,760,0.1224839985370636,1.1210236549377441
9,761,0.12455511838197708,1.1174826622009277
9,762,0.1636793464422226,1.099534511566162
9,763,0.1327897310256958,1.1210236549377441
9,764,0.07879752665758133,1.1210236549377441
9,765,0.11626246571540833,1.099534511566162
9,766,0.22263552248477936,1.1207795143127441
9,767,0.10701040923595428,1.1138191223144531
9,768,0.1446056216955185,1.1138191223144531
9,769,0.12371639907360077,1.1169333457946777
9,770,0.15485699474811554,1.1210236549377441
9,771,0.15173420310020447,1.1210236549377441
9,772,0.18342922627925873,1.1174826622009277
9,773,0.17028170824050903,1.1147346496582031
9,774,0.13560926914215088,1.1060056686401367
9,775,0.15709051489830017,1.1140022277832031
9,776,0.18052662909030914,1.1169333457946777
9,777,0.11163520067930222,1.099534511566162
9,778,0.18632708489894867,1.1207795143127441
9,779,0.1528138965368271,1.1207795143127441
9,780,0.14469881355762482,1.1060056686401367
9,781,0.24797135591506958,1.100755214691162
9,782,0.1197826936841011,1.1174826622009277
9,783,0.0908525288105011,1.1147346496582031
9,784,0.1522376388311386,1.1207795143127441
9,785,0.11316440999507904,1.1138191223144531
9,786,0.12217679619789124,1.1138191223144531
9,787,0.20560601353645325,1.1169333457946777
9,788,0.09616706520318985,1.1147346496582031
9,789,0.10682999342679977,1.1174826622009277
9,790,0.18741215765476227,1.1147041320800781
9,791,0.09038196504116058,1.1207795143127441
9,792,0.2527746856212616,1.1174826622009277
9,793,0.09516101330518723,1.1174826622009277
9,794,0.13970498740673065,1.1138801574707031
9,795,0.1550944298505783,1.1207795143127441
9,796,0.1879386305809021,1.1060056686401367
9,797,0.1626451462507248,1.1158957481384277
9,798,0.3171127736568451,1.1138801574707031
9,799,0.1744420826435089,1.1174826622009277
9,800,0.03267635405063629,1.1147041320800781
9,801,0.0800233855843544,1.1149482727050781
9,802,0.21817786991596222,1.1176047325134277
9,803,0.18527616560459137,1.1174826622009277
9,804,0.09926172345876694,1.1174826622009277
9,805,0.12138140201568604,1.1174826622009277
9,806,0.2836386561393738,1.0980076789855957
9,807,0.1474749892950058,1.1174826622009277
9,808,0.09163259714841843,1.099534511566162
9,809,0.25834962725639343,1.1146736145019531
9,810,0.15180516242980957,1.1169333457946777
9,811,0.1521175652742386,1.1174826622009277
9,812,0.10831017047166824,1.1210236549377441
9,813,0.1386435627937317,1.1166281700134277
9,814,0.14127157628536224,1.1146125793457031
9,815,0.09373818337917328,1.1210236549377441
9,816,0.11775647848844528,1.1174826622009277
9,817,0.17356686294078827,1.1174826622009277
9,818,0.10171331465244293,1.1174826622009277
9,819,0.2795376181602478,1.099534511566162
9,820,0.0711691677570343,1.1210236549377441
9,821,0.0677274540066719,1.1174826622009277
9,822,0.1190209686756134,1.1174826622009277
9,823,0.2162342071533203,1.1060056686401367
9,824,0.15202637016773224,1.100755214691162
9,825,0.1583520621061325,1.100755214691162
9,826,0.06715866178274155,1.1063079833984375
9,827,0.23232538998126984,1.0980076789855957
9,828,0.11514957249164581,1.1146736145019531
9,829,0.20768797397613525,1.1060056686401367
9,830,0.1874888688325882,1.1060056686401367
9,831,0.20582139492034912,1.1060056686401367
9,832,0.1501636803150177,1.1207795143127441
9,833,0.17152290046215057,1.1140022277832031
9,834,0.1389482468366623,1.1210236549377441
9,835,0.16084448993206024,1.1138191223144531
9,836,0.09973718971014023,1.1169333457946777
9,837,0.10111489146947861,1.1174826622009277
9,838,0.12421200424432755,1.1174826622009277
9,839,0.1349271833896637,1.1210236549377441
9,840,0.08156708627939224,1.1141242980957031
9,841,0.1929166615009308,1.115464210510254
9,842,0.11725401878356934,1.114609718322754
9,843,0.11358777433633804,1.114609718322754
9,844,0.13295195996761322,1.114609718322754
9,845,0.16368059813976288,1.1169333457946777
9,846,0.09307312965393066,1.1147346496582031
9,847,0.10713725537061691,1.1207795143127441
9,848,0.13122142851352692,1.1207795143127441
9,849,0.06338363885879517,1.1174826622009277
9,850,0.08184795826673508,1.1060056686401367
9,851,0.10682247579097748,1.100755214691162
9,852,0.3896353244781494,1.1174826622009277
9,853,0.12344109266996384,1.1060056686401367
9,854,0.11377736181020737,1.1060056686401367
9,855,0.26540398597717285,1.1158957481384277
9,856,0.34401458501815796,0.9814605712890625
10,1,0.04123277589678764,1.1138191223144531
10,2,0.13505642116069794,1.1169333457946777
10,3,0.029285261407494545,1.1147346496582031
10,4,0.056049954146146774,1.1147346496582031
10,5,0.05502507835626602,1.1174826622009277
10,6,0.09579755365848541,1.1168723106384277
10,7,0.08126846700906754,1.1130256652832031
10,8,0.03290609270334244,1.1207795143127441
10,9,0.05973736569285393,1.1207795143127441
10,10,0.10576097667217255,1.1174826622009277
10,11,0.1255822330713272,1.1060056686401367
10,12,0.032058488577604294,1.1060056686401367
10,13,0.1331404745578766,1.1140022277832031
10,14,0.11050611734390259,1.1210236549377441
10,15,0.07755260169506073,1.0980076789855957
10,16,0.08562798798084259,1.1174826622009277
10,17,0.11500249058008194,1.1147346496582031
10,18,0.07327459752559662,1.1147346496582031
10,19,0.0662001520395279,1.1060056686401367
10,20,0.051126547157764435,1.1207795143127441
10,21,0.1286342442035675,1.1166281700134277
10,22,0.03074691630899906,1.099534511566162
10,23,0.03003963641822338,1.1210236549377441
10,24,0.126652330160141,1.1174826622009277
10,25,0.05019938945770264,1.099534511566162
10,26,0.09196411818265915,1.1176047325134277
10,27,0.03483645245432854,1.099534511566162
10,28,0.033752620220184326,1.1210236549377441
10,29,0.037846002727746964,1.1138191223144531
10,30,0.07865966856479645,1.1169333457946777
10,31,0.10318437218666077,1.1060056686401367
10,32,0.07406120747327805,1.100755214691162
10,33,0.126445934176445,1.1207795143127441
10,34,0.08134756982326508,1.1207795143127441
10,35,0.07759298384189606,1.1174826622009277
10,36,0.05911923572421074,1.1060056686401367
10,37,0.11218457669019699,1.1167502403259277
10,38,0.02856622263789177,1.1066770553588867
10,39,0.06453545391559601,1.1167502403259277
10,40,0.04667767509818077,1.1138801574707031
10,41,0.08782419562339783,1.1174826622009277
10,42,0.03919020667672157,1.099534511566162
10,43,0.08172208070755005,1.1210236549377441
10,44,0.1371242254972458,1.1210236549377441
10,45,0.09848616272211075,1.1210236549377441
10,46,0.10853543132543564,1.1210236549377441
10,47,0.11769052594900131,1.1210236549377441
10,48,0.045981984585523605,1.1060056686401367
10,49,0.030166931450366974,1.1060056686401367
10,50,0.1038326770067215,1.1140022277832031
10,51,0.10463549196720123,1.1210236549377441
10,52,0.04432781785726547,1.1210236549377441
10,53,0.021104304119944572,1.1138191223144531
10,54,0.08833331614732742,1.1138191223144531
10,55,0.05346367508172989,1.1138191223144531
10,56,0.06010990962386131,1.1060056686401367
10,57,0.03709212318062782,1.1167502403259277
10,58,0.042384419590234756,1.1174826622009277
10,59,0.06889387220144272,1.1210236549377441
10,60,0.051773685961961746,1.1210236549377441
10,61,0.06837134808301926,1.1166281700134277
10,62,0.11477600783109665,1.1166281700134277
10,63,0.043357979506254196,1.1146125793457031
10,64,0.12135817110538483,1.1148262023925781
10,65,0.06113744154572487,1.1058835983276367
10,66,0.1287011057138443,1.1158957481384277
10,67,0.05557633936405182,1.1138801574707031
10,68,0.04966611787676811,1.1174826622009277
10,69,0.04507889226078987,1.1210236549377441
10,70,0.022377748042345047,1.1141242980957031
10,71,0.07707513123750687,1.1174826622009277
10,72,0.06435001641511917,1.1174826622009277
10,73,0.045651402324438095,1.1060056686401367
10,74,0.06019469350576401,1.100755214691162
10,75,0.1438627392053604,1.0980076789855957
10,76,0.07472923398017883,1.1207795143127441
10,77,0.08870827406644821,1.1207795143127441
10,78,0.08403177559375763,1.1207795143127441
10,79,0.02382589317858219,1.1060056686401367
10,80,0.027113160118460655,1.0980076789855957
10,81,0.11246712505817413,1.1207795143127441
10,82,0.049168966710567474,1.1138191223144531
10,83,0.1157909408211708,1.1212677955627441
10,84,0.015435952693223953,1.099534511566162
10,85,0.1337561309337616,1.1146736145019531
10,86,0.14938977360725403,1.1146736145019531
10,87,0.06068972498178482,1.1138191223144531
10,88,0.11592720448970795,1.1169333457946777
10,89,0.024803010746836662,1.1147346496582031
10,90,0.032647375017404556,1.1147346496582031
10,91,0.16224323213100433,1.1207795143127441
10,92,0.12222681939601898,1.1060056686401367
10,93,0.08942333608865738,1.0980076789855957
10,94,0.07537832111120224,1.1207795143127441
10,95,0.04379994422197342,1.1174826622009277
10,96,0.10783594101667404,1.1174826622009277
10,97,0.023394426330924034,1.1210236549377441
10,98,0.05842757970094681,1.1166281700134277
10,99,0.06527083367109299,1.1216950416564941
10,100,0.05724969506263733,1.1144905090332031
10,101,0.0650111511349678,1.1144905090332031
10,102,0.1148584708571434,1.1066770553588867
10,103,0.04632079228758812,1.1167502403259277
10,104,0.026070160791277885,1.1138801574707031
10,105,0.06247755512595177,1.100755214691162
10,106,0.10396117717027664,1.1174826622009277
10,107,0.07435555011034012,1.1174826622009277
10,108,0.05914343520998955,1.1060056686401367
10,109,0.04639773815870285,1.1060056686401367
10,110,0.06476715207099915,1.1167502403259277
10,111,0.10632447898387909,1.1066770553588867
10,112,0.03820231929421425,1.1167502403259277
10,113,0.0755564495921135,1.1066770553588867
10,114,0.027490250766277313,1.1207795143127441
10,115,0.032913848757743835,1.1166281700134277
10,116,0.09172239899635315,1.1058835983276367
10,117,0.04865202307701111,1.1207795143127441
10,118,0.04300576075911522,1.1138191223144531
10,119,0.0918988287448883,1.1212677955627441
10,120,0.043619994074106216,1.1174826622009277
10,121,0.06268659234046936,1.1138801574707031
10,122,0.06026672199368477,1.1060056686401367
10,123,0.13652248680591583,1.1167502403259277
10,124,0.14047443866729736,1.1210236549377441
10,125,0.07785831391811371,1.1141242980957031
10,126,0.04713979363441467,1.115464210510254
10,127,0.10116259008646011,1.1169333457946777
10,128,0.07508190721273422,1.1174826622009277
10,129,0.08133558183908463,1.1174826622009277
10,130,0.047019410878419876,1.1138801574707031
10,131,0.056389328092336655,1.1174826622009277
10,132,0.07444438338279724,1.1168723106384277
10,133,0.029437370598316193,1.1130256652832031
10,134,0.1413281112909317,1.1147346496582031
10,135,0.036431897431612015,1.1060056686401367
10,136,0.14886197447776794,1.1167502403259277
10,137,0.22694088518619537,1.1210236549377441
10,138,0.1319359838962555,1.1166281700134277
10,139,0.16402846574783325,1.1146125793457031
10,140,0.11227700114250183,1.1210236549377441
10,141,0.11361672729253769,1.1138191223144531
10,142,0.06463039666414261,1.1169333457946777
10,143,0.13136249780654907,1.1210236549377441
10,144,0.09922877699136734,1.1138191223144531
10,145,0.09813182055950165,1.1212677955627441
10,146,0.10346556454896927,1.1174826622009277
10,147,0.14530345797538757,1.1138801574707031
10,148,0.05608999356627464,1.1207795143127441
10,149,0.08061738312244415,1.1138191223144531
10,150,0.08655878901481628,1.1212677955627441
10,151,0.022832175716757774,1.1174826622009277
10,152,0.05860879644751549,1.1060056686401367
10,153,0.0730433389544487,1.1167502403259277
10,154,0.12311118841171265,1.1174826622009277
10,155,0.16094617545604706,1.1174826622009277
10,156,0.02619725652039051,1.1138801574707031
10,157,0.08174493908882141,1.100755214691162
10,158,0.021388711407780647,1.1140022277832031
10,159,0.05863571539521217,1.1169333457946777
10,160,0.062249213457107544,1.1060056686401367
10,161,0.07596470415592194,1.1207795143127441
10,162,0.04046681523323059,1.1207795143127441
10,163,0.04768449068069458,1.1166281700134277
10,164,0.053130604326725006,1.1216950416564941
10,165,0.04990541562438011,1.1216950416564941
10,166,0.0477495938539505,1.1181540489196777
10,167,0.028903979808092117,1.1066770553588867
10,168,0.04385390877723694,1.1167502403259277
10,169,0.1498328447341919,1.1168723106384277
10,170,0.10714518278837204,1.1066770553588867
10,171,0.0698275938630104,1.1207795143127441
10,172,0.13663317263126373,1.1166281700134277
10,173,0.1061292216181755,1.1166281700134277
10,174,0.10615631937980652,1.1146125793457031
10,175,0.07514731585979462,1.1148262023925781
10,176,0.04162808507680893,1.099534511566162
10,177,0.07824230194091797,1.1056394577026367
10,178,0.10441470146179199,1.1140022277832031
10,179,0.08469685167074203,1.1169333457946777
10,180,0.23858706653118134,1.099534511566162
10,181,0.09950635582208633,1.1146736145019531
10,182,0.14608511328697205,1.1212677955627441
10,183,0.13135015964508057,1.1210236549377441
10,184,0.04566492512822151,1.1060056686401367
10,185,0.12531302869319916,1.1140022277832031
10,186,0.05318902060389519,1.1210236549377441
10,187,0.03156883269548416,1.1174826622009277
10,188,0.06808258593082428,1.1174826622009277
10,189,0.16439233720302582,1.099534511566162
10,190,0.08489789068698883,1.1146736145019531
10,191,0.02855711057782173,1.1169333457946777
10,192,0.05573856830596924,1.099534511566162
10,193,0.039991822093725204,1.1146736145019531
10,194,0.04948708415031433,1.1169333457946777
10,195,0.05198456346988678,1.1060056686401367
10,196,0.07570531964302063,1.1140022277832031
10,197,0.09092745929956436,1.1169333457946777
10,198,0.053082387894392014,1.1174826622009277
10,199,0.056935302913188934,1.1138801574707031
10,200,0.07374322414398193,1.1207795143127441
10,201,0.1400686502456665,1.1138191223144531
10,202,0.0701334998011589,1.1138191223144531
10,203,0.15386998653411865,1.0980076789855957
10,204,0.03564337641000748,1.1146736145019531
10,205,0.043628446757793427,1.1146736145019531
10,206,0.1590028703212738,1.1060056686401367
10,207,0.0575043186545372,1.1140022277832031
10,208,0.12702809274196625,1.099534511566162
10,209,0.07541028410196304,1.1210236549377441
10,210,0.06567071378231049,1.1174826622009277
10,211,0.05928611382842064,1.1174826622009277
10,212,0.05049894005060196,1.1174826622009277
10,213,0.06852949410676956,1.1174826622009277
10,214,0.0772424265742302,1.1138801574707031
10,215,0.06665953993797302,1.1060056686401367
10,216,0.07025984674692154,1.1207795143127441
10,217,0.09045630693435669,1.1207795143127441
10,218,0.05275208503007889,1.1166281700134277
10,219,0.06253224611282349,1.1166281700134277
10,220,0.08097170293331146,1.1166281700134277
10,221,0.05122368410229683,1.1216950416564941
10,222,0.11785934865474701,1.1181540489196777
10,223,0.05470659211277962,1.1216950416564941
10,224,0.042140014469623566,1.1181540489196777
10,225,0.04272429272532463,1.1181540489196777
10,226,0.05192922428250313,1.1181540489196777
10,227,0.06898794323205948,1.1181540489196777
10,228,0.045561060309410095,1.1216950416564941
10,229,0.1103774681687355,1.1144905090332031
10,230,0.043358393013477325,1.101426601409912
10,231,0.03119688108563423,1.1140022277832031
10,232,0.08264868706464767,1.099534511566162
10,233,0.059721775352954865,1.1210236549377441
10,234,0.13847853243350983,1.1060056686401367
10,235,0.07201853394508362,1.1158957481384277
10,236,0.0842699259519577,1.099534511566162
10,237,0.11143375933170319,1.1210236549377441
10,238,0.10756633430719376,1.1138191223144531
10,239,0.08271490782499313,1.1169333457946777
10,240,0.09775595366954803,1.1210236549377441
10,241,0.09119518101215363,1.1210236549377441
10,242,0.06991793215274811,1.1138191223144531
10,243,0.05947129800915718,1.1169333457946777
10,244,0.08399343490600586,1.1174826622009277
10,245,0.1523464471101761,1.1174826622009277
10,246,0.03905894607305527,1.1066770553588867
10,247,0.09203525632619858,1.1207795143127441
10,248,0.12081380188465118,1.1140022277832031
10,249,0.11870310455560684,1.115464210510254
10,250,0.1517600268125534,1.1212677955627441
10,251,0.06285660713911057,1.1138191223144531
10,252,0.03326120227575302,1.1169333457946777
10,253,0.053342919796705246,1.1147346496582031
10,254,0.10867606848478317,1.1174826622009277
10,255,0.04255437105894089,1.1168723106384277
10,256,0.04914821684360504,1.099534511566162
10,257,0.016359560191631317,1.1146736145019531
10,258,0.08422691375017166,1.1212677955627441
10,259,0.022601095959544182,1.1210236549377441
10,260,0.19041551649570465,1.1138191223144531
10,261,0.03394782170653343,1.1169333457946777
10,262,0.10071367025375366,1.1174826622009277
10,263,0.04395362734794617,1.1138801574707031
10,264,0.07727281749248505,1.1147346496582031
10,265,0.091202013194561,1.1174826622009277
10,266,0.055345986038446426,1.1168723106384277
10,267,0.037462301552295685,1.1130256652832031
10,268,0.11486100405454636,1.1060056686401367
10,269,0.0281627606600523,1.1167502403259277
10,270,0.01903538778424263,1.1210236549377441
10,271,0.07440074533224106,1.1166281700134277
10,272,0.03576704114675522,1.099534511566162
10,273,0.050118520855903625,1.1146736145019531
10,274,0.15449701249599457,1.1146736145019531
10,275,0.053827639669179916,1.1212677955627441
10,276,0.07426539063453674,1.1210236549377441
10,277,0.09681960195302963,1.1138191223144531
10,278,0.05179152265191078,1.1169333457946777
10,279,0.08538395166397095,1.1210236549377441
10,280,0.06434447318315506,1.1174826622009277
10,281,0.027695292606949806,1.1174826622009277
10,282,0.117494598031044,1.1138801574707031
10,283,0.11094698309898376,1.1147346496582031
10,284,0.1657649278640747,1.1174826622009277
10,285,0.048373036086559296,1.1168723106384277
10,286,0.10907875001430511,1.1130256652832031
10,287,0.04385070502758026,1.1174826622009277
10,288,0.16327540576457977,1.1168723106384277
10,289,0.04271281138062477,1.1168723106384277
10,290,0.11309530586004257,1.1130256652832031
10,291,0.05283885821700096,1.1207795143127441
10,292,0.04432447999715805,1.099534511566162
10,293,0.055036138743162155,1.1174826622009277
10,294,0.08255720883607864,1.1060056686401367
10,295,0.075874924659729,1.1207795143127441
10,296,0.09412166476249695,1.1063079833984375
10,297,0.08289765566587448,1.1146736145019531
10,298,0.13282109797000885,1.1212677955627441
10,299,0.06805260479450226,1.1174826622009277
10,300,0.13631384074687958,1.1060056686401367
10,301,0.08395154774188995,1.1207795143127441
10,302,0.05033692717552185,1.1166281700134277
10,303,0.01682688109576702,1.1058835983276367
10,304,0.15659654140472412,1.1207795143127441
10,305,0.04969125613570213,1.1166281700134277
10,306,0.0378316193819046,1.1166281700134277
10,307,0.0456111878156662,1.1166281700134277
10,308,0.049377553164958954,1.1146125793457031
10,309,0.03292706236243248,1.099534511566162
10,310,0.1199871376156807,1.1210236549377441
10,311,0.08521024882793427,1.1060056686401367
10,312,0.1387644112110138,1.1060056686401367
10,313,0.092033751308918,1.1158957481384277
10,314,0.17210473120212555,1.1066770553588867
10,315,0.09362886101007462,1.1060056686401367
10,316,0.10886217653751373,1.1207795143127441
10,317,0.08270709216594696,1.1166281700134277
10,318,0.07645291835069656,1.1146125793457031
10,319,0.12692615389823914,1.1160788536071777
10,320,0.06780119985342026,1.1168723106384277
10,321,0.06900722533464432,1.1130256652832031
10,322,0.2522121071815491,1.1060056686401367
10,323,0.057170722633600235,1.1140022277832031
10,324,0.11339811235666275,1.1169333457946777
10,325,0.07532481104135513,1.1147346496582031
10,326,0.08724412322044373,1.100755214691162
10,327,0.017496149986982346,1.1174826622009277
10,328,0.035312507301568985,1.1174826622009277
10,329,0.06215331703424454,1.1174826622009277
10,330,0.17773248255252838,1.1060056686401367
10,331,0.12263660877943039,1.1140022277832031
10,332,0.10631084442138672,1.115464210510254
10,333,0.11381836235523224,1.1212677955627441
10,334,0.15701612830162048,1.1138191223144531
10,335,0.11152783781290054,1.1138191223144531
10,336,0.16229572892189026,1.1212677955627441
10,337,0.08653461188077927,1.1060056686401367
10,338,0.12075576186180115,1.1158957481384277
10,339,0.10488297790288925,1.1066770553588867
10,340,0.1001085564494133,1.1167502403259277
10,341,0.09263060241937637,1.1210236549377441
10,342,0.02135259099304676,1.099534511566162
10,343,0.06400397419929504,1.1207795143127441
10,344,0.12855763733386993,1.1207795143127441
10,345,0.08241395652294159,1.1207795143127441
10,346,0.18186458945274353,1.100755214691162
10,347,0.028944989666342735,1.1174826622009277
10,348,0.07932385057210922,1.1147346496582031
10,349,0.1967465579509735,1.1207795143127441
10,350,0.1051093265414238,1.1174826622009277
10,351,0.15584233403205872,1.1147346496582031
10,352,0.054482243955135345,1.1147346496582031
10,353,0.10783220827579498,1.1207795143127441
10,354,0.2133968323469162,1.099534511566162
10,355,0.043632566928863525,1.1060056686401367
10,356,0.07108818739652634,1.1207795143127441
10,357,0.037779953330755234,1.1166281700134277
10,358,0.17745548486709595,1.1216950416564941
10,359,0.13154739141464233,1.100205898284912
10,360,0.0446954108774662,1.1174826622009277
10,361,0.14859530329704285,1.1147346496582031
10,362,0.18293334543704987,1.100755214691162
10,363,0.0611749067902565,1.1140022277832031
10,364,0.10459102690219879,1.114609718322754
10,365,0.17584386467933655,1.1169333457946777
10,366,0.09430322051048279,1.1174826622009277
10,367,0.06836161017417908,1.1210236549377441
10,368,0.060492660850286484,1.1141242980957031
10,369,0.055750954896211624,1.115464210510254
10,370,0.035901810973882675,1.1212677955627441
10,371,0.04056602343916893,1.1174826622009277
10,372,0.07134370505809784,1.1174826622009277
10,373,0.052259545773267746,1.1210236549377441
10,374,0.1244017705321312,1.1166281700134277
10,375,0.1240743026137352,1.1146125793457031
10,376,0.12218812853097916,1.1160788536071777
10,377,0.10839597880840302,1.1168723106384277
10,378,0.051205191761255264,1.1066770553588867
10,379,0.1281127631664276,1.1207795143127441
10,380,0.08333530277013779,1.1140022277832031
10,381,0.08170875161886215,1.1210236549377441
10,382,0.03666019067168236,1.1210236549377441
10,383,0.10545526444911957,1.1210236549377441
10,384,0.031224003061652184,1.1060056686401367
10,385,0.04171837121248245,1.1158957481384277
10,386,0.08412950485944748,1.1138801574707031
10,387,0.20573540031909943,1.1174826622009277
10,388,0.11061345785856247,1.1168723106384277
10,389,0.07647749781608582,1.1168723106384277
10,390,0.10347720235586166,1.1168723106384277
10,391,0.08310560882091522,1.1168723106384277
10,392,0.06243853643536568,1.1130256652832031
10,393,0.08141889423131943,1.1147346496582031
10,394,0.11650670319795609,1.1207795143127441
10,395,0.1641995906829834,1.1207795143127441
10,396,0.07444413751363754,1.1174826622009277
10,397,0.037657737731933594,1.1174826622009277
10,398,0.05279335379600525,1.1210236549377441
10,399,0.04560720548033714,1.1166281700134277
10,400,0.13185028731822968,1.1146125793457031
10,401,0.03960556536912918,1.1058835983276367
10,402,0.028253214433789253,1.1207795143127441
10,403,0.06418830901384354,1.1138191223144531
10,404,0.11008957773447037,1.1138191223144531
10,405,0.030496684834361076,1.1169333457946777
10,406,0.09883276373147964,1.1147346496582031
10,407,0.04311717301607132,1.1147346496582031
10,408,0.08087311685085297,1.1207795143127441
10,409,0.15404850244522095,1.1207795143127441
10,410,0.08911105245351791,1.1060056686401367
10,411,0.10097157210111618,1.100755214691162
10,412,0.12895196676254272,1.1063079833984375
10,413,0.06912580877542496,1.1207795143127441
10,414,0.07259483635425568,1.1166281700134277
10,415,0.06923730671405792,1.1146125793457031
10,416,0.06455684453248978,1.1210236549377441
10,417,0.05654972046613693,1.1138191223144531
10,418,0.0607718788087368,1.100755214691162
10,419,0.20255179703235626,1.1174826622009277
10,420,0.04687654599547386,1.1060056686401367
10,421,0.05675816163420677,1.1167502403259277
10,422,0.03960290551185608,1.1138801574707031
10,423,0.05132849141955376,1.100755214691162
10,424,0.03903945907950401,1.1174826622009277
10,425,0.08183704316616058,1.1174826622009277
10,426,0.2718263268470764,1.1174826622009277
10,427,0.08983913064002991,1.1174826622009277
10,428,0.1431056559085846,1.1210236549377441
10,429,0.10743772983551025,1.1060056686401367
10,430,0.14834488928318024,1.100755214691162
10,431,0.05260835215449333,1.1207795143127441
10,432,0.062114883214235306,1.1174826622009277
10,433,0.07018464058637619,1.1060056686401367
10,434,0.08718153089284897,1.1140022277832031
10,435,0.07949212193489075,1.115464210510254
10,436,0.08151805400848389,1.100755214691162
10,437,0.04539917781949043,1.1207795143127441
10,438,0.18655914068222046,1.1207795143127441
10,439,0.1553919017314911,1.1174826622009277
10,440,0.14013108611106873,1.1147346496582031
10,441,0.17281588912010193,1.1147346496582031
10,442,0.1932307630777359,1.1060056686401367
10,443,0.19660404324531555,1.1207795143127441
10,444,0.11840513348579407,1.1166281700134277
10,445,0.22196604311466217,1.1146125793457031
10,446,0.07657017558813095,1.1210236549377441
10,447,0.16336914896965027,1.1138191223144531
10,448,0.23246042430400848,1.1060056686401367
10,449,0.05544063821434975,1.1060056686401367
10,450,0.08502575010061264,1.1207795143127441
10,451,0.0724661648273468,1.1140022277832031
10,452,0.13876697421073914,1.1060056686401367
10,453,0.12342378497123718,1.1167502403259277
10,454,0.06428766250610352,1.1066770553588867
10,455,0.06261270493268967,1.1167502403259277
10,456,0.03265269100666046,1.1168723106384277
10,457,0.1222475916147232,1.1210236549377441
10,458,0.04732993617653847,1.1166281700134277
10,459,0.04648137092590332,1.1166281700134277
10,460,0.16589555144309998,1.1166281700134277
10,461,0.061864521354436874,1.1146125793457031
10,462,0.06316965073347092,1.1148262023925781
10,463,0.06308911740779877,1.1058835983276367
10,464,0.031115934252738953,1.1146736145019531
10,465,0.06281217932701111,1.1146736145019531
10,466,0.0705953985452652,1.1169333457946777
10,467,0.03774476423859596,1.1210236549377441
10,468,0.0945519208908081,1.1174826622009277
10,469,0.04463440552353859,1.1210236549377441
10,470,0.1883680373430252,1.1060056686401367
10,471,0.09858851134777069,1.1060056686401367
10,472,0.050782833248376846,1.1140022277832031
10,473,0.0500393770635128,1.115464210510254
10,474,0.051820579916238785,1.1169333457946777
10,475,0.04547505080699921,1.1147346496582031
10,476,0.045393526554107666,1.1174826622009277
10,477,0.0904894471168518,1.1168723106384277
10,478,0.06386488676071167,1.1066770553588867
10,479,0.15006564557552338,1.1167502403259277
10,480,0.13179318606853485,1.1138801574707031
10,481,0.21034272015094757,1.1176047325134277
10,482,0.10894956439733505,1.1060056686401367
10,483,0.05967273563146591,1.1140022277832031
10,484,0.21864789724349976,1.1060056686401367
10,485,0.04879032447934151,1.1167502403259277
10,486,0.09642767161130905,1.1210236549377441
10,487,0.04845438525080681,1.1166281700134277
10,488,0.07345263659954071,1.099534511566162
10,489,0.07460113614797592,1.1146736145019531
10,490,0.2022780179977417,1.1060056686401367
10,491,0.03886721655726433,1.1167502403259277
10,492,0.18647676706314087,1.1174826622009277
10,493,0.20100094377994537,1.1138801574707031
10,494,0.023274466395378113,1.1060056686401367
10,495,0.08843597769737244,1.1060056686401367
10,496,0.12599869072437286,1.1167502403259277
10,497,0.0654342845082283,1.1174826622009277
10,498,0.09763609617948532,1.1066770553588867
10,499,0.19900940358638763,1.1167502403259277
10,500,0.04625118896365166,1.099534511566162
10,501,0.059643760323524475,1.1056394577026367
10,502,0.15048910677433014,1.1140022277832031
10,503,0.10042630881071091,1.1060056686401367
10,504,0.03204391524195671,1.1167502403259277
10,505,0.1355569213628769,1.1174826622009277
10,506,0.06077137589454651,1.1174826622009277
10,507,0.06464145332574844,1.099534511566162
10,508,0.12213074415922165,1.0980076789855957
10,509,0.12946456670761108,1.1146736145019531
10,510,0.12881626188755035,1.100755214691162
10,511,0.15816910564899445,1.100755214691162
10,512,0.0506276972591877,1.1174826622009277
10,513,0.08550132066011429,1.1210236549377441
10,514,0.0499425008893013,1.1060056686401367
10,515,0.1600271612405777,1.1140022277832031
10,516,0.05253428965806961,1.115464210510254
10,517,0.07757697999477386,1.1169333457946777
10,518,0.07107926160097122,1.1147346496582031
10,519,0.045846857130527496,1.1147346496582031
10,520,0.12582576274871826,1.0980076789855957
10,521,0.11087226867675781,1.1174826622009277
10,522,0.05183498188853264,1.1060056686401367
10,523,0.06925980001688004,1.1140022277832031
10,524,0.08576541393995285,1.1060056686401367
10,525,0.023624185472726822,1.1207795143127441
10,526,0.149974524974823,1.1207795143127441
10,527,0.10746577382087708,1.1207795143127441
10,528,0.04653274267911911,1.1207795143127441
10,529,0.056055404245853424,1.1166281700134277
10,530,0.19831189513206482,1.1146125793457031
10,531,0.14404793083667755,1.0925102233886719
10,532,0.039798472076654434,1.1174826622009277
10,533,0.08588914573192596,1.1210236549377441
10,534,0.14138251543045044,1.1060056686401367
10,535,0.09125969558954239,1.1158957481384277
10,536,0.06670160591602325,1.1174826622009277
10,537,0.09626986086368561,1.1174826622009277
10,538,0.05212179198861122,1.1174826622009277
10,539,0.09229926764965057,1.1138801574707031
10,540,0.06769952178001404,1.1207795143127441
10,541,0.10166092216968536,1.1174826622009277
10,542,0.05911300703883171,1.1060056686401367
10,543,0.1010049507021904,1.1140022277832031
10,544,0.12931689620018005,1.1169333457946777
10,545,0.040540680289268494,1.1174826622009277
10,546,0.04575954005122185,1.099534511566162
10,547,0.08853945881128311,1.1210236549377441
10,548,0.06857126951217651,1.1174826622009277
10,549,0.14747917652130127,1.1210236549377441
10,550,0.07812143117189407,1.1060056686401367
10,551,0.06968457251787186,1.1140022277832031
10,552,0.06625183671712875,1.1169333457946777
10,553,0.08428483456373215,1.1210236549377441
10,554,0.09818296134471893,1.1174826622009277
10,555,0.11052411049604416,1.1147346496582031
10,556,0.07998472452163696,1.1174826622009277
10,557,0.10950116068124771,1.1058225631713867
10,558,0.08947192132472992,1.1158957481384277
10,559,0.1123918667435646,1.1138801574707031
10,560,0.05913615971803665,1.1207795143127441
10,561,0.09197195619344711,1.1174826622009277
10,562,0.048924531787633896,1.1060056686401367
10,563,0.19077400863170624,1.1207795143127441
10,564,0.17071135342121124,1.1140022277832031
10,565,0.1603512167930603,1.1060056686401367
10,566,0.12608394026756287,1.1140022277832031
10,567,0.21381111443042755,1.1169333457946777
10,568,0.1335477977991104,1.1147346496582031
10,569,0.061738401651382446,1.1174826622009277
10,570,0.07739511132240295,1.1168723106384277
10,571,0.14512993395328522,1.1066770553588867
10,572,0.11814139038324356,1.1207795143127441
10,573,0.1267714947462082,1.1140022277832031
10,574,0.06107184290885925,1.0980076789855957
10,575,0.07837344706058502,1.1146736145019531
10,576,0.07772605121135712,1.1169333457946777
10,577,0.04385834187269211,1.099534511566162
10,578,0.14887748658657074,1.1174826622009277
10,579,0.21071948111057281,1.1210236549377441
10,580,0.1049915999174118,1.1060056686401367
10,581,0.03573286160826683,1.1158957481384277
10,582,0.08565478026866913,1.1174826622009277
10,583,0.10789792984724045,1.1066770553588867
10,584,0.1792023479938507,1.1140022277832031
10,585,0.04605649411678314,1.1060056686401367
10,586,0.07443363219499588,1.1140022277832031
10,587,0.052860744297504425,1.1060056686401367
10,588,0.20300257205963135,1.1140022277832031
10,589,0.034642014652490616,1.1169333457946777
10,590,0.07188837230205536,1.1210236549377441
10,591,0.07861563563346863,1.1210236549377441
10,592,0.2732369303703308,1.1174826622009277
10,593,0.12600526213645935,1.1210236549377441
10,594,0.09951073676347733,1.1138191223144531
10,595,0.03430108353495598,1.1169333457946777
10,596,0.13669927418231964,1.1060056686401367
10,597,0.09202957153320312,1.1167502403259277
10,598,0.05835844576358795,1.1138801574707031
10,599,0.07552774995565414,1.1207795143127441
10,600,0.1302906572818756,1.1174826622009277
10,601,0.054008834064006805,1.1174826622009277
10,602,0.09872283041477203,1.1174826622009277
10,603,0.06456714868545532,1.1174826622009277
10,604,0.061780426651239395,1.1210236549377441
10,605,0.14117613434791565,1.0925102233886719
10,606,0.051912255585193634,1.1060056686401367
10,607,0.03994886204600334,1.100755214691162
10,608,0.10521748661994934,1.1063079833984375
10,609,0.19084432721138,1.1060056686401367
10,610,0.1629614531993866,1.1140022277832031
10,611,0.12803497910499573,1.1060056686401367
10,612,0.33333948254585266,1.1167502403259277
10,613,0.07759410887956619,1.1174826622009277
10,614,0.11440654844045639,1.1174826622009277
10,615,0.19809645414352417,1.1174826622009277
10,616,0.0985088050365448,1.1174826622009277
10,617,0.1693613976240158,1.1138801574707031
10,618,0.10886625200510025,1.1207795143127441
10,619,0.1532519906759262,1.099534511566162
10,620,0.11477696150541306,1.1174826622009277
10,621,0.08969322592020035,1.1060056686401367
10,622,0.12373202294111252,1.1167502403259277
10,623,0.07428959757089615,1.1066770553588867
10,624,0.023725124076008797,1.1140022277832031
10,625,0.06702487915754318,1.1210236549377441
10,626,0.11497657746076584,1.1210236549377441
10,627,0.08122318238019943,1.1174826622009277
10,628,0.1769583821296692,1.1147346496582031
10,629,0.12298541516065598,1.1174826622009277
10,630,0.08885782212018967,1.1147041320800781
10,631,0.2126198709011078,1.1174826622009277
10,632,0.0842004269361496,1.1138801574707031
10,633,0.14206869900226593,1.1174826622009277
10,634,0.07249122858047485,1.1147041320800781
10,635,0.08281455934047699,1.1174826622009277
10,636,0.06826234608888626,1.1174826622009277
10,637,0.044533394277095795,1.1174826622009277
10,638,0.07525496184825897,1.1138801574707031
10,639,0.045493412762880325,1.1174826622009277
10,640,0.14831505715847015,1.1210236549377441
10,641,0.14127512276172638,1.1166281700134277
10,642,0.0626598447561264,1.1216950416564941
10,643,0.14398054778575897,1.1216950416564941
10,644,0.1103796660900116,1.1181540489196777
10,645,0.20542074739933014,1.1154060363769531
10,646,0.04364527389407158,1.1207795143127441
10,647,0.2184794396162033,1.099534511566162
10,648,0.07368544489145279,1.1207795143127441
10,649,0.09884936362504959,1.1207795143127441
10,650,0.12560513615608215,1.1174826622009277
10,651,0.10001543164253235,1.1147346496582031
10,652,0.0708390325307846,1.1060056686401367
10,653,0.13148261606693268,1.1167502403259277
10,654,0.0944955050945282,1.1174826622009277
10,655,0.07728786766529083,1.1174826622009277
10,656,0.08836846798658371,1.1138801574707031
10,657,0.14781658351421356,1.1060056686401367
10,658,0.11235429346561432,1.1167502403259277
10,659,0.14350548386573792,1.1138801574707031
10,660,0.07780574262142181,1.1174826622009277
10,661,0.24983534216880798,1.1168723106384277
10,662,0.15280532836914062,1.1168723106384277
10,663,0.18487229943275452,1.1130256652832031
10,664,0.04832402989268303,1.1060056686401367
10,665,0.07744196802377701,1.1060056686401367
10,666,0.12298775464296341,1.1060056686401367
10,667,0.2505386769771576,1.1167502403259277
10,668,0.13279053568840027,1.1174826622009277
10,669,0.034546975046396255,1.1210236549377441
10,670,0.06983709335327148,1.1060056686401367
10,671,0.05893533304333687,1.1140022277832031
10,672,0.09078725427389145,1.1210236549377441
10,673,0.09922429174184799,1.1060056686401367
10,674,0.05759439244866371,1.1140022277832031
10,675,0.08767959475517273,1.115464210510254
10,676,0.027745209634304047,1.1060056686401367
10,677,0.05312471091747284,1.1167502403259277
10,678,0.23115575313568115,1.1138801574707031
10,679,0.03365026041865349,1.1174826622009277
10,680,0.04737205430865288,1.1147041320800781
10,681,0.034059446305036545,1.1149482727050781
10,682,0.09097256511449814,1.1060056686401367
10,683,0.1259792149066925,1.1167502403259277
10,684,0.04229555279016495,1.1066770553588867
10,685,0.08860968053340912,1.1207795143127441
10,686,0.07389125972986221,1.1063079833984375
10,687,0.037236008793115616,1.1207795143127441
10,688,0.07602500915527344,1.1166281700134277
10,689,0.07048840820789337,1.1058835983276367
10,690,0.12556806206703186,1.099534511566162
10,691,0.07456699758768082,1.1174826622009277
10,692,0.05340651422739029,1.1174826622009277
10,693,0.07592839747667313,1.1210236549377441
10,694,0.10764477401971817,1.1210236549377441
10,695,0.040016625076532364,1.1141242980957031
10,696,0.07289265096187592,1.1174826622009277
10,697,0.1444578617811203,1.1138801574707031
10,698,0.0960780456662178,1.1147346496582031
10,699,0.03393992409110069,1.1174826622009277
10,700,0.12980711460113525,1.099534511566162
10,701,0.039591047912836075,1.1210236549377441
10,702,0.10581135004758835,1.1210236549377441
10,703,0.16432778537273407,1.1138191223144531
10,704,0.08049266785383224,1.1212677955627441
10,705,0.04679851606488228,1.1174826622009277
10,706,0.12459241598844528,1.1138801574707031
10,707,0.11411336064338684,1.1147346496582031
10,708,0.15963782370090485,1.1174826622009277
10,709,0.1125510185956955,1.1168723106384277
10,710,0.11564650386571884,1.1210236549377441
10,711,0.05385555326938629,1.1166281700134277
10,712,0.058851126581430435,1.1058835983276367
10,713,0.055553097277879715,1.1060056686401367
10,714,0.03933681547641754,1.1167502403259277
10,715,0.25727611780166626,1.1066770553588867
10,716,0.07366728037595749,1.1140022277832031
10,717,0.07271845638751984,1.1169333457946777
10,718,0.11459777504205704,1.1147346496582031
10,719,0.2078181505203247,1.1207795143127441
10,720,0.076398104429245,1.1174826622009277
10,721,0.059200190007686615,1.1210236549377441
10,722,0.12129148840904236,1.1210236549377441
10,723,0.13799028098583221,1.1138191223144531
10,724,0.09829488396644592,1.1138191223144531
10,725,0.06249051168560982,1.100755214691162
10,726,0.049899693578481674,1.1140022277832031
10,727,0.05049906298518181,1.114609718322754
10,728,0.2228437215089798,1.114609718322754
10,729,0.06322251260280609,1.114609718322754
10,730,0.1047092080116272,1.1060056686401367
10,731,0.09377142041921616,1.1207795143127441
10,732,0.04295027628540993,1.1140022277832031
10,733,0.0676928460597992,1.115464210510254
10,734,0.14036375284194946,1.1169333457946777
10,735,0.10285770148038864,1.0980076789855957
10,736,0.03853897750377655,1.1207795143127441
10,737,0.08101366460323334,1.1207795143127441
10,738,0.04638024792075157,1.1060056686401367
10,739,0.1481400579214096,1.1158957481384277
10,740,0.0578564815223217,1.1210236549377441
10,741,0.11378711462020874,1.1060056686401367
10,742,0.09687490016222,1.1158957481384277
10,743,0.05378808081150055,1.1174826622009277
10,744,0.08483252674341202,1.1174826622009277
10,745,0.14059783518314362,1.1174826622009277
10,746,0.2951078712940216,1.1066770553588867
10,747,0.13063809275627136,1.1060056686401367
10,748,0.13852594792842865,1.1167502403259277
10,749,0.10515791177749634,1.1174826622009277
10,750,0.11617078632116318,1.1174826622009277
10,751,0.043803490698337555,1.1210236549377441
10,752,0.08955661207437515,1.1141242980957031
10,753,0.06251015514135361,1.1174826622009277
10,754,0.05569874122738838,1.1210236549377441
10,755,0.1275140345096588,1.1141242980957031
10,756,0.07063815742731094,1.1174826622009277
10,757,0.07141569256782532,1.1174826622009277
10,758,0.061277832835912704,1.1210236549377441
10,759,0.13272741436958313,1.1166281700134277
10,760,0.12866787612438202,1.1166281700134277
10,761,0.0321190319955349,1.099534511566162
10,762,0.0831490010023117,1.1176047325134277
10,763,0.1621449589729309,1.1174826622009277
10,764,0.09981293231248856,1.1210236549377441
10,765,0.13467730581760406,1.1060056686401367
10,766,0.08006977289915085,1.1140022277832031
10,767,0.13795293867588043,1.1169333457946777
10,768,0.10811184346675873,1.1060056686401367
10,769,0.13435593247413635,1.1167502403259277
10,770,0.07597672939300537,1.1210236549377441
10,771,0.10604298859834671,1.1166281700134277
10,772,0.12394458055496216,1.1146125793457031
10,773,0.09670525044202805,1.1058835983276367
10,774,0.10552942007780075,1.1146736145019531
10,775,0.1480412781238556,1.1146736145019531
10,776,0.10671158134937286,1.1169333457946777
10,777,0.1158689558506012,1.1174826622009277
10,778,0.1044752299785614,1.099534511566162
10,779,0.047408804297447205,1.1176047325134277
10,780,0.07272523641586304,1.1174826622009277
10,781,0.09265229105949402,1.1138801574707031
10,782,0.1157015785574913,1.1174826622009277
10,783,0.12332820892333984,1.1210236549377441
10,784,0.03817223757505417,1.1210236549377441
10,785,0.08001843094825745,1.1166281700134277
10,786,0.09197252988815308,1.1216950416564941
10,787,0.11145668476819992,1.1144905090332031
10,788,0.12976638972759247,1.1144905090332031
10,789,0.24686336517333984,1.1212677955627441
10,790,0.044619105756282806,1.1060056686401367
10,791,0.16292093694210052,1.100755214691162
10,792,0.16007354855537415,1.1174826622009277
10,793,0.12979042530059814,1.1060056686401367
10,794,0.07129489630460739,1.0980076789855957
10,795,0.10426267236471176,1.1174826622009277
10,796,0.10139481723308563,1.1210236549377441
10,797,0.2181267887353897,1.1060056686401367
10,798,0.12385427206754684,1.1060056686401367
10,799,0.15977594256401062,1.1158957481384277
10,800,0.09546127915382385,1.1066770553588867
10,801,0.14491493999958038,1.1167502403259277
10,802,0.09274362027645111,1.1066770553588867
10,803,0.10438704490661621,1.1207795143127441
10,804,0.12007268518209457,1.1166281700134277
10,805,0.09976964443922043,1.1146125793457031
10,806,0.057747915387153625,1.1148262023925781
10,807,0.17464442551136017,1.1148262023925781
10,808,0.03486248105764389,1.1162009239196777
10,809,0.058080073446035385,1.1174826622009277
10,810,0.04616967961192131,1.1138801574707031
10,811,0.055996861308813095,1.1147346496582031
10,812,0.10789698362350464,1.1207795143127441
10,813,0.04792557284235954,1.1207795143127441
10,814,0.12907271087169647,1.1138191223144531
10,815,0.08986165374517441,1.1169333457946777
10,816,0.1510583460330963,1.1210236549377441
10,817,0.1529185026884079,1.1210236549377441
10,818,0.09596586227416992,1.1174826622009277
10,819,0.02619292587041855,1.1174826622009277
10,820,0.06787251681089401,1.1174826622009277
10,821,0.12863337993621826,1.1138801574707031
10,822,0.11940756440162659,1.1147346496582031
10,823,0.1460520625114441,1.100755214691162
10,824,0.12130007147789001,1.1174826622009277
10,825,0.06915788352489471,1.1147346496582031
10,826,0.08360715955495834,1.1174826622009277
10,827,0.09559894353151321,1.1058225631713867
10,828,0.03989848122000694,1.1207795143127441
10,829,0.06321283429861069,1.1140022277832031
10,830,0.08225959539413452,1.1169333457946777
10,831,0.17135566473007202,1.1210236549377441
10,832,0.06240823119878769,1.099534511566162
10,833,0.04661747068166733,1.1174826622009277
10,834,0.11000774800777435,1.1174826622009277
10,835,0.11384980380535126,1.099534511566162
10,836,0.0970006212592125,1.1176047325134277
10,837,0.12998066842556,1.1174826622009277
10,838,0.05819487199187279,1.1210236549377441
10,839,0.08423741906881332,1.1210236549377441
10,840,0.05514683574438095,1.1166281700134277
10,841,0.1589522510766983,1.1058835983276367
10,842,0.028810616582632065,1.1207795143127441
10,843,0.029047023504972458,1.1207795143127441
10,844,0.03744931146502495,1.1138191223144531
10,845,0.021776027977466583,1.1169333457946777
10,846,0.09037958085536957,1.1060056686401367
10,847,0.05797668918967247,1.1167502403259277
10,848,0.07623209059238434,1.1138801574707031
10,849,0.04786619171500206,1.1176047325134277
10,850,0.018915141001343727,1.1174826622009277
10,851,0.20129543542861938,1.1174826622009277
10,852,0.03686215355992317,1.1210236549377441
10,853,0.053643666207790375,1.1141242980957031
10,854,0.19562052190303802,1.1060056686401367
10,855,0.07235955446958542,1.1167502403259277
10,856,0.07290726900100708,0.9814605712890625
